2025-11-04 18:53:27,387 | WARNING | logger.py:390 | [TO_DO]  stderr:         ^^^^^^^^^^^^^^^^^^^^^^^^^^^^^^^^^^^^^^^^^
2025-11-04 18:53:27,390 | WARNING | logger.py:390 | [TO_DO]  stderr:         rule_children=rule_children)
2025-11-04 18:53:27,390 | WARNING | logger.py:390 | [TO_DO]  stderr:         ^^^^^^^^^^^^^^^^^^^^^^^^^^^^
2025-11-04 18:53:27,390 | WARNING | logger.py:390 | [TO_DO]  stderr:   File "D:\Python\TO_DO_Kivy\.venv\Lib\site-packages\kivy\uix\widget.py", line 470, in apply_class_lang_rules
2025-11-04 18:53:27,390 | WARNING | logger.py:390 | [TO_DO]  stderr:     Builder.apply(
2025-11-04 18:53:27,390 | WARNING | logger.py:390 | [TO_DO]  stderr:     ~~~~~~~~~~~~~^
2025-11-04 18:53:27,390 | WARNING | logger.py:390 | [TO_DO]  stderr:         self, ignored_consts=ignored_consts,
2025-11-04 18:53:27,390 | WARNING | logger.py:390 | [TO_DO]  stderr:         ^^^^^^^^^^^^^^^^^^^^^^^^^^^^^^^^^^^^
2025-11-04 18:53:27,390 | WARNING | logger.py:390 | [TO_DO]  stderr:         rule_children=rule_children)
2025-11-04 18:53:27,391 | WARNING | logger.py:390 | [TO_DO]  stderr:         ^^^^^^^^^^^^^^^^^^^^^^^^^^^^
2025-11-04 18:53:27,391 | WARNING | logger.py:390 | [TO_DO]  stderr:   File "D:\Python\TO_DO_Kivy\.venv\Lib\site-packages\kivy\lang\builder.py", line 545, in apply
2025-11-04 18:53:27,391 | WARNING | logger.py:390 | [TO_DO]  stderr:     self._apply_rule(
2025-11-04 18:53:27,391 | WARNING | logger.py:390 | [TO_DO]  stderr:     ~~~~~~~~~~~~~~~~^
2025-11-04 18:53:27,391 | WARNING | logger.py:390 | [TO_DO]  stderr:         widget, rule, rule, ignored_consts=ignored_consts,
2025-11-04 18:53:27,391 | WARNING | logger.py:390 | [TO_DO]  stderr:         ^^^^^^^^^^^^^^^^^^^^^^^^^^^^^^^^^^^^^^^^^^^^^^^^^^
2025-11-04 18:53:27,391 | WARNING | logger.py:390 | [TO_DO]  stderr:         rule_children=rule_children)
2025-11-04 18:53:27,391 | WARNING | logger.py:390 | [TO_DO]  stderr:         ^^^^^^^^^^^^^^^^^^^^^^^^^^^^
2025-11-04 18:53:27,391 | WARNING | logger.py:390 | [TO_DO]  stderr:   File "D:\Python\TO_DO_Kivy\.venv\Lib\site-packages\kivy\lang\builder.py", line 714, in _apply_rule
2025-11-04 18:53:27,391 | WARNING | logger.py:390 | [TO_DO]  stderr:     raise BuilderException(rule.ctx, rule.line,
2025-11-04 18:53:27,391 | WARNING | logger.py:390 | [TO_DO]  stderr:                            '{}: {}'.format(e.__class__.__name__,
2025-11-04 18:53:27,391 | WARNING | logger.py:390 | [TO_DO]  stderr:                                            e), cause=tb)
2025-11-04 18:53:27,391 | WARNING | logger.py:390 | [TO_DO]  stderr: kivy.lang.builder.BuilderException: Parser: File "D:\Python\TO_DO_Kivy\kv\screens\settings.kv", line 25:
2025-11-04 18:53:27,391 | WARNING | logger.py:390 | [TO_DO]  stderr: ...
2025-11-04 18:53:27,391 | WARNING | logger.py:390 | [TO_DO]  stderr:      23:    BoxLayout:
2025-11-04 18:53:27,391 | WARNING | logger.py:390 | [TO_DO]  stderr:      24:        orientation: "vertical"
2025-11-04 18:53:27,392 | WARNING | logger.py:390 | [TO_DO]  stderr: >>   25:        spacing: 0, root.height/25
2025-11-04 18:53:27,392 | WARNING | logger.py:390 | [TO_DO]  stderr:      26:        Button_1:
2025-11-04 18:53:27,392 | WARNING | logger.py:390 | [TO_DO]  stderr:      27:            id: ddl_open
2025-11-04 18:53:27,392 | WARNING | logger.py:390 | [TO_DO]  stderr: ...
2025-11-04 18:53:27,392 | WARNING | logger.py:390 | [TO_DO]  stderr: TypeError: Expected unicode, got float
2025-11-04 18:53:27,392 | WARNING | logger.py:390 | [TO_DO]  stderr:   File "D:\Python\TO_DO_Kivy\.venv\Lib\site-packages\kivy\lang\builder.py", line 705, in _apply_rule
2025-11-04 18:53:27,392 | WARNING | logger.py:390 | [TO_DO]  stderr:     setattr(widget_set, key, value)
2025-11-04 18:53:27,392 | WARNING | logger.py:390 | [TO_DO]  stderr:     ~~~~~~~^^^^^^^^^^^^^^^^^^^^^^^^
2025-11-04 18:53:27,392 | WARNING | logger.py:390 | [TO_DO]  stderr:   File "kivy\\weakproxy.pyx", line 35, in kivy.weakproxy.WeakProxy.__setattr__
2025-11-04 18:53:27,392 | WARNING | logger.py:390 | [TO_DO]  stderr:   File "kivy\\properties.pyx", line 520, in kivy.properties.Property.__set__
2025-11-04 18:53:27,392 | WARNING | logger.py:390 | [TO_DO]  stderr:   File "kivy\\properties.pyx", line 549, in kivy.properties.Property.set
2025-11-04 18:53:27,392 | WARNING | logger.py:390 | [TO_DO]  stderr:   File "kivy\\properties.pyx", line 748, in kivy.properties.NumericProperty.convert
2025-11-04 18:53:27,392 | WARNING | logger.py:390 | [TO_DO]  stderr:   File "kivy\\properties.pyx", line 769, in kivy.properties.NumericProperty.parse_list
2025-11-04 18:53:27,392 | WARNING | logger.py:390 | [TO_DO]  stderr: 
2025-11-04 18:55:50,668 | WARNING | config_logger.py:43 | [TO_DO]  Application started with mode: debug
2025-11-04 18:55:52,462 | INFO | base.py:616 | [TO_DO]  Base: Leaving application in progress...
2025-11-04 18:55:52,468 | WARNING | logger.py:390 | [TO_DO]  stderr: Traceback (most recent call last):
2025-11-04 18:55:52,469 | WARNING | logger.py:390 | [TO_DO]  stderr:   File "D:\Python\TO_DO_Kivy\.venv\Lib\site-packages\kivy\lang\builder.py", line 705, in _apply_rule
2025-11-04 18:55:52,469 | WARNING | logger.py:390 | [TO_DO]  stderr:     setattr(widget_set, key, value)
2025-11-04 18:55:52,469 | WARNING | logger.py:390 | [TO_DO]  stderr:     ~~~~~~~^^^^^^^^^^^^^^^^^^^^^^^^
2025-11-04 18:55:52,469 | WARNING | logger.py:390 | [TO_DO]  stderr:   File "kivy\\weakproxy.pyx", line 35, in kivy.weakproxy.WeakProxy.__setattr__
2025-11-04 18:55:52,469 | WARNING | logger.py:390 | [TO_DO]  stderr:   File "kivy\\properties.pyx", line 520, in kivy.properties.Property.__set__
2025-11-04 18:55:52,469 | WARNING | logger.py:390 | [TO_DO]  stderr:   File "kivy\\properties.pyx", line 549, in kivy.properties.Property.set
2025-11-04 18:55:52,469 | WARNING | logger.py:390 | [TO_DO]  stderr:   File "kivy\\properties.pyx", line 748, in kivy.properties.NumericProperty.convert
2025-11-04 18:55:52,469 | WARNING | logger.py:390 | [TO_DO]  stderr:   File "kivy\\properties.pyx", line 769, in kivy.properties.NumericProperty.parse_list
2025-11-04 18:55:52,469 | WARNING | logger.py:390 | [TO_DO]  stderr: TypeError: Expected unicode, got float
2025-11-04 18:55:52,469 | WARNING | logger.py:390 | [TO_DO]  stderr: 
2025-11-04 18:55:52,469 | WARNING | logger.py:390 | [TO_DO]  stderr: During handling of the above exception, another exception occurred:
2025-11-04 18:55:52,469 | WARNING | logger.py:390 | [TO_DO]  stderr: 
2025-11-04 18:55:52,470 | WARNING | logger.py:390 | [TO_DO]  stderr: Traceback (most recent call last):
2025-11-04 18:55:52,471 | WARNING | logger.py:390 | [TO_DO]  stderr:   File "D:\Python\TO_DO_Kivy\main.py", line 71, in <module>
2025-11-04 18:55:52,472 | WARNING | logger.py:390 | [TO_DO]  stderr:     TO_DOApp().run()
2025-11-04 18:55:52,472 | WARNING | logger.py:390 | [TO_DO]  stderr:     ~~~~~~~~~~~~~~^^
2025-11-04 18:55:52,472 | WARNING | logger.py:390 | [TO_DO]  stderr:   File "D:\Python\TO_DO_Kivy\.venv\Lib\site-packages\kivy\app.py", line 956, in run
2025-11-04 18:55:52,472 | WARNING | logger.py:390 | [TO_DO]  stderr:     runTouchApp()
2025-11-04 18:55:52,472 | WARNING | logger.py:390 | [TO_DO]  stderr:     ~~~~~~~~~~~^^
2025-11-04 18:55:52,472 | WARNING | logger.py:390 | [TO_DO]  stderr:   File "D:\Python\TO_DO_Kivy\.venv\Lib\site-packages\kivy\base.py", line 574, in runTouchApp
2025-11-04 18:55:52,472 | WARNING | logger.py:390 | [TO_DO]  stderr:     EventLoop.mainloop()
2025-11-04 18:55:52,472 | WARNING | logger.py:390 | [TO_DO]  stderr:     ~~~~~~~~~~~~~~~~~~^^
2025-11-04 18:55:52,472 | WARNING | logger.py:390 | [TO_DO]  stderr:   File "D:\Python\TO_DO_Kivy\.venv\Lib\site-packages\kivy\base.py", line 339, in mainloop
2025-11-04 18:55:52,472 | WARNING | logger.py:390 | [TO_DO]  stderr:     self.idle()
2025-11-04 18:55:52,472 | WARNING | logger.py:390 | [TO_DO]  stderr:     ~~~~~~~~~^^
2025-11-04 18:55:52,472 | WARNING | logger.py:390 | [TO_DO]  stderr:   File "D:\Python\TO_DO_Kivy\.venv\Lib\site-packages\kivy\base.py", line 379, in idle
2025-11-04 18:55:52,472 | WARNING | logger.py:390 | [TO_DO]  stderr:     Clock.tick()
2025-11-04 18:55:52,472 | WARNING | logger.py:390 | [TO_DO]  stderr:     ~~~~~~~~~~^^
2025-11-04 18:55:52,472 | WARNING | logger.py:390 | [TO_DO]  stderr:   File "D:\Python\TO_DO_Kivy\.venv\Lib\site-packages\kivy\clock.py", line 733, in tick
2025-11-04 18:55:52,473 | WARNING | logger.py:390 | [TO_DO]  stderr:     self.post_idle(ts, self.idle())
2025-11-04 18:55:52,473 | WARNING | logger.py:390 | [TO_DO]  stderr:     ~~~~~~~~~~~~~~^^^^^^^^^^^^^^^^^
2025-11-04 18:55:52,473 | WARNING | logger.py:390 | [TO_DO]  stderr:   File "D:\Python\TO_DO_Kivy\.venv\Lib\site-packages\kivy\clock.py", line 776, in post_idle
2025-11-04 18:55:52,473 | WARNING | logger.py:390 | [TO_DO]  stderr:     self._process_events()
2025-11-04 18:55:52,473 | WARNING | logger.py:390 | [TO_DO]  stderr:     ~~~~~~~~~~~~~~~~~~~~^^
2025-11-04 18:55:52,473 | WARNING | logger.py:390 | [TO_DO]  stderr:   File "kivy\\_clock.pyx", line 620, in kivy._clock.CyClockBase._process_events
2025-11-04 18:55:52,473 | WARNING | logger.py:390 | [TO_DO]  stderr:   File "kivy\\_clock.pyx", line 653, in kivy._clock.CyClockBase._process_events
2025-11-04 18:55:52,473 | WARNING | logger.py:390 | [TO_DO]  stderr:   File "kivy\\_clock.pyx", line 649, in kivy._clock.CyClockBase._process_events
2025-11-04 18:55:52,473 | WARNING | logger.py:390 | [TO_DO]  stderr:   File "kivy\\_clock.pyx", line 218, in kivy._clock.ClockEvent.tick
2025-11-04 18:55:52,473 | WARNING | logger.py:390 | [TO_DO]  stderr:   File "D:\Python\TO_DO_Kivy\screens\splash.py", line 98, in <lambda>
2025-11-04 18:55:52,473 | WARNING | logger.py:390 | [TO_DO]  stderr:     Clock.schedule_once(lambda *_: self.app.load_screens(),0.8)
2025-11-04 18:55:52,473 | WARNING | logger.py:390 | [TO_DO]  stderr:                                    ~~~~~~~~~~~~~~~~~~~~~^^
2025-11-04 18:55:52,473 | WARNING | logger.py:390 | [TO_DO]  stderr:   File "D:\Python\TO_DO_Kivy\main.py", line 66, in load_screens
2025-11-04 18:55:52,473 | WARNING | logger.py:390 | [TO_DO]  stderr:     self.root.add_widget(self.settings())
2025-11-04 18:55:52,473 | WARNING | logger.py:390 | [TO_DO]  stderr:                          ~~~~~~~~~~~~~^^
2025-11-04 18:55:52,473 | WARNING | logger.py:390 | [TO_DO]  stderr:   File "D:\Python\TO_DO_Kivy\.venv\Lib\site-packages\kivy\uix\boxlayout.py", line 145, in __init__
2025-11-04 18:55:52,474 | WARNING | logger.py:390 | [TO_DO]  stderr:     super(BoxLayout, self).__init__(**kwargs)
2025-11-04 18:55:52,474 | WARNING | logger.py:390 | [TO_DO]  stderr:     ~~~~~~~~~~~~~~~~~~~~~~~~~~~~~~~^^^^^^^^^^
2025-11-04 18:55:52,474 | WARNING | logger.py:390 | [TO_DO]  stderr:   File "D:\Python\TO_DO_Kivy\.venv\Lib\site-packages\kivy\uix\relativelayout.py", line 274, in __init__
2025-11-04 18:55:52,474 | WARNING | logger.py:390 | [TO_DO]  stderr:     super(RelativeLayout, self).__init__(**kw)
2025-11-04 18:55:52,474 | WARNING | logger.py:390 | [TO_DO]  stderr:     ~~~~~~~~~~~~~~~~~~~~~~~~~~~~~~~~~~~~^^^^^^
2025-11-04 18:55:52,474 | WARNING | logger.py:390 | [TO_DO]  stderr:   File "D:\Python\TO_DO_Kivy\.venv\Lib\site-packages\kivy\uix\floatlayout.py", line 65, in __init__
2025-11-04 18:55:52,474 | WARNING | logger.py:390 | [TO_DO]  stderr:     super(FloatLayout, self).__init__(**kwargs)
2025-11-04 18:55:52,474 | WARNING | logger.py:390 | [TO_DO]  stderr:     ~~~~~~~~~~~~~~~~~~~~~~~~~~~~~~~~~^^^^^^^^^^
2025-11-04 18:55:52,474 | WARNING | logger.py:390 | [TO_DO]  stderr:   File "D:\Python\TO_DO_Kivy\.venv\Lib\site-packages\kivy\uix\layout.py", line 76, in __init__
2025-11-04 18:55:52,474 | WARNING | logger.py:390 | [TO_DO]  stderr:     super(Layout, self).__init__(**kwargs)
2025-11-04 18:55:52,474 | WARNING | logger.py:390 | [TO_DO]  stderr:     ~~~~~~~~~~~~~~~~~~~~~~~~~~~~^^^^^^^^^^
2025-11-04 18:55:52,474 | WARNING | logger.py:390 | [TO_DO]  stderr:   File "D:\Python\TO_DO_Kivy\.venv\Lib\site-packages\kivy\uix\widget.py", line 366, in __init__
2025-11-04 18:55:52,474 | WARNING | logger.py:390 | [TO_DO]  stderr:     self.apply_class_lang_rules(
2025-11-04 18:55:52,474 | WARNING | logger.py:390 | [TO_DO]  stderr:     ~~~~~~~~~~~~~~~~~~~~~~~~~~~^
2025-11-04 18:55:52,474 | WARNING | logger.py:390 | [TO_DO]  stderr:         ignored_consts=self._kwargs_applied_init,
2025-11-04 18:55:52,475 | WARNING | logger.py:390 | [TO_DO]  stderr:         ^^^^^^^^^^^^^^^^^^^^^^^^^^^^^^^^^^^^^^^^^
2025-11-04 18:55:52,475 | WARNING | logger.py:390 | [TO_DO]  stderr:         rule_children=rule_children)
2025-11-04 18:55:52,475 | WARNING | logger.py:390 | [TO_DO]  stderr:         ^^^^^^^^^^^^^^^^^^^^^^^^^^^^
2025-11-04 18:55:52,475 | WARNING | logger.py:390 | [TO_DO]  stderr:   File "D:\Python\TO_DO_Kivy\.venv\Lib\site-packages\kivy\uix\widget.py", line 470, in apply_class_lang_rules
2025-11-04 18:55:52,475 | WARNING | logger.py:390 | [TO_DO]  stderr:     Builder.apply(
2025-11-04 18:55:52,475 | WARNING | logger.py:390 | [TO_DO]  stderr:     ~~~~~~~~~~~~~^
2025-11-04 18:55:52,475 | WARNING | logger.py:390 | [TO_DO]  stderr:         self, ignored_consts=ignored_consts,
2025-11-04 18:55:52,475 | WARNING | logger.py:390 | [TO_DO]  stderr:         ^^^^^^^^^^^^^^^^^^^^^^^^^^^^^^^^^^^^
2025-11-04 18:55:52,475 | WARNING | logger.py:390 | [TO_DO]  stderr:         rule_children=rule_children)
2025-11-04 18:55:52,475 | WARNING | logger.py:390 | [TO_DO]  stderr:         ^^^^^^^^^^^^^^^^^^^^^^^^^^^^
2025-11-04 18:55:52,475 | WARNING | logger.py:390 | [TO_DO]  stderr:   File "D:\Python\TO_DO_Kivy\.venv\Lib\site-packages\kivy\lang\builder.py", line 545, in apply
2025-11-04 18:55:52,475 | WARNING | logger.py:390 | [TO_DO]  stderr:     self._apply_rule(
2025-11-04 18:55:52,475 | WARNING | logger.py:390 | [TO_DO]  stderr:     ~~~~~~~~~~~~~~~~^
2025-11-04 18:55:52,475 | WARNING | logger.py:390 | [TO_DO]  stderr:         widget, rule, rule, ignored_consts=ignored_consts,
2025-11-04 18:55:52,475 | WARNING | logger.py:390 | [TO_DO]  stderr:         ^^^^^^^^^^^^^^^^^^^^^^^^^^^^^^^^^^^^^^^^^^^^^^^^^^
2025-11-04 18:55:52,475 | WARNING | logger.py:390 | [TO_DO]  stderr:         rule_children=rule_children)
2025-11-04 18:55:52,475 | WARNING | logger.py:390 | [TO_DO]  stderr:         ^^^^^^^^^^^^^^^^^^^^^^^^^^^^
2025-11-04 18:55:52,476 | WARNING | logger.py:390 | [TO_DO]  stderr:   File "D:\Python\TO_DO_Kivy\.venv\Lib\site-packages\kivy\lang\builder.py", line 714, in _apply_rule
2025-11-04 18:55:52,476 | WARNING | logger.py:390 | [TO_DO]  stderr:     raise BuilderException(rule.ctx, rule.line,
2025-11-04 18:55:52,476 | WARNING | logger.py:390 | [TO_DO]  stderr:                            '{}: {}'.format(e.__class__.__name__,
2025-11-04 18:55:52,476 | WARNING | logger.py:390 | [TO_DO]  stderr:                                            e), cause=tb)
2025-11-04 18:55:52,476 | WARNING | logger.py:390 | [TO_DO]  stderr: kivy.lang.builder.BuilderException: Parser: File "D:\Python\TO_DO_Kivy\kv\screens\settings.kv", line 25:
2025-11-04 18:55:52,476 | WARNING | logger.py:390 | [TO_DO]  stderr: ...
2025-11-04 18:55:52,476 | WARNING | logger.py:390 | [TO_DO]  stderr:      23:    BoxLayout:
2025-11-04 18:55:52,476 | WARNING | logger.py:390 | [TO_DO]  stderr:      24:        orientation: "vertical"
2025-11-04 18:55:52,476 | WARNING | logger.py:390 | [TO_DO]  stderr: >>   25:        spacing: 0, root.height/25
2025-11-04 18:55:52,476 | WARNING | logger.py:390 | [TO_DO]  stderr:      26:        Button_1:
2025-11-04 18:55:52,476 | WARNING | logger.py:390 | [TO_DO]  stderr:      27:            id: ddl_open
2025-11-04 18:55:52,476 | WARNING | logger.py:390 | [TO_DO]  stderr: ...
2025-11-04 18:55:52,476 | WARNING | logger.py:390 | [TO_DO]  stderr: TypeError: Expected unicode, got float
2025-11-04 18:55:52,476 | WARNING | logger.py:390 | [TO_DO]  stderr:   File "D:\Python\TO_DO_Kivy\.venv\Lib\site-packages\kivy\lang\builder.py", line 705, in _apply_rule
2025-11-04 18:55:52,476 | WARNING | logger.py:390 | [TO_DO]  stderr:     setattr(widget_set, key, value)
2025-11-04 18:55:52,476 | WARNING | logger.py:390 | [TO_DO]  stderr:     ~~~~~~~^^^^^^^^^^^^^^^^^^^^^^^^
2025-11-04 18:55:52,476 | WARNING | logger.py:390 | [TO_DO]  stderr:   File "kivy\\weakproxy.pyx", line 35, in kivy.weakproxy.WeakProxy.__setattr__
2025-11-04 18:55:52,476 | WARNING | logger.py:390 | [TO_DO]  stderr:   File "kivy\\properties.pyx", line 520, in kivy.properties.Property.__set__
2025-11-04 18:55:52,477 | WARNING | logger.py:390 | [TO_DO]  stderr:   File "kivy\\properties.pyx", line 549, in kivy.properties.Property.set
2025-11-04 18:55:52,477 | WARNING | logger.py:390 | [TO_DO]  stderr:   File "kivy\\properties.pyx", line 748, in kivy.properties.NumericProperty.convert
2025-11-04 18:55:52,477 | WARNING | logger.py:390 | [TO_DO]  stderr:   File "kivy\\properties.pyx", line 769, in kivy.properties.NumericProperty.parse_list
2025-11-04 18:55:52,477 | WARNING | logger.py:390 | [TO_DO]  stderr: 
2025-11-04 18:59:15,740 | WARNING | config_logger.py:43 | [TO_DO]  Application started with mode: debug
2025-11-04 19:00:06,945 | INFO | base.py:616 | [TO_DO]  Base: Leaving application in progress...
2025-11-04 19:00:19,131 | WARNING | config_logger.py:43 | [TO_DO]  Application started with mode: debug
2025-11-04 19:00:43,350 | INFO | base.py:616 | [TO_DO]  Base: Leaving application in progress...
2025-11-04 19:01:19,934 | WARNING | config_logger.py:43 | [TO_DO]  Application started with mode: debug
2025-11-04 19:01:55,538 | INFO | base.py:616 | [TO_DO]  Base: Leaving application in progress...
2025-11-04 19:02:24,829 | WARNING | config_logger.py:43 | [TO_DO]  Application started with mode: debug
2025-11-04 19:02:38,949 | INFO | base.py:616 | [TO_DO]  Base: Leaving application in progress...
2025-11-04 19:03:06,829 | WARNING | config_logger.py:43 | [TO_DO]  Application started with mode: debug
2025-11-04 19:03:19,513 | INFO | base.py:616 | [TO_DO]  Base: Leaving application in progress...
2025-11-04 19:03:28,090 | WARNING | config_logger.py:43 | [TO_DO]  Application started with mode: debug
2025-11-04 19:03:55,047 | INFO | base.py:616 | [TO_DO]  Base: Leaving application in progress...
2025-11-04 19:05:17,234 | WARNING | config_logger.py:43 | [TO_DO]  Application started with mode: debug
2025-11-04 19:05:35,686 | INFO | base.py:616 | [TO_DO]  Base: Leaving application in progress...
2025-11-04 19:06:08,031 | WARNING | config_logger.py:43 | [TO_DO]  Application started with mode: debug
2025-11-04 19:06:14,944 | INFO | base.py:616 | [TO_DO]  Base: Leaving application in progress...
2025-11-04 19:07:24,187 | WARNING | config_logger.py:43 | [TO_DO]  Application started with mode: debug
2025-11-04 19:07:40,428 | INFO | base.py:616 | [TO_DO]  Base: Leaving application in progress...
2025-11-04 19:34:55,583 | WARNING | config_logger.py:43 | [TO_DO]  Application started with mode: debug
2025-11-04 19:35:10,609 | INFO | base.py:616 | [TO_DO]  Base: Leaving application in progress...
2025-11-04 19:38:18 | WARNING | config_logger.py:43 | [TO_DO]  Application started with mode: debug
2025-11-04 19:38:25 | INFO | base.py:616 | [TO_DO]  Base: Leaving application in progress...
2025-11-04 19:44:59 | WARNING | config_logger.py:43 | [TO_DO]  Application started with mode: debug
2025-11-04 19:45:06 | INFO | base.py:616 | [TO_DO]  Base: Leaving application in progress...
2025-11-04 19:45:06 | WARNING | logger.py:390 | [TO_DO]  stderr: Traceback (most recent call last):
2025-11-04 19:45:06 | WARNING | logger.py:390 | [TO_DO]  stderr:   File "D:\Python\TO_DO_Kivy\main.py", line 71, in <module>
2025-11-04 19:45:06 | WARNING | logger.py:390 | [TO_DO]  stderr:     TO_DOApp().run()
2025-11-04 19:45:06 | WARNING | logger.py:390 | [TO_DO]  stderr:     ~~~~~~~~~~~~~~^^
2025-11-04 19:45:06 | WARNING | logger.py:390 | [TO_DO]  stderr:   File "D:\Python\TO_DO_Kivy\.venv\Lib\site-packages\kivy\app.py", line 956, in run
2025-11-04 19:45:06 | WARNING | logger.py:390 | [TO_DO]  stderr:     runTouchApp()
2025-11-04 19:45:06 | WARNING | logger.py:390 | [TO_DO]  stderr:     ~~~~~~~~~~~^^
2025-11-04 19:45:06 | WARNING | logger.py:390 | [TO_DO]  stderr:   File "D:\Python\TO_DO_Kivy\.venv\Lib\site-packages\kivy\base.py", line 574, in runTouchApp
2025-11-04 19:45:06 | WARNING | logger.py:390 | [TO_DO]  stderr:     EventLoop.mainloop()
2025-11-04 19:45:06 | WARNING | logger.py:390 | [TO_DO]  stderr:     ~~~~~~~~~~~~~~~~~~^^
2025-11-04 19:45:06 | WARNING | logger.py:390 | [TO_DO]  stderr:   File "D:\Python\TO_DO_Kivy\.venv\Lib\site-packages\kivy\base.py", line 339, in mainloop
2025-11-04 19:45:06 | WARNING | logger.py:390 | [TO_DO]  stderr:     self.idle()
2025-11-04 19:45:06 | WARNING | logger.py:390 | [TO_DO]  stderr:     ~~~~~~~~~^^
2025-11-04 19:45:06 | WARNING | logger.py:390 | [TO_DO]  stderr:   File "D:\Python\TO_DO_Kivy\.venv\Lib\site-packages\kivy\base.py", line 383, in idle
2025-11-04 19:45:06 | WARNING | logger.py:390 | [TO_DO]  stderr:     self.dispatch_input()
2025-11-04 19:45:06 | WARNING | logger.py:390 | [TO_DO]  stderr:     ~~~~~~~~~~~~~~~~~~~^^
2025-11-04 19:45:06 | WARNING | logger.py:390 | [TO_DO]  stderr:   File "D:\Python\TO_DO_Kivy\.venv\Lib\site-packages\kivy\base.py", line 334, in dispatch_input
2025-11-04 19:45:06 | WARNING | logger.py:390 | [TO_DO]  stderr:     post_dispatch_input(*pop(0))
2025-11-04 19:45:06 | WARNING | logger.py:390 | [TO_DO]  stderr:     ~~~~~~~~~~~~~~~~~~~^^^^^^^^^
2025-11-04 19:45:06 | WARNING | logger.py:390 | [TO_DO]  stderr:   File "D:\Python\TO_DO_Kivy\.venv\Lib\site-packages\kivy\base.py", line 302, in post_dispatch_input
2025-11-04 19:45:06 | WARNING | logger.py:390 | [TO_DO]  stderr:     wid.dispatch('on_touch_up', me)
2025-11-04 19:45:06 | WARNING | logger.py:390 | [TO_DO]  stderr:     ~~~~~~~~~~~~^^^^^^^^^^^^^^^^^^^
2025-11-04 19:45:06 | WARNING | logger.py:390 | [TO_DO]  stderr:   File "kivy\\_event.pyx", line 731, in kivy._event.EventDispatcher.dispatch
2025-11-04 19:45:06 | WARNING | logger.py:390 | [TO_DO]  stderr:   File "D:\Python\TO_DO_Kivy\.venv\Lib\site-packages\kivy\uix\behaviors\button.py", line 179, in on_touch_up
2025-11-04 19:45:06 | WARNING | logger.py:390 | [TO_DO]  stderr:     self.dispatch('on_release')
2025-11-04 19:45:06 | WARNING | logger.py:390 | [TO_DO]  stderr:     ~~~~~~~~~~~~~^^^^^^^^^^^^^^
2025-11-04 19:45:06 | WARNING | logger.py:390 | [TO_DO]  stderr:   File "kivy\\_event.pyx", line 727, in kivy._event.EventDispatcher.dispatch
2025-11-04 19:45:06 | WARNING | logger.py:390 | [TO_DO]  stderr:   File "kivy\\_event.pyx", line 1307, in kivy._event.EventObservers.dispatch
2025-11-04 19:45:06 | WARNING | logger.py:390 | [TO_DO]  stderr:   File "kivy\\_event.pyx", line 1191, in kivy._event.EventObservers._dispatch
2025-11-04 19:45:06 | WARNING | logger.py:390 | [TO_DO]  stderr:   File "D:\Python\TO_DO_Kivy\.venv\Lib\site-packages\kivy\lang\builder.py", line 60, in custom_callback
2025-11-04 19:45:06 | WARNING | logger.py:390 | [TO_DO]  stderr:     exec(__kvlang__.co_value, idmap)
2025-11-04 19:45:06 | WARNING | logger.py:390 | [TO_DO]  stderr:     ~~~~^^^^^^^^^^^^^^^^^^^^^^^^^^^^
2025-11-04 19:45:06 | WARNING | logger.py:390 | [TO_DO]  stderr:   File "D:\Python\TO_DO_Kivy\kv\screens\settings.kv", line 36, in <module>
2025-11-04 19:45:06 | WARNING | logger.py:390 | [TO_DO]  stderr:     (hasattr(self, "dropdown") or setattr(self, "dropdown", Factory.DrDownLang()))
2025-11-04 19:45:06 | WARNING | logger.py:390 | [TO_DO]  stderr:                                             ^^^^^^^^^^^^^^^^^^
2025-11-04 19:45:06 | WARNING | logger.py:390 | [TO_DO]  stderr:   File "D:\Python\TO_DO_Kivy\.venv\Lib\site-packages\kivy\context.py", line 36, in __getattribute__
2025-11-04 19:45:06 | WARNING | logger.py:390 | [TO_DO]  stderr:     return getattr(object.__getattribute__(self, '_obj'), name)
2025-11-04 19:45:06 | WARNING | logger.py:390 | [TO_DO]  stderr:   File "D:\Python\TO_DO_Kivy\.venv\Lib\site-packages\kivy\factory.py", line 147, in __getattr__
2025-11-04 19:45:06 | WARNING | logger.py:390 | [TO_DO]  stderr:     raise FactoryException('Unknown class <%s>' % name)
2025-11-04 19:45:06 | WARNING | logger.py:390 | [TO_DO]  stderr: kivy.factory.FactoryException: Unknown class <DrDownLang>
2025-11-04 19:45:56 | WARNING | config_logger.py:43 | [TO_DO]  Application started with mode: debug
2025-11-04 19:46:11 | INFO | base.py:616 | [TO_DO]  Base: Leaving application in progress...
2025-11-04 19:48:20 | WARNING | config_logger.py:43 | [TO_DO]  Application started with mode: debug
2025-11-04 19:48:32 | INFO | base.py:616 | [TO_DO]  Base: Leaving application in progress...
2025-11-04 19:49:07 | WARNING | config_logger.py:43 | [TO_DO]  Application started with mode: debug
2025-11-04 19:49:21 | INFO | base.py:616 | [TO_DO]  Base: Leaving application in progress...
2025-11-04 19:51:33 | WARNING | config_logger.py:43 | [TO_DO]  Application started with mode: debug
2025-11-04 19:51:54 | INFO | base.py:616 | [TO_DO]  Base: Leaving application in progress...
2025-11-04 19:54:32 | WARNING | config_logger.py:43 | [TO_DO]  Application started with mode: debug
2025-11-04 19:54:34 | DEBUG | main_menu.py:63 | [TO_DO]  Init MainMenu
2025-11-04 19:54:36 | DEBUG | setting.py:35 | [TO_DO]  load settings screen
2025-11-04 19:54:41 | DEBUG | setting.py:41 | [TO_DO]  Change language on-en
2025-11-04 19:54:43 | DEBUG | main_menu.py:63 | [TO_DO]  Init MainMenu
2025-11-04 19:54:44 | INFO | base.py:616 | [TO_DO]  Base: Leaving application in progress...
2025-11-04 20:15:01 | WARNING | config_logger.py:43 | [TO_DO]  Application started with mode: debug
2025-11-04 20:15:03 | DEBUG | main_menu.py:63 | [TO_DO]  Init MainMenu
2025-11-04 20:15:06 | DEBUG | setting.py:35 | [TO_DO]  load settings screen
2025-11-04 20:15:15 | INFO | base.py:616 | [TO_DO]  Base: Leaving application in progress...
2025-11-04 20:21:16 | WARNING | config_logger.py:43 | [TO_DO]  Application started with mode: debug
2025-11-04 20:21:18 | DEBUG | main_menu.py:63 | [TO_DO]  Init MainMenu
2025-11-04 20:21:20 | DEBUG | setting.py:35 | [TO_DO]  load settings screen
2025-11-04 20:21:25 | INFO | base.py:616 | [TO_DO]  Base: Leaving application in progress...
2025-11-04 20:21:25 | WARNING | logger.py:390 | [TO_DO]  stderr: Traceback (most recent call last):
2025-11-04 20:21:25 | WARNING | logger.py:390 | [TO_DO]  stderr:   File "D:\Python\TO_DO_Kivy\main.py", line 71, in <module>
2025-11-04 20:21:25 | WARNING | logger.py:390 | [TO_DO]  stderr:     TO_DOApp().run()
2025-11-04 20:21:25 | WARNING | logger.py:390 | [TO_DO]  stderr:     ~~~~~~~~~~~~~~^^
2025-11-04 20:21:25 | WARNING | logger.py:390 | [TO_DO]  stderr:   File "D:\Python\TO_DO_Kivy\.venv\Lib\site-packages\kivy\app.py", line 956, in run
2025-11-04 20:21:25 | WARNING | logger.py:390 | [TO_DO]  stderr:     runTouchApp()
2025-11-04 20:21:25 | WARNING | logger.py:390 | [TO_DO]  stderr:     ~~~~~~~~~~~^^
2025-11-04 20:21:25 | WARNING | logger.py:390 | [TO_DO]  stderr:   File "D:\Python\TO_DO_Kivy\.venv\Lib\site-packages\kivy\base.py", line 574, in runTouchApp
2025-11-04 20:21:25 | WARNING | logger.py:390 | [TO_DO]  stderr:     EventLoop.mainloop()
2025-11-04 20:21:25 | WARNING | logger.py:390 | [TO_DO]  stderr:     ~~~~~~~~~~~~~~~~~~^^
2025-11-04 20:21:25 | WARNING | logger.py:390 | [TO_DO]  stderr:   File "D:\Python\TO_DO_Kivy\.venv\Lib\site-packages\kivy\base.py", line 339, in mainloop
2025-11-04 20:21:25 | WARNING | logger.py:390 | [TO_DO]  stderr:     self.idle()
2025-11-04 20:21:25 | WARNING | logger.py:390 | [TO_DO]  stderr:     ~~~~~~~~~^^
2025-11-04 20:21:25 | WARNING | logger.py:390 | [TO_DO]  stderr:   File "D:\Python\TO_DO_Kivy\.venv\Lib\site-packages\kivy\base.py", line 383, in idle
2025-11-04 20:21:25 | WARNING | logger.py:390 | [TO_DO]  stderr:     self.dispatch_input()
2025-11-04 20:21:25 | WARNING | logger.py:390 | [TO_DO]  stderr:     ~~~~~~~~~~~~~~~~~~~^^
2025-11-04 20:21:25 | WARNING | logger.py:390 | [TO_DO]  stderr:   File "D:\Python\TO_DO_Kivy\.venv\Lib\site-packages\kivy\base.py", line 334, in dispatch_input
2025-11-04 20:21:25 | WARNING | logger.py:390 | [TO_DO]  stderr:     post_dispatch_input(*pop(0))
2025-11-04 20:21:25 | WARNING | logger.py:390 | [TO_DO]  stderr:     ~~~~~~~~~~~~~~~~~~~^^^^^^^^^
2025-11-04 20:21:25 | WARNING | logger.py:390 | [TO_DO]  stderr:   File "D:\Python\TO_DO_Kivy\.venv\Lib\site-packages\kivy\base.py", line 302, in post_dispatch_input
2025-11-04 20:21:25 | WARNING | logger.py:390 | [TO_DO]  stderr:     wid.dispatch('on_touch_up', me)
2025-11-04 20:21:25 | WARNING | logger.py:390 | [TO_DO]  stderr:     ~~~~~~~~~~~~^^^^^^^^^^^^^^^^^^^
2025-11-04 20:21:25 | WARNING | logger.py:390 | [TO_DO]  stderr:   File "kivy\\_event.pyx", line 731, in kivy._event.EventDispatcher.dispatch
2025-11-04 20:21:25 | WARNING | logger.py:390 | [TO_DO]  stderr:   File "D:\Python\TO_DO_Kivy\.venv\Lib\site-packages\kivy\uix\behaviors\button.py", line 179, in on_touch_up
2025-11-04 20:21:25 | WARNING | logger.py:390 | [TO_DO]  stderr:     self.dispatch('on_release')
2025-11-04 20:21:25 | WARNING | logger.py:390 | [TO_DO]  stderr:     ~~~~~~~~~~~~~^^^^^^^^^^^^^^
2025-11-04 20:21:25 | WARNING | logger.py:390 | [TO_DO]  stderr:   File "kivy\\_event.pyx", line 727, in kivy._event.EventDispatcher.dispatch
2025-11-04 20:21:25 | WARNING | logger.py:390 | [TO_DO]  stderr:   File "kivy\\_event.pyx", line 1307, in kivy._event.EventObservers.dispatch
2025-11-04 20:21:25 | WARNING | logger.py:390 | [TO_DO]  stderr:   File "kivy\\_event.pyx", line 1191, in kivy._event.EventObservers._dispatch
2025-11-04 20:21:25 | WARNING | logger.py:390 | [TO_DO]  stderr:   File "D:\Python\TO_DO_Kivy\.venv\Lib\site-packages\kivy\lang\builder.py", line 60, in custom_callback
2025-11-04 20:21:25 | WARNING | logger.py:390 | [TO_DO]  stderr:     exec(__kvlang__.co_value, idmap)
2025-11-04 20:21:25 | WARNING | logger.py:390 | [TO_DO]  stderr:     ~~~~^^^^^^^^^^^^^^^^^^^^^^^^^^^^
2025-11-04 20:21:25 | WARNING | logger.py:390 | [TO_DO]  stderr:   File "D:\Python\TO_DO_Kivy\kv\screens\settings.kv", line 37, in <module>
2025-11-04 20:21:25 | WARNING | logger.py:390 | [TO_DO]  stderr:     self.dropdown.open(self)
2025-11-04 20:21:25 | WARNING | logger.py:390 | [TO_DO]  stderr:     
2025-11-04 20:21:25 | WARNING | logger.py:390 | [TO_DO]  stderr:   File "kivy\\weakproxy.pyx", line 32, in kivy.weakproxy.WeakProxy.__getattr__
2025-11-04 20:21:25 | WARNING | logger.py:390 | [TO_DO]  stderr: AttributeError: 'Button_1' object has no attribute 'dropdown'
2025-11-04 20:22:18 | WARNING | config_logger.py:43 | [TO_DO]  Application started with mode: debug
2025-11-04 20:22:20 | DEBUG | main_menu.py:63 | [TO_DO]  Init MainMenu
2025-11-04 20:22:23 | DEBUG | setting.py:35 | [TO_DO]  load settings screen
2025-11-04 20:22:28 | DEBUG | setting.py:42 | [TO_DO]  Change language on-ru
2025-11-04 20:22:32 | DEBUG | setting.py:42 | [TO_DO]  Change language on-en
2025-11-04 20:22:34 | DEBUG | main_menu.py:63 | [TO_DO]  Init MainMenu
2025-11-04 20:22:36 | INFO | base.py:616 | [TO_DO]  Base: Leaving application in progress...
2025-11-04 20:25:00 | WARNING | config_logger.py:43 | [TO_DO]  Application started with mode: debug
2025-11-04 20:25:02 | DEBUG | main_menu.py:63 | [TO_DO]  Init MainMenu
2025-11-04 20:25:04 | DEBUG | setting.py:35 | [TO_DO]  load settings screen
2025-11-04 20:25:17 | INFO | base.py:616 | [TO_DO]  Base: Leaving application in progress...
2025-11-04 20:31:14 | WARNING | config_logger.py:43 | [TO_DO]  Application started with mode: debug
2025-11-04 20:31:16 | DEBUG | main_menu.py:63 | [TO_DO]  Init MainMenu
2025-11-04 20:31:18 | DEBUG | setting.py:38 | [TO_DO]  load settings screen
2025-11-04 20:31:23 | DEBUG | setting.py:45 | [TO_DO]  Change language on-ru
2025-11-04 20:31:28 | DEBUG | main_menu.py:63 | [TO_DO]  Init MainMenu
2025-11-04 20:32:05 | INFO | base.py:616 | [TO_DO]  Base: Leaving application in progress...
2025-11-04 20:32:05 | WARNING | logger.py:390 | [TO_DO]  stderr: Traceback (most recent call last):
2025-11-04 20:32:05 | WARNING | logger.py:390 | [TO_DO]  stderr:   File "D:\Python\TO_DO_Kivy\main.py", line 71, in <module>
2025-11-04 20:32:05 | WARNING | logger.py:390 | [TO_DO]  stderr:     TO_DOApp().run()
2025-11-04 20:32:05 | WARNING | logger.py:390 | [TO_DO]  stderr:     ~~~~~~~~~~~~~~^^
2025-11-04 20:32:05 | WARNING | logger.py:390 | [TO_DO]  stderr:   File "D:\Python\TO_DO_Kivy\.venv\Lib\site-packages\kivy\app.py", line 956, in run
2025-11-04 20:32:05 | WARNING | logger.py:390 | [TO_DO]  stderr:     runTouchApp()
2025-11-04 20:32:05 | WARNING | logger.py:390 | [TO_DO]  stderr:     ~~~~~~~~~~~^^
2025-11-04 20:32:05 | WARNING | logger.py:390 | [TO_DO]  stderr:   File "D:\Python\TO_DO_Kivy\.venv\Lib\site-packages\kivy\base.py", line 574, in runTouchApp
2025-11-04 20:32:05 | WARNING | logger.py:390 | [TO_DO]  stderr:     EventLoop.mainloop()
2025-11-04 20:32:05 | WARNING | logger.py:390 | [TO_DO]  stderr:     ~~~~~~~~~~~~~~~~~~^^
2025-11-04 20:32:05 | WARNING | logger.py:390 | [TO_DO]  stderr:   File "D:\Python\TO_DO_Kivy\.venv\Lib\site-packages\kivy\base.py", line 339, in mainloop
2025-11-04 20:32:05 | WARNING | logger.py:390 | [TO_DO]  stderr:     self.idle()
2025-11-04 20:32:05 | WARNING | logger.py:390 | [TO_DO]  stderr:     ~~~~~~~~~^^
2025-11-04 20:32:05 | WARNING | logger.py:390 | [TO_DO]  stderr:   File "D:\Python\TO_DO_Kivy\.venv\Lib\site-packages\kivy\base.py", line 379, in idle
2025-11-04 20:32:05 | WARNING | logger.py:390 | [TO_DO]  stderr:     Clock.tick()
2025-11-04 20:32:05 | WARNING | logger.py:390 | [TO_DO]  stderr:     ~~~~~~~~~~^^
2025-11-04 20:32:05 | WARNING | logger.py:390 | [TO_DO]  stderr:   File "D:\Python\TO_DO_Kivy\.venv\Lib\site-packages\kivy\clock.py", line 733, in tick
2025-11-04 20:32:05 | WARNING | logger.py:390 | [TO_DO]  stderr:     self.post_idle(ts, self.idle())
2025-11-04 20:32:05 | WARNING | logger.py:390 | [TO_DO]  stderr:                        ~~~~~~~~~^^
2025-11-04 20:32:05 | WARNING | logger.py:390 | [TO_DO]  stderr:   File "D:\Python\TO_DO_Kivy\.venv\Lib\site-packages\kivy\clock.py", line 689, in idle
2025-11-04 20:32:05 | WARNING | logger.py:390 | [TO_DO]  stderr:     usleep(1000000 * sleeptime)
2025-11-04 20:32:05 | WARNING | logger.py:390 | [TO_DO]  stderr:     ~~~~~~^^^^^^^^^^^^^^^^^^^^^
2025-11-04 20:32:05 | WARNING | logger.py:390 | [TO_DO]  stderr:   File "D:\Python\TO_DO_Kivy\.venv\Lib\site-packages\kivy\clock.py", line 965, in usleep
2025-11-04 20:32:05 | WARNING | logger.py:390 | [TO_DO]  stderr:     _usleep(microseconds, self._sleep_obj)
2025-11-04 20:32:05 | WARNING | logger.py:390 | [TO_DO]  stderr:     ~~~~~~~^^^^^^^^^^^^^^^^^^^^^^^^^^^^^^^
2025-11-04 20:32:05 | WARNING | logger.py:390 | [TO_DO]  stderr:   File "D:\Python\TO_DO_Kivy\.venv\Lib\site-packages\kivy\clock.py", line 504, in _usleep
2025-11-04 20:32:05 | WARNING | logger.py:390 | [TO_DO]  stderr:     _kernel32.WaitForSingleObject(obj, 0xffffffff)
2025-11-04 20:32:05 | WARNING | logger.py:390 | [TO_DO]  stderr:     ~~~~~~~~~~~~~~~~~~~~~~~~~~~~~^^^^^^^^^^^^^^^^^
2025-11-04 20:32:05 | WARNING | logger.py:390 | [TO_DO]  stderr: KeyboardInterrupt
2025-11-04 20:32:06 | WARNING | config_logger.py:43 | [TO_DO]  Application started with mode: debug
2025-11-04 20:32:08 | DEBUG | main_menu.py:63 | [TO_DO]  Init MainMenu
2025-11-04 20:32:10 | DEBUG | setting.py:38 | [TO_DO]  load settings screen
2025-11-04 20:32:13 | DEBUG | setting.py:45 | [TO_DO]  Change language on-en
2025-11-04 20:32:16 | DEBUG | setting.py:45 | [TO_DO]  Change language on-ru
2025-11-04 20:32:19 | DEBUG | setting.py:45 | [TO_DO]  Change language on-en
2025-11-04 20:32:33 | DEBUG | main_menu.py:63 | [TO_DO]  Init MainMenu
2025-11-04 20:32:36 | DEBUG | setting.py:38 | [TO_DO]  load settings screen
2025-11-04 20:32:39 | DEBUG | main_menu.py:63 | [TO_DO]  Init MainMenu
2025-11-04 20:32:41 | INFO | base.py:616 | [TO_DO]  Base: Leaving application in progress...
2025-11-04 20:34:53 | WARNING | config_logger.py:43 | [TO_DO]  Application started with mode: debug
2025-11-04 20:34:55 | DEBUG | main_menu.py:63 | [TO_DO]  Init MainMenu
2025-11-04 20:34:58 | DEBUG | setting.py:38 | [TO_DO]  load settings screen
2025-11-04 20:35:02 | INFO | base.py:616 | [TO_DO]  Base: Leaving application in progress...
2025-11-04 20:35:02 | WARNING | logger.py:390 | [TO_DO]  stderr: Traceback (most recent call last):
2025-11-04 20:35:02 | WARNING | logger.py:390 | [TO_DO]  stderr:   File "D:\Python\TO_DO_Kivy\main.py", line 71, in <module>
2025-11-04 20:35:02 | WARNING | logger.py:390 | [TO_DO]  stderr:     TO_DOApp().run()
2025-11-04 20:35:02 | WARNING | logger.py:390 | [TO_DO]  stderr:     ~~~~~~~~~~~~~~^^
2025-11-04 20:35:02 | WARNING | logger.py:390 | [TO_DO]  stderr:   File "D:\Python\TO_DO_Kivy\.venv\Lib\site-packages\kivy\app.py", line 956, in run
2025-11-04 20:35:02 | WARNING | logger.py:390 | [TO_DO]  stderr:     runTouchApp()
2025-11-04 20:35:02 | WARNING | logger.py:390 | [TO_DO]  stderr:     ~~~~~~~~~~~^^
2025-11-04 20:35:02 | WARNING | logger.py:390 | [TO_DO]  stderr:   File "D:\Python\TO_DO_Kivy\.venv\Lib\site-packages\kivy\base.py", line 574, in runTouchApp
2025-11-04 20:35:02 | WARNING | logger.py:390 | [TO_DO]  stderr:     EventLoop.mainloop()
2025-11-04 20:35:02 | WARNING | logger.py:390 | [TO_DO]  stderr:     ~~~~~~~~~~~~~~~~~~^^
2025-11-04 20:35:02 | WARNING | logger.py:390 | [TO_DO]  stderr:   File "D:\Python\TO_DO_Kivy\.venv\Lib\site-packages\kivy\base.py", line 339, in mainloop
2025-11-04 20:35:02 | WARNING | logger.py:390 | [TO_DO]  stderr:     self.idle()
2025-11-04 20:35:02 | WARNING | logger.py:390 | [TO_DO]  stderr:     ~~~~~~~~~^^
2025-11-04 20:35:02 | WARNING | logger.py:390 | [TO_DO]  stderr:   File "D:\Python\TO_DO_Kivy\.venv\Lib\site-packages\kivy\base.py", line 383, in idle
2025-11-04 20:35:02 | WARNING | logger.py:390 | [TO_DO]  stderr:     self.dispatch_input()
2025-11-04 20:35:02 | WARNING | logger.py:390 | [TO_DO]  stderr:     ~~~~~~~~~~~~~~~~~~~^^
2025-11-04 20:35:02 | WARNING | logger.py:390 | [TO_DO]  stderr:   File "D:\Python\TO_DO_Kivy\.venv\Lib\site-packages\kivy\base.py", line 334, in dispatch_input
2025-11-04 20:35:02 | WARNING | logger.py:390 | [TO_DO]  stderr:     post_dispatch_input(*pop(0))
2025-11-04 20:35:02 | WARNING | logger.py:390 | [TO_DO]  stderr:     ~~~~~~~~~~~~~~~~~~~^^^^^^^^^
2025-11-04 20:35:02 | WARNING | logger.py:390 | [TO_DO]  stderr:   File "D:\Python\TO_DO_Kivy\.venv\Lib\site-packages\kivy\base.py", line 263, in post_dispatch_input
2025-11-04 20:35:02 | WARNING | logger.py:390 | [TO_DO]  stderr:     listener.dispatch('on_motion', etype, me)
2025-11-04 20:35:02 | WARNING | logger.py:390 | [TO_DO]  stderr:     ~~~~~~~~~~~~~~~~~^^^^^^^^^^^^^^^^^^^^^^^^
2025-11-04 20:35:02 | WARNING | logger.py:390 | [TO_DO]  stderr:   File "kivy\\_event.pyx", line 731, in kivy._event.EventDispatcher.dispatch
2025-11-04 20:35:02 | WARNING | logger.py:390 | [TO_DO]  stderr:   File "D:\Python\TO_DO_Kivy\.venv\Lib\site-packages\kivy\core\window\__init__.py", line 1713, in on_motion
2025-11-04 20:35:02 | WARNING | logger.py:390 | [TO_DO]  stderr:     self.dispatch('on_touch_up', me)
2025-11-04 20:35:02 | WARNING | logger.py:390 | [TO_DO]  stderr:     ~~~~~~~~~~~~~^^^^^^^^^^^^^^^^^^^
2025-11-04 20:35:02 | WARNING | logger.py:390 | [TO_DO]  stderr:   File "kivy\\_event.pyx", line 731, in kivy._event.EventDispatcher.dispatch
2025-11-04 20:35:02 | WARNING | logger.py:390 | [TO_DO]  stderr:   File "D:\Python\TO_DO_Kivy\.venv\Lib\site-packages\kivy\core\window\__init__.py", line 1750, in on_touch_up
2025-11-04 20:35:02 | WARNING | logger.py:390 | [TO_DO]  stderr:     if w.dispatch('on_touch_up', touch):
2025-11-04 20:35:02 | WARNING | logger.py:390 | [TO_DO]  stderr:        ~~~~~~~~~~^^^^^^^^^^^^^^^^^^^^^^
2025-11-04 20:35:02 | WARNING | logger.py:390 | [TO_DO]  stderr:   File "kivy\\_event.pyx", line 731, in kivy._event.EventDispatcher.dispatch
2025-11-04 20:35:02 | WARNING | logger.py:390 | [TO_DO]  stderr:   File "D:\Python\TO_DO_Kivy\.venv\Lib\site-packages\kivy\uix\dropdown.py", line 319, in on_touch_up
2025-11-04 20:35:02 | WARNING | logger.py:390 | [TO_DO]  stderr:     super(DropDown, self).on_touch_up(touch)
2025-11-04 20:35:02 | WARNING | logger.py:390 | [TO_DO]  stderr:     ~~~~~~~~~~~~~~~~~~~~~~~~~~~~~~~~~^^^^^^^
2025-11-04 20:35:02 | WARNING | logger.py:390 | [TO_DO]  stderr:   File "D:\Python\TO_DO_Kivy\.venv\Lib\site-packages\kivy\uix\scrollview.py", line 972, in on_touch_up
2025-11-04 20:35:02 | WARNING | logger.py:390 | [TO_DO]  stderr:     if self.dispatch('on_scroll_stop', touch):
2025-11-04 20:35:02 | WARNING | logger.py:390 | [TO_DO]  stderr:        ~~~~~~~~~~~~~^^^^^^^^^^^^^^^^^^^^^^^^^
2025-11-04 20:35:02 | WARNING | logger.py:390 | [TO_DO]  stderr:   File "kivy\\_event.pyx", line 731, in kivy._event.EventDispatcher.dispatch
2025-11-04 20:35:02 | WARNING | logger.py:390 | [TO_DO]  stderr:   File "D:\Python\TO_DO_Kivy\.venv\Lib\site-packages\kivy\uix\scrollview.py", line 1009, in on_scroll_stop
2025-11-04 20:35:02 | WARNING | logger.py:390 | [TO_DO]  stderr:     self.simulate_touch_down(touch)
2025-11-04 20:35:02 | WARNING | logger.py:390 | [TO_DO]  stderr:     ~~~~~~~~~~~~~~~~~~~~~~~~^^^^^^^
2025-11-04 20:35:02 | WARNING | logger.py:390 | [TO_DO]  stderr:   File "D:\Python\TO_DO_Kivy\.venv\Lib\site-packages\kivy\uix\scrollview.py", line 672, in simulate_touch_down
2025-11-04 20:35:02 | WARNING | logger.py:390 | [TO_DO]  stderr:     ret = super(ScrollView, self).on_touch_down(touch)
2025-11-04 20:35:02 | WARNING | logger.py:390 | [TO_DO]  stderr:   File "D:\Python\TO_DO_Kivy\.venv\Lib\site-packages\kivy\uix\widget.py", line 589, in on_touch_down
2025-11-04 20:35:02 | WARNING | logger.py:390 | [TO_DO]  stderr:     if child.dispatch('on_touch_down', touch):
2025-11-04 20:35:02 | WARNING | logger.py:390 | [TO_DO]  stderr:        ~~~~~~~~~~~~~~^^^^^^^^^^^^^^^^^^^^^^^^
2025-11-04 20:35:02 | WARNING | logger.py:390 | [TO_DO]  stderr:   File "kivy\\_event.pyx", line 731, in kivy._event.EventDispatcher.dispatch
2025-11-04 20:35:02 | WARNING | logger.py:390 | [TO_DO]  stderr:   File "D:\Python\TO_DO_Kivy\.venv\Lib\site-packages\kivy\uix\widget.py", line 589, in on_touch_down
2025-11-04 20:35:02 | WARNING | logger.py:390 | [TO_DO]  stderr:     if child.dispatch('on_touch_down', touch):
2025-11-04 20:35:02 | WARNING | logger.py:390 | [TO_DO]  stderr:        ~~~~~~~~~~~~~~^^^^^^^^^^^^^^^^^^^^^^^^
2025-11-04 20:35:02 | WARNING | logger.py:390 | [TO_DO]  stderr:   File "kivy\\_event.pyx", line 731, in kivy._event.EventDispatcher.dispatch
2025-11-04 20:35:02 | WARNING | logger.py:390 | [TO_DO]  stderr:   File "D:\Python\TO_DO_Kivy\.venv\Lib\site-packages\kivy\uix\widget.py", line 589, in on_touch_down
2025-11-04 20:35:02 | WARNING | logger.py:390 | [TO_DO]  stderr:     if child.dispatch('on_touch_down', touch):
2025-11-04 20:35:02 | WARNING | logger.py:390 | [TO_DO]  stderr:        ~~~~~~~~~~~~~~^^^^^^^^^^^^^^^^^^^^^^^^
2025-11-04 20:35:02 | WARNING | logger.py:390 | [TO_DO]  stderr:   File "kivy\\_event.pyx", line 731, in kivy._event.EventDispatcher.dispatch
2025-11-04 20:35:02 | WARNING | logger.py:390 | [TO_DO]  stderr:   File "D:\Python\TO_DO_Kivy\.venv\Lib\site-packages\kivy\uix\behaviors\button.py", line 151, in on_touch_down
2025-11-04 20:35:02 | WARNING | logger.py:390 | [TO_DO]  stderr:     self.dispatch('on_press')
2025-11-04 20:35:02 | WARNING | logger.py:390 | [TO_DO]  stderr:     ~~~~~~~~~~~~~^^^^^^^^^^^^
2025-11-04 20:35:02 | WARNING | logger.py:390 | [TO_DO]  stderr:   File "kivy\\_event.pyx", line 727, in kivy._event.EventDispatcher.dispatch
2025-11-04 20:35:02 | WARNING | logger.py:390 | [TO_DO]  stderr:   File "kivy\\_event.pyx", line 1307, in kivy._event.EventObservers.dispatch
2025-11-04 20:35:02 | WARNING | logger.py:390 | [TO_DO]  stderr:   File "kivy\\_event.pyx", line 1191, in kivy._event.EventObservers._dispatch
2025-11-04 20:35:02 | WARNING | logger.py:390 | [TO_DO]  stderr:   File "D:\Python\TO_DO_Kivy\.venv\Lib\site-packages\kivy\lang\builder.py", line 60, in custom_callback
2025-11-04 20:35:02 | WARNING | logger.py:390 | [TO_DO]  stderr:     exec(__kvlang__.co_value, idmap)
2025-11-04 20:35:02 | WARNING | logger.py:390 | [TO_DO]  stderr:     ~~~~^^^^^^^^^^^^^^^^^^^^^^^^^^^^
2025-11-04 20:35:02 | WARNING | logger.py:390 | [TO_DO]  stderr:   File "D:\Python\TO_DO_Kivy\kv\components\dropdown.kv", line 64, in <module>
2025-11-04 20:35:02 | WARNING | logger.py:390 | [TO_DO]  stderr:     root.root_screen.change_lang() if app.config.get_param("app", "language") == "ru" else ""
2025-11-04 20:35:02 | WARNING | logger.py:390 | [TO_DO]  stderr:     ^^^^^^^^^^^^^^
2025-11-04 20:35:02 | WARNING | logger.py:390 | [TO_DO]  stderr:   File "D:\Python\TO_DO_Kivy\screens\setting.py", line 44, in change_lang
2025-11-04 20:35:02 | WARNING | logger.py:390 | [TO_DO]  stderr:     dropdown = self.ids.ddl_open.dropdown_lang
2025-11-04 20:35:02 | WARNING | logger.py:390 | [TO_DO]  stderr:                ^^^^^^^^^^^^^^^^^^^^^^^^^^^^^^^
2025-11-04 20:35:02 | WARNING | logger.py:390 | [TO_DO]  stderr:   File "kivy\\weakproxy.pyx", line 32, in kivy.weakproxy.WeakProxy.__getattr__
2025-11-04 20:35:02 | WARNING | logger.py:390 | [TO_DO]  stderr: AttributeError: 'Button_1' object has no attribute 'dropdown_lang'
2025-11-04 20:35:18 | WARNING | config_logger.py:43 | [TO_DO]  Application started with mode: debug
2025-11-04 20:35:21 | DEBUG | main_menu.py:63 | [TO_DO]  Init MainMenu
2025-11-04 20:35:22 | DEBUG | setting.py:38 | [TO_DO]  load settings screen
2025-11-04 20:35:37 | DEBUG | setting.py:45 | [TO_DO]  Change language on-ru
2025-11-04 20:35:59 | INFO | base.py:616 | [TO_DO]  Base: Leaving application in progress...
2025-11-04 20:42:45 | WARNING | config_logger.py:43 | [TO_DO]  Application started with mode: debug
2025-11-04 20:42:47 | DEBUG | main_menu.py:63 | [TO_DO]  Init MainMenu
2025-11-04 20:42:49 | DEBUG | setting.py:38 | [TO_DO]  load settings screen
2025-11-04 20:42:52 | INFO | base.py:616 | [TO_DO]  Base: Leaving application in progress...
2025-11-04 20:42:52 | WARNING | logger.py:390 | [TO_DO]  stderr: Traceback (most recent call last):
2025-11-04 20:42:52 | WARNING | logger.py:390 | [TO_DO]  stderr:   File "D:\Python\TO_DO_Kivy\main.py", line 71, in <module>
2025-11-04 20:42:52 | WARNING | logger.py:390 | [TO_DO]  stderr:     TO_DOApp().run()
2025-11-04 20:42:52 | WARNING | logger.py:390 | [TO_DO]  stderr:     ~~~~~~~~~~~~~~^^
2025-11-04 20:42:52 | WARNING | logger.py:390 | [TO_DO]  stderr:   File "D:\Python\TO_DO_Kivy\.venv\Lib\site-packages\kivy\app.py", line 956, in run
2025-11-04 20:42:52 | WARNING | logger.py:390 | [TO_DO]  stderr:     runTouchApp()
2025-11-04 20:42:52 | WARNING | logger.py:390 | [TO_DO]  stderr:     ~~~~~~~~~~~^^
2025-11-04 20:42:52 | WARNING | logger.py:390 | [TO_DO]  stderr:   File "D:\Python\TO_DO_Kivy\.venv\Lib\site-packages\kivy\base.py", line 574, in runTouchApp
2025-11-04 20:42:52 | WARNING | logger.py:390 | [TO_DO]  stderr:     EventLoop.mainloop()
2025-11-04 20:42:52 | WARNING | logger.py:390 | [TO_DO]  stderr:     ~~~~~~~~~~~~~~~~~~^^
2025-11-04 20:42:52 | WARNING | logger.py:390 | [TO_DO]  stderr:   File "D:\Python\TO_DO_Kivy\.venv\Lib\site-packages\kivy\base.py", line 339, in mainloop
2025-11-04 20:42:52 | WARNING | logger.py:390 | [TO_DO]  stderr:     self.idle()
2025-11-04 20:42:52 | WARNING | logger.py:390 | [TO_DO]  stderr:     ~~~~~~~~~^^
2025-11-04 20:42:52 | WARNING | logger.py:390 | [TO_DO]  stderr:   File "D:\Python\TO_DO_Kivy\.venv\Lib\site-packages\kivy\base.py", line 383, in idle
2025-11-04 20:42:52 | WARNING | logger.py:390 | [TO_DO]  stderr:     self.dispatch_input()
2025-11-04 20:42:52 | WARNING | logger.py:390 | [TO_DO]  stderr:     ~~~~~~~~~~~~~~~~~~~^^
2025-11-04 20:42:52 | WARNING | logger.py:390 | [TO_DO]  stderr:   File "D:\Python\TO_DO_Kivy\.venv\Lib\site-packages\kivy\base.py", line 334, in dispatch_input
2025-11-04 20:42:52 | WARNING | logger.py:390 | [TO_DO]  stderr:     post_dispatch_input(*pop(0))
2025-11-04 20:42:52 | WARNING | logger.py:390 | [TO_DO]  stderr:     ~~~~~~~~~~~~~~~~~~~^^^^^^^^^
2025-11-04 20:42:52 | WARNING | logger.py:390 | [TO_DO]  stderr:   File "D:\Python\TO_DO_Kivy\.venv\Lib\site-packages\kivy\base.py", line 263, in post_dispatch_input
2025-11-04 20:42:52 | WARNING | logger.py:390 | [TO_DO]  stderr:     listener.dispatch('on_motion', etype, me)
2025-11-04 20:42:52 | WARNING | logger.py:390 | [TO_DO]  stderr:     ~~~~~~~~~~~~~~~~~^^^^^^^^^^^^^^^^^^^^^^^^
2025-11-04 20:42:52 | WARNING | logger.py:390 | [TO_DO]  stderr:   File "kivy\\_event.pyx", line 731, in kivy._event.EventDispatcher.dispatch
2025-11-04 20:42:52 | WARNING | logger.py:390 | [TO_DO]  stderr:   File "D:\Python\TO_DO_Kivy\.venv\Lib\site-packages\kivy\core\window\__init__.py", line 1713, in on_motion
2025-11-04 20:42:52 | WARNING | logger.py:390 | [TO_DO]  stderr:     self.dispatch('on_touch_up', me)
2025-11-04 20:42:52 | WARNING | logger.py:390 | [TO_DO]  stderr:     ~~~~~~~~~~~~~^^^^^^^^^^^^^^^^^^^
2025-11-04 20:42:52 | WARNING | logger.py:390 | [TO_DO]  stderr:   File "kivy\\_event.pyx", line 731, in kivy._event.EventDispatcher.dispatch
2025-11-04 20:42:52 | WARNING | logger.py:390 | [TO_DO]  stderr:   File "D:\Python\TO_DO_Kivy\.venv\Lib\site-packages\kivy\core\window\__init__.py", line 1750, in on_touch_up
2025-11-04 20:42:52 | WARNING | logger.py:390 | [TO_DO]  stderr:     if w.dispatch('on_touch_up', touch):
2025-11-04 20:42:52 | WARNING | logger.py:390 | [TO_DO]  stderr:        ~~~~~~~~~~^^^^^^^^^^^^^^^^^^^^^^
2025-11-04 20:42:52 | WARNING | logger.py:390 | [TO_DO]  stderr:   File "kivy\\_event.pyx", line 731, in kivy._event.EventDispatcher.dispatch
2025-11-04 20:42:52 | WARNING | logger.py:390 | [TO_DO]  stderr:   File "D:\Python\TO_DO_Kivy\.venv\Lib\site-packages\kivy\uix\dropdown.py", line 319, in on_touch_up
2025-11-04 20:42:52 | WARNING | logger.py:390 | [TO_DO]  stderr:     super(DropDown, self).on_touch_up(touch)
2025-11-04 20:42:52 | WARNING | logger.py:390 | [TO_DO]  stderr:     ~~~~~~~~~~~~~~~~~~~~~~~~~~~~~~~~~^^^^^^^
2025-11-04 20:42:52 | WARNING | logger.py:390 | [TO_DO]  stderr:   File "D:\Python\TO_DO_Kivy\.venv\Lib\site-packages\kivy\uix\scrollview.py", line 972, in on_touch_up
2025-11-04 20:42:52 | WARNING | logger.py:390 | [TO_DO]  stderr:     if self.dispatch('on_scroll_stop', touch):
2025-11-04 20:42:52 | WARNING | logger.py:390 | [TO_DO]  stderr:        ~~~~~~~~~~~~~^^^^^^^^^^^^^^^^^^^^^^^^^
2025-11-04 20:42:52 | WARNING | logger.py:390 | [TO_DO]  stderr:   File "kivy\\_event.pyx", line 731, in kivy._event.EventDispatcher.dispatch
2025-11-04 20:42:52 | WARNING | logger.py:390 | [TO_DO]  stderr:   File "D:\Python\TO_DO_Kivy\.venv\Lib\site-packages\kivy\uix\scrollview.py", line 1009, in on_scroll_stop
2025-11-04 20:42:52 | WARNING | logger.py:390 | [TO_DO]  stderr:     self.simulate_touch_down(touch)
2025-11-04 20:42:52 | WARNING | logger.py:390 | [TO_DO]  stderr:     ~~~~~~~~~~~~~~~~~~~~~~~~^^^^^^^
2025-11-04 20:42:52 | WARNING | logger.py:390 | [TO_DO]  stderr:   File "D:\Python\TO_DO_Kivy\.venv\Lib\site-packages\kivy\uix\scrollview.py", line 672, in simulate_touch_down
2025-11-04 20:42:52 | WARNING | logger.py:390 | [TO_DO]  stderr:     ret = super(ScrollView, self).on_touch_down(touch)
2025-11-04 20:42:52 | WARNING | logger.py:390 | [TO_DO]  stderr:   File "D:\Python\TO_DO_Kivy\.venv\Lib\site-packages\kivy\uix\widget.py", line 589, in on_touch_down
2025-11-04 20:42:52 | WARNING | logger.py:390 | [TO_DO]  stderr:     if child.dispatch('on_touch_down', touch):
2025-11-04 20:42:52 | WARNING | logger.py:390 | [TO_DO]  stderr:        ~~~~~~~~~~~~~~^^^^^^^^^^^^^^^^^^^^^^^^
2025-11-04 20:42:52 | WARNING | logger.py:390 | [TO_DO]  stderr:   File "kivy\\_event.pyx", line 731, in kivy._event.EventDispatcher.dispatch
2025-11-04 20:42:52 | WARNING | logger.py:390 | [TO_DO]  stderr:   File "D:\Python\TO_DO_Kivy\.venv\Lib\site-packages\kivy\uix\widget.py", line 589, in on_touch_down
2025-11-04 20:42:52 | WARNING | logger.py:390 | [TO_DO]  stderr:     if child.dispatch('on_touch_down', touch):
2025-11-04 20:42:52 | WARNING | logger.py:390 | [TO_DO]  stderr:        ~~~~~~~~~~~~~~^^^^^^^^^^^^^^^^^^^^^^^^
2025-11-04 20:42:52 | WARNING | logger.py:390 | [TO_DO]  stderr:   File "kivy\\_event.pyx", line 731, in kivy._event.EventDispatcher.dispatch
2025-11-04 20:42:52 | WARNING | logger.py:390 | [TO_DO]  stderr:   File "D:\Python\TO_DO_Kivy\.venv\Lib\site-packages\kivy\uix\widget.py", line 589, in on_touch_down
2025-11-04 20:42:52 | WARNING | logger.py:390 | [TO_DO]  stderr:     if child.dispatch('on_touch_down', touch):
2025-11-04 20:42:52 | WARNING | logger.py:390 | [TO_DO]  stderr:        ~~~~~~~~~~~~~~^^^^^^^^^^^^^^^^^^^^^^^^
2025-11-04 20:42:52 | WARNING | logger.py:390 | [TO_DO]  stderr:   File "kivy\\_event.pyx", line 731, in kivy._event.EventDispatcher.dispatch
2025-11-04 20:42:52 | WARNING | logger.py:390 | [TO_DO]  stderr:   File "D:\Python\TO_DO_Kivy\.venv\Lib\site-packages\kivy\uix\behaviors\button.py", line 151, in on_touch_down
2025-11-04 20:42:52 | WARNING | logger.py:390 | [TO_DO]  stderr:     self.dispatch('on_press')
2025-11-04 20:42:52 | WARNING | logger.py:390 | [TO_DO]  stderr:     ~~~~~~~~~~~~~^^^^^^^^^^^^
2025-11-04 20:42:52 | WARNING | logger.py:390 | [TO_DO]  stderr:   File "kivy\\_event.pyx", line 727, in kivy._event.EventDispatcher.dispatch
2025-11-04 20:42:52 | WARNING | logger.py:390 | [TO_DO]  stderr:   File "kivy\\_event.pyx", line 1307, in kivy._event.EventObservers.dispatch
2025-11-04 20:42:52 | WARNING | logger.py:390 | [TO_DO]  stderr:   File "kivy\\_event.pyx", line 1191, in kivy._event.EventObservers._dispatch
2025-11-04 20:42:52 | WARNING | logger.py:390 | [TO_DO]  stderr:   File "D:\Python\TO_DO_Kivy\.venv\Lib\site-packages\kivy\lang\builder.py", line 60, in custom_callback
2025-11-04 20:42:52 | WARNING | logger.py:390 | [TO_DO]  stderr:     exec(__kvlang__.co_value, idmap)
2025-11-04 20:42:52 | WARNING | logger.py:390 | [TO_DO]  stderr:     ~~~~^^^^^^^^^^^^^^^^^^^^^^^^^^^^
2025-11-04 20:42:52 | WARNING | logger.py:390 | [TO_DO]  stderr:   File "D:\Python\TO_DO_Kivy\kv\components\dropdown.kv", line 18, in <module>
2025-11-04 20:42:52 | WARNING | logger.py:390 | [TO_DO]  stderr:     root.root_screen.change_lang() if app.config.get_param("app", "language") == "en" else ""
2025-11-04 20:42:52 | WARNING | logger.py:390 | [TO_DO]  stderr:     ^^^^^^^^^^^^^^
2025-11-04 20:42:52 | WARNING | logger.py:390 | [TO_DO]  stderr: TypeError: SettingsScreen.change_lang() missing 1 required positional argument: 'lang'
2025-11-04 20:43:42 | WARNING | config_logger.py:43 | [TO_DO]  Application started with mode: debug
2025-11-04 20:43:44 | DEBUG | main_menu.py:63 | [TO_DO]  Init MainMenu
2025-11-04 20:43:46 | DEBUG | setting.py:38 | [TO_DO]  load settings screen
2025-11-04 20:43:49 | INFO | base.py:616 | [TO_DO]  Base: Leaving application in progress...
2025-11-04 20:43:49 | WARNING | logger.py:390 | [TO_DO]  stderr: Traceback (most recent call last):
2025-11-04 20:43:49 | WARNING | logger.py:390 | [TO_DO]  stderr:   File "D:\Python\TO_DO_Kivy\main.py", line 71, in <module>
2025-11-04 20:43:49 | WARNING | logger.py:390 | [TO_DO]  stderr:     TO_DOApp().run()
2025-11-04 20:43:49 | WARNING | logger.py:390 | [TO_DO]  stderr:     ~~~~~~~~~~~~~~^^
2025-11-04 20:43:49 | WARNING | logger.py:390 | [TO_DO]  stderr:   File "D:\Python\TO_DO_Kivy\.venv\Lib\site-packages\kivy\app.py", line 956, in run
2025-11-04 20:43:49 | WARNING | logger.py:390 | [TO_DO]  stderr:     runTouchApp()
2025-11-04 20:43:49 | WARNING | logger.py:390 | [TO_DO]  stderr:     ~~~~~~~~~~~^^
2025-11-04 20:43:49 | WARNING | logger.py:390 | [TO_DO]  stderr:   File "D:\Python\TO_DO_Kivy\.venv\Lib\site-packages\kivy\base.py", line 574, in runTouchApp
2025-11-04 20:43:49 | WARNING | logger.py:390 | [TO_DO]  stderr:     EventLoop.mainloop()
2025-11-04 20:43:49 | WARNING | logger.py:390 | [TO_DO]  stderr:     ~~~~~~~~~~~~~~~~~~^^
2025-11-04 20:43:49 | WARNING | logger.py:390 | [TO_DO]  stderr:   File "D:\Python\TO_DO_Kivy\.venv\Lib\site-packages\kivy\base.py", line 339, in mainloop
2025-11-04 20:43:49 | WARNING | logger.py:390 | [TO_DO]  stderr:     self.idle()
2025-11-04 20:43:49 | WARNING | logger.py:390 | [TO_DO]  stderr:     ~~~~~~~~~^^
2025-11-04 20:43:49 | WARNING | logger.py:390 | [TO_DO]  stderr:   File "D:\Python\TO_DO_Kivy\.venv\Lib\site-packages\kivy\base.py", line 383, in idle
2025-11-04 20:43:49 | WARNING | logger.py:390 | [TO_DO]  stderr:     self.dispatch_input()
2025-11-04 20:43:49 | WARNING | logger.py:390 | [TO_DO]  stderr:     ~~~~~~~~~~~~~~~~~~~^^
2025-11-04 20:43:49 | WARNING | logger.py:390 | [TO_DO]  stderr:   File "D:\Python\TO_DO_Kivy\.venv\Lib\site-packages\kivy\base.py", line 334, in dispatch_input
2025-11-04 20:43:49 | WARNING | logger.py:390 | [TO_DO]  stderr:     post_dispatch_input(*pop(0))
2025-11-04 20:43:49 | WARNING | logger.py:390 | [TO_DO]  stderr:     ~~~~~~~~~~~~~~~~~~~^^^^^^^^^
2025-11-04 20:43:49 | WARNING | logger.py:390 | [TO_DO]  stderr:   File "D:\Python\TO_DO_Kivy\.venv\Lib\site-packages\kivy\base.py", line 263, in post_dispatch_input
2025-11-04 20:43:49 | WARNING | logger.py:390 | [TO_DO]  stderr:     listener.dispatch('on_motion', etype, me)
2025-11-04 20:43:49 | WARNING | logger.py:390 | [TO_DO]  stderr:     ~~~~~~~~~~~~~~~~~^^^^^^^^^^^^^^^^^^^^^^^^
2025-11-04 20:43:49 | WARNING | logger.py:390 | [TO_DO]  stderr:   File "kivy\\_event.pyx", line 731, in kivy._event.EventDispatcher.dispatch
2025-11-04 20:43:49 | WARNING | logger.py:390 | [TO_DO]  stderr:   File "D:\Python\TO_DO_Kivy\.venv\Lib\site-packages\kivy\core\window\__init__.py", line 1713, in on_motion
2025-11-04 20:43:49 | WARNING | logger.py:390 | [TO_DO]  stderr:     self.dispatch('on_touch_up', me)
2025-11-04 20:43:49 | WARNING | logger.py:390 | [TO_DO]  stderr:     ~~~~~~~~~~~~~^^^^^^^^^^^^^^^^^^^
2025-11-04 20:43:49 | WARNING | logger.py:390 | [TO_DO]  stderr:   File "kivy\\_event.pyx", line 731, in kivy._event.EventDispatcher.dispatch
2025-11-04 20:43:49 | WARNING | logger.py:390 | [TO_DO]  stderr:   File "D:\Python\TO_DO_Kivy\.venv\Lib\site-packages\kivy\core\window\__init__.py", line 1750, in on_touch_up
2025-11-04 20:43:49 | WARNING | logger.py:390 | [TO_DO]  stderr:     if w.dispatch('on_touch_up', touch):
2025-11-04 20:43:49 | WARNING | logger.py:390 | [TO_DO]  stderr:        ~~~~~~~~~~^^^^^^^^^^^^^^^^^^^^^^
2025-11-04 20:43:49 | WARNING | logger.py:390 | [TO_DO]  stderr:   File "kivy\\_event.pyx", line 731, in kivy._event.EventDispatcher.dispatch
2025-11-04 20:43:49 | WARNING | logger.py:390 | [TO_DO]  stderr:   File "D:\Python\TO_DO_Kivy\.venv\Lib\site-packages\kivy\uix\dropdown.py", line 319, in on_touch_up
2025-11-04 20:43:49 | WARNING | logger.py:390 | [TO_DO]  stderr:     super(DropDown, self).on_touch_up(touch)
2025-11-04 20:43:49 | WARNING | logger.py:390 | [TO_DO]  stderr:     ~~~~~~~~~~~~~~~~~~~~~~~~~~~~~~~~~^^^^^^^
2025-11-04 20:43:49 | WARNING | logger.py:390 | [TO_DO]  stderr:   File "D:\Python\TO_DO_Kivy\.venv\Lib\site-packages\kivy\uix\scrollview.py", line 972, in on_touch_up
2025-11-04 20:43:49 | WARNING | logger.py:390 | [TO_DO]  stderr:     if self.dispatch('on_scroll_stop', touch):
2025-11-04 20:43:49 | WARNING | logger.py:390 | [TO_DO]  stderr:        ~~~~~~~~~~~~~^^^^^^^^^^^^^^^^^^^^^^^^^
2025-11-04 20:43:49 | WARNING | logger.py:390 | [TO_DO]  stderr:   File "kivy\\_event.pyx", line 731, in kivy._event.EventDispatcher.dispatch
2025-11-04 20:43:49 | WARNING | logger.py:390 | [TO_DO]  stderr:   File "D:\Python\TO_DO_Kivy\.venv\Lib\site-packages\kivy\uix\scrollview.py", line 1009, in on_scroll_stop
2025-11-04 20:43:49 | WARNING | logger.py:390 | [TO_DO]  stderr:     self.simulate_touch_down(touch)
2025-11-04 20:43:49 | WARNING | logger.py:390 | [TO_DO]  stderr:     ~~~~~~~~~~~~~~~~~~~~~~~~^^^^^^^
2025-11-04 20:43:49 | WARNING | logger.py:390 | [TO_DO]  stderr:   File "D:\Python\TO_DO_Kivy\.venv\Lib\site-packages\kivy\uix\scrollview.py", line 672, in simulate_touch_down
2025-11-04 20:43:49 | WARNING | logger.py:390 | [TO_DO]  stderr:     ret = super(ScrollView, self).on_touch_down(touch)
2025-11-04 20:43:49 | WARNING | logger.py:390 | [TO_DO]  stderr:   File "D:\Python\TO_DO_Kivy\.venv\Lib\site-packages\kivy\uix\widget.py", line 589, in on_touch_down
2025-11-04 20:43:49 | WARNING | logger.py:390 | [TO_DO]  stderr:     if child.dispatch('on_touch_down', touch):
2025-11-04 20:43:49 | WARNING | logger.py:390 | [TO_DO]  stderr:        ~~~~~~~~~~~~~~^^^^^^^^^^^^^^^^^^^^^^^^
2025-11-04 20:43:49 | WARNING | logger.py:390 | [TO_DO]  stderr:   File "kivy\\_event.pyx", line 731, in kivy._event.EventDispatcher.dispatch
2025-11-04 20:43:49 | WARNING | logger.py:390 | [TO_DO]  stderr:   File "D:\Python\TO_DO_Kivy\.venv\Lib\site-packages\kivy\uix\widget.py", line 589, in on_touch_down
2025-11-04 20:43:49 | WARNING | logger.py:390 | [TO_DO]  stderr:     if child.dispatch('on_touch_down', touch):
2025-11-04 20:43:49 | WARNING | logger.py:390 | [TO_DO]  stderr:        ~~~~~~~~~~~~~~^^^^^^^^^^^^^^^^^^^^^^^^
2025-11-04 20:43:49 | WARNING | logger.py:390 | [TO_DO]  stderr:   File "kivy\\_event.pyx", line 731, in kivy._event.EventDispatcher.dispatch
2025-11-04 20:43:49 | WARNING | logger.py:390 | [TO_DO]  stderr:   File "D:\Python\TO_DO_Kivy\.venv\Lib\site-packages\kivy\uix\widget.py", line 589, in on_touch_down
2025-11-04 20:43:49 | WARNING | logger.py:390 | [TO_DO]  stderr:     if child.dispatch('on_touch_down', touch):
2025-11-04 20:43:49 | WARNING | logger.py:390 | [TO_DO]  stderr:        ~~~~~~~~~~~~~~^^^^^^^^^^^^^^^^^^^^^^^^
2025-11-04 20:43:49 | WARNING | logger.py:390 | [TO_DO]  stderr:   File "kivy\\_event.pyx", line 731, in kivy._event.EventDispatcher.dispatch
2025-11-04 20:43:49 | WARNING | logger.py:390 | [TO_DO]  stderr:   File "D:\Python\TO_DO_Kivy\.venv\Lib\site-packages\kivy\uix\behaviors\button.py", line 151, in on_touch_down
2025-11-04 20:43:49 | WARNING | logger.py:390 | [TO_DO]  stderr:     self.dispatch('on_press')
2025-11-04 20:43:49 | WARNING | logger.py:390 | [TO_DO]  stderr:     ~~~~~~~~~~~~~^^^^^^^^^^^^
2025-11-04 20:43:49 | WARNING | logger.py:390 | [TO_DO]  stderr:   File "kivy\\_event.pyx", line 727, in kivy._event.EventDispatcher.dispatch
2025-11-04 20:43:49 | WARNING | logger.py:390 | [TO_DO]  stderr:   File "kivy\\_event.pyx", line 1307, in kivy._event.EventObservers.dispatch
2025-11-04 20:43:49 | WARNING | logger.py:390 | [TO_DO]  stderr:   File "kivy\\_event.pyx", line 1191, in kivy._event.EventObservers._dispatch
2025-11-04 20:43:49 | WARNING | logger.py:390 | [TO_DO]  stderr:   File "D:\Python\TO_DO_Kivy\.venv\Lib\site-packages\kivy\lang\builder.py", line 60, in custom_callback
2025-11-04 20:43:49 | WARNING | logger.py:390 | [TO_DO]  stderr:     exec(__kvlang__.co_value, idmap)
2025-11-04 20:43:49 | WARNING | logger.py:390 | [TO_DO]  stderr:     ~~~~^^^^^^^^^^^^^^^^^^^^^^^^^^^^
2025-11-04 20:43:49 | WARNING | logger.py:390 | [TO_DO]  stderr:   File "D:\Python\TO_DO_Kivy\kv\components\dropdown.kv", line 18, in <module>
2025-11-04 20:43:49 | WARNING | logger.py:390 | [TO_DO]  stderr:     root.root_screen.change_lang() if app.config.get_param("app", "language") == "en" else ""
2025-11-04 20:43:49 | WARNING | logger.py:390 | [TO_DO]  stderr:     ^^^^^^^^^^^^^^
2025-11-04 20:43:49 | WARNING | logger.py:390 | [TO_DO]  stderr: TypeError: SettingsScreen.change_lang() missing 1 required positional argument: 'lang'
2025-11-04 20:45:15 | WARNING | config_logger.py:43 | [TO_DO]  Application started with mode: debug
2025-11-04 20:45:18 | DEBUG | main_menu.py:63 | [TO_DO]  Init MainMenu
2025-11-04 20:45:20 | DEBUG | setting.py:38 | [TO_DO]  load settings screen
2025-11-04 20:45:23 | DEBUG | setting.py:46 | [TO_DO]  Change language on-en
2025-11-04 20:45:36 | DEBUG | setting.py:46 | [TO_DO]  Change language on-ru
2025-11-04 20:45:47 | DEBUG | setting.py:46 | [TO_DO]  Change language on-en
2025-11-04 20:45:54 | INFO | base.py:616 | [TO_DO]  Base: Leaving application in progress...
2025-11-04 20:46:51 | WARNING | config_logger.py:43 | [TO_DO]  Application started with mode: debug
2025-11-04 20:46:54 | DEBUG | main_menu.py:63 | [TO_DO]  Init MainMenu
2025-11-04 20:46:56 | DEBUG | setting.py:38 | [TO_DO]  load settings screen
2025-11-04 20:47:00 | DEBUG | setting.py:46 | [TO_DO]  Change language on-ru
2025-11-04 20:47:06 | DEBUG | setting.py:46 | [TO_DO]  Change language on-en
2025-11-04 20:47:14 | DEBUG | setting.py:46 | [TO_DO]  Change language on-ru
2025-11-04 20:47:16 | INFO | base.py:616 | [TO_DO]  Base: Leaving application in progress...
2025-11-04 21:14:07 | WARNING | config_logger.py:43 | [TO_DO]  Application started with mode: debug
2025-11-04 21:14:09 | DEBUG | main_menu.py:63 | [TO_DO]  Init MainMenu
2025-11-04 21:14:11 | DEBUG | setting.py:38 | [TO_DO]  load settings screen
2025-11-04 21:14:15 | DEBUG | setting.py:46 | [TO_DO]  Change language on-en
2025-11-04 21:14:18 | DEBUG | setting.py:46 | [TO_DO]  Change language on-ru
2025-11-04 21:14:33 | DEBUG | main_menu.py:63 | [TO_DO]  Init MainMenu
2025-11-04 21:14:35 | DEBUG | main_menu.py:102 | [TO_DO]  Open confirmation popup
2025-11-04 21:14:37 | INFO | base.py:616 | [TO_DO]  Base: Leaving application in progress...
2025-11-04 21:19:27 | WARNING | config_logger.py:43 | [TO_DO]  Application started with mode: debug
2025-11-04 21:19:29 | DEBUG | main_menu.py:63 | [TO_DO]  Init MainMenu
2025-11-04 21:19:31 | DEBUG | setting.py:38 | [TO_DO]  load settings screen
2025-11-04 21:19:34 | INFO | base.py:616 | [TO_DO]  Base: Leaving application in progress...
2025-11-04 21:19:34 | WARNING | logger.py:390 | [TO_DO]  stderr: Traceback (most recent call last):
2025-11-04 21:19:34 | WARNING | logger.py:390 | [TO_DO]  stderr:   File "D:\Python\TO_DO_Kivy\main.py", line 71, in <module>
2025-11-04 21:19:34 | WARNING | logger.py:390 | [TO_DO]  stderr:     TO_DOApp().run()
2025-11-04 21:19:34 | WARNING | logger.py:390 | [TO_DO]  stderr:     ~~~~~~~~~~~~~~^^
2025-11-04 21:19:34 | WARNING | logger.py:390 | [TO_DO]  stderr:   File "D:\Python\TO_DO_Kivy\.venv\Lib\site-packages\kivy\app.py", line 956, in run
2025-11-04 21:19:34 | WARNING | logger.py:390 | [TO_DO]  stderr:     runTouchApp()
2025-11-04 21:19:34 | WARNING | logger.py:390 | [TO_DO]  stderr:     ~~~~~~~~~~~^^
2025-11-04 21:19:34 | WARNING | logger.py:390 | [TO_DO]  stderr:   File "D:\Python\TO_DO_Kivy\.venv\Lib\site-packages\kivy\base.py", line 574, in runTouchApp
2025-11-04 21:19:34 | WARNING | logger.py:390 | [TO_DO]  stderr:     EventLoop.mainloop()
2025-11-04 21:19:34 | WARNING | logger.py:390 | [TO_DO]  stderr:     ~~~~~~~~~~~~~~~~~~^^
2025-11-04 21:19:34 | WARNING | logger.py:390 | [TO_DO]  stderr:   File "D:\Python\TO_DO_Kivy\.venv\Lib\site-packages\kivy\base.py", line 339, in mainloop
2025-11-04 21:19:34 | WARNING | logger.py:390 | [TO_DO]  stderr:     self.idle()
2025-11-04 21:19:34 | WARNING | logger.py:390 | [TO_DO]  stderr:     ~~~~~~~~~^^
2025-11-04 21:19:34 | WARNING | logger.py:390 | [TO_DO]  stderr:   File "D:\Python\TO_DO_Kivy\.venv\Lib\site-packages\kivy\base.py", line 383, in idle
2025-11-04 21:19:34 | WARNING | logger.py:390 | [TO_DO]  stderr:     self.dispatch_input()
2025-11-04 21:19:34 | WARNING | logger.py:390 | [TO_DO]  stderr:     ~~~~~~~~~~~~~~~~~~~^^
2025-11-04 21:19:34 | WARNING | logger.py:390 | [TO_DO]  stderr:   File "D:\Python\TO_DO_Kivy\.venv\Lib\site-packages\kivy\base.py", line 334, in dispatch_input
2025-11-04 21:19:34 | WARNING | logger.py:390 | [TO_DO]  stderr:     post_dispatch_input(*pop(0))
2025-11-04 21:19:34 | WARNING | logger.py:390 | [TO_DO]  stderr:     ~~~~~~~~~~~~~~~~~~~^^^^^^^^^
2025-11-04 21:19:34 | WARNING | logger.py:390 | [TO_DO]  stderr:   File "D:\Python\TO_DO_Kivy\.venv\Lib\site-packages\kivy\base.py", line 263, in post_dispatch_input
2025-11-04 21:19:34 | WARNING | logger.py:390 | [TO_DO]  stderr:     listener.dispatch('on_motion', etype, me)
2025-11-04 21:19:34 | WARNING | logger.py:390 | [TO_DO]  stderr:     ~~~~~~~~~~~~~~~~~^^^^^^^^^^^^^^^^^^^^^^^^
2025-11-04 21:19:34 | WARNING | logger.py:390 | [TO_DO]  stderr:   File "kivy\\_event.pyx", line 731, in kivy._event.EventDispatcher.dispatch
2025-11-04 21:19:34 | WARNING | logger.py:390 | [TO_DO]  stderr:   File "D:\Python\TO_DO_Kivy\.venv\Lib\site-packages\kivy\core\window\__init__.py", line 1713, in on_motion
2025-11-04 21:19:34 | WARNING | logger.py:390 | [TO_DO]  stderr:     self.dispatch('on_touch_up', me)
2025-11-04 21:19:34 | WARNING | logger.py:390 | [TO_DO]  stderr:     ~~~~~~~~~~~~~^^^^^^^^^^^^^^^^^^^
2025-11-04 21:19:34 | WARNING | logger.py:390 | [TO_DO]  stderr:   File "kivy\\_event.pyx", line 731, in kivy._event.EventDispatcher.dispatch
2025-11-04 21:19:34 | WARNING | logger.py:390 | [TO_DO]  stderr:   File "D:\Python\TO_DO_Kivy\.venv\Lib\site-packages\kivy\core\window\__init__.py", line 1750, in on_touch_up
2025-11-04 21:19:34 | WARNING | logger.py:390 | [TO_DO]  stderr:     if w.dispatch('on_touch_up', touch):
2025-11-04 21:19:34 | WARNING | logger.py:390 | [TO_DO]  stderr:        ~~~~~~~~~~^^^^^^^^^^^^^^^^^^^^^^
2025-11-04 21:19:34 | WARNING | logger.py:390 | [TO_DO]  stderr:   File "kivy\\_event.pyx", line 731, in kivy._event.EventDispatcher.dispatch
2025-11-04 21:19:34 | WARNING | logger.py:390 | [TO_DO]  stderr:   File "D:\Python\TO_DO_Kivy\.venv\Lib\site-packages\kivy\uix\dropdown.py", line 319, in on_touch_up
2025-11-04 21:19:34 | WARNING | logger.py:390 | [TO_DO]  stderr:     super(DropDown, self).on_touch_up(touch)
2025-11-04 21:19:34 | WARNING | logger.py:390 | [TO_DO]  stderr:     ~~~~~~~~~~~~~~~~~~~~~~~~~~~~~~~~~^^^^^^^
2025-11-04 21:19:34 | WARNING | logger.py:390 | [TO_DO]  stderr:   File "D:\Python\TO_DO_Kivy\.venv\Lib\site-packages\kivy\uix\scrollview.py", line 972, in on_touch_up
2025-11-04 21:19:34 | WARNING | logger.py:390 | [TO_DO]  stderr:     if self.dispatch('on_scroll_stop', touch):
2025-11-04 21:19:34 | WARNING | logger.py:390 | [TO_DO]  stderr:        ~~~~~~~~~~~~~^^^^^^^^^^^^^^^^^^^^^^^^^
2025-11-04 21:19:34 | WARNING | logger.py:390 | [TO_DO]  stderr:   File "kivy\\_event.pyx", line 731, in kivy._event.EventDispatcher.dispatch
2025-11-04 21:19:34 | WARNING | logger.py:390 | [TO_DO]  stderr:   File "D:\Python\TO_DO_Kivy\.venv\Lib\site-packages\kivy\uix\scrollview.py", line 1009, in on_scroll_stop
2025-11-04 21:19:34 | WARNING | logger.py:390 | [TO_DO]  stderr:     self.simulate_touch_down(touch)
2025-11-04 21:19:34 | WARNING | logger.py:390 | [TO_DO]  stderr:     ~~~~~~~~~~~~~~~~~~~~~~~~^^^^^^^
2025-11-04 21:19:34 | WARNING | logger.py:390 | [TO_DO]  stderr:   File "D:\Python\TO_DO_Kivy\.venv\Lib\site-packages\kivy\uix\scrollview.py", line 672, in simulate_touch_down
2025-11-04 21:19:34 | WARNING | logger.py:390 | [TO_DO]  stderr:     ret = super(ScrollView, self).on_touch_down(touch)
2025-11-04 21:19:34 | WARNING | logger.py:390 | [TO_DO]  stderr:   File "D:\Python\TO_DO_Kivy\.venv\Lib\site-packages\kivy\uix\widget.py", line 589, in on_touch_down
2025-11-04 21:19:34 | WARNING | logger.py:390 | [TO_DO]  stderr:     if child.dispatch('on_touch_down', touch):
2025-11-04 21:19:34 | WARNING | logger.py:390 | [TO_DO]  stderr:        ~~~~~~~~~~~~~~^^^^^^^^^^^^^^^^^^^^^^^^
2025-11-04 21:19:34 | WARNING | logger.py:390 | [TO_DO]  stderr:   File "kivy\\_event.pyx", line 731, in kivy._event.EventDispatcher.dispatch
2025-11-04 21:19:34 | WARNING | logger.py:390 | [TO_DO]  stderr:   File "D:\Python\TO_DO_Kivy\.venv\Lib\site-packages\kivy\uix\widget.py", line 589, in on_touch_down
2025-11-04 21:19:34 | WARNING | logger.py:390 | [TO_DO]  stderr:     if child.dispatch('on_touch_down', touch):
2025-11-04 21:19:34 | WARNING | logger.py:390 | [TO_DO]  stderr:        ~~~~~~~~~~~~~~^^^^^^^^^^^^^^^^^^^^^^^^
2025-11-04 21:19:34 | WARNING | logger.py:390 | [TO_DO]  stderr:   File "kivy\\_event.pyx", line 731, in kivy._event.EventDispatcher.dispatch
2025-11-04 21:19:34 | WARNING | logger.py:390 | [TO_DO]  stderr:   File "D:\Python\TO_DO_Kivy\.venv\Lib\site-packages\kivy\uix\widget.py", line 589, in on_touch_down
2025-11-04 21:19:34 | WARNING | logger.py:390 | [TO_DO]  stderr:     if child.dispatch('on_touch_down', touch):
2025-11-04 21:19:34 | WARNING | logger.py:390 | [TO_DO]  stderr:        ~~~~~~~~~~~~~~^^^^^^^^^^^^^^^^^^^^^^^^
2025-11-04 21:19:34 | WARNING | logger.py:390 | [TO_DO]  stderr:   File "kivy\\_event.pyx", line 731, in kivy._event.EventDispatcher.dispatch
2025-11-04 21:19:34 | WARNING | logger.py:390 | [TO_DO]  stderr:   File "D:\Python\TO_DO_Kivy\.venv\Lib\site-packages\kivy\uix\behaviors\button.py", line 151, in on_touch_down
2025-11-04 21:19:34 | WARNING | logger.py:390 | [TO_DO]  stderr:     self.dispatch('on_press')
2025-11-04 21:19:34 | WARNING | logger.py:390 | [TO_DO]  stderr:     ~~~~~~~~~~~~~^^^^^^^^^^^^
2025-11-04 21:19:34 | WARNING | logger.py:390 | [TO_DO]  stderr:   File "kivy\\_event.pyx", line 727, in kivy._event.EventDispatcher.dispatch
2025-11-04 21:19:34 | WARNING | logger.py:390 | [TO_DO]  stderr:   File "kivy\\_event.pyx", line 1307, in kivy._event.EventObservers.dispatch
2025-11-04 21:19:34 | WARNING | logger.py:390 | [TO_DO]  stderr:   File "kivy\\_event.pyx", line 1191, in kivy._event.EventObservers._dispatch
2025-11-04 21:19:34 | WARNING | logger.py:390 | [TO_DO]  stderr:   File "D:\Python\TO_DO_Kivy\.venv\Lib\site-packages\kivy\lang\builder.py", line 60, in custom_callback
2025-11-04 21:19:34 | WARNING | logger.py:390 | [TO_DO]  stderr:     exec(__kvlang__.co_value, idmap)
2025-11-04 21:19:34 | WARNING | logger.py:390 | [TO_DO]  stderr:     ~~~~^^^^^^^^^^^^^^^^^^^^^^^^^^^^
2025-11-04 21:19:34 | WARNING | logger.py:390 | [TO_DO]  stderr:   File "D:\Python\TO_DO_Kivy\kv\components\dropdown.kv", line 52, in <module>
2025-11-04 21:19:34 | WARNING | logger.py:390 | [TO_DO]  stderr:     root.root_screen.change_theme("light")
2025-11-04 21:19:34 | WARNING | logger.py:390 | [TO_DO]  stderr:     ^^^^^^^^^^^^^
2025-11-04 21:19:34 | WARNING | logger.py:390 | [TO_DO]  stderr: AttributeError: 'SettingsScreen' object has no attribute 'change_theme'
2025-11-04 21:21:03 | WARNING | config_logger.py:43 | [TO_DO]  Application started with mode: debug
2025-11-04 21:21:05 | DEBUG | main_menu.py:63 | [TO_DO]  Init MainMenu
2025-11-04 21:21:07 | DEBUG | setting.py:38 | [TO_DO]  load settings screen
2025-11-04 21:21:09 | DEBUG | setting.py:60 | [TO_DO]  Change language on-light
2025-11-04 21:21:09 | INFO | base.py:616 | [TO_DO]  Base: Leaving application in progress...
2025-11-04 21:21:09 | WARNING | logger.py:390 | [TO_DO]  stderr: Traceback (most recent call last):
2025-11-04 21:21:09 | WARNING | logger.py:390 | [TO_DO]  stderr:   File "D:\Python\TO_DO_Kivy\main.py", line 71, in <module>
2025-11-04 21:21:09 | WARNING | logger.py:390 | [TO_DO]  stderr:     TO_DOApp().run()
2025-11-04 21:21:09 | WARNING | logger.py:390 | [TO_DO]  stderr:     ~~~~~~~~~~~~~~^^
2025-11-04 21:21:09 | WARNING | logger.py:390 | [TO_DO]  stderr:   File "D:\Python\TO_DO_Kivy\.venv\Lib\site-packages\kivy\app.py", line 956, in run
2025-11-04 21:21:09 | WARNING | logger.py:390 | [TO_DO]  stderr:     runTouchApp()
2025-11-04 21:21:09 | WARNING | logger.py:390 | [TO_DO]  stderr:     ~~~~~~~~~~~^^
2025-11-04 21:21:09 | WARNING | logger.py:390 | [TO_DO]  stderr:   File "D:\Python\TO_DO_Kivy\.venv\Lib\site-packages\kivy\base.py", line 574, in runTouchApp
2025-11-04 21:21:09 | WARNING | logger.py:390 | [TO_DO]  stderr:     EventLoop.mainloop()
2025-11-04 21:21:09 | WARNING | logger.py:390 | [TO_DO]  stderr:     ~~~~~~~~~~~~~~~~~~^^
2025-11-04 21:21:09 | WARNING | logger.py:390 | [TO_DO]  stderr:   File "D:\Python\TO_DO_Kivy\.venv\Lib\site-packages\kivy\base.py", line 339, in mainloop
2025-11-04 21:21:09 | WARNING | logger.py:390 | [TO_DO]  stderr:     self.idle()
2025-11-04 21:21:09 | WARNING | logger.py:390 | [TO_DO]  stderr:     ~~~~~~~~~^^
2025-11-04 21:21:09 | WARNING | logger.py:390 | [TO_DO]  stderr:   File "D:\Python\TO_DO_Kivy\.venv\Lib\site-packages\kivy\base.py", line 383, in idle
2025-11-04 21:21:09 | WARNING | logger.py:390 | [TO_DO]  stderr:     self.dispatch_input()
2025-11-04 21:21:09 | WARNING | logger.py:390 | [TO_DO]  stderr:     ~~~~~~~~~~~~~~~~~~~^^
2025-11-04 21:21:09 | WARNING | logger.py:390 | [TO_DO]  stderr:   File "D:\Python\TO_DO_Kivy\.venv\Lib\site-packages\kivy\base.py", line 334, in dispatch_input
2025-11-04 21:21:09 | WARNING | logger.py:390 | [TO_DO]  stderr:     post_dispatch_input(*pop(0))
2025-11-04 21:21:09 | WARNING | logger.py:390 | [TO_DO]  stderr:     ~~~~~~~~~~~~~~~~~~~^^^^^^^^^
2025-11-04 21:21:09 | WARNING | logger.py:390 | [TO_DO]  stderr:   File "D:\Python\TO_DO_Kivy\.venv\Lib\site-packages\kivy\base.py", line 263, in post_dispatch_input
2025-11-04 21:21:09 | WARNING | logger.py:390 | [TO_DO]  stderr:     listener.dispatch('on_motion', etype, me)
2025-11-04 21:21:09 | WARNING | logger.py:390 | [TO_DO]  stderr:     ~~~~~~~~~~~~~~~~~^^^^^^^^^^^^^^^^^^^^^^^^
2025-11-04 21:21:09 | WARNING | logger.py:390 | [TO_DO]  stderr:   File "kivy\\_event.pyx", line 731, in kivy._event.EventDispatcher.dispatch
2025-11-04 21:21:09 | WARNING | logger.py:390 | [TO_DO]  stderr:   File "D:\Python\TO_DO_Kivy\.venv\Lib\site-packages\kivy\core\window\__init__.py", line 1713, in on_motion
2025-11-04 21:21:09 | WARNING | logger.py:390 | [TO_DO]  stderr:     self.dispatch('on_touch_up', me)
2025-11-04 21:21:09 | WARNING | logger.py:390 | [TO_DO]  stderr:     ~~~~~~~~~~~~~^^^^^^^^^^^^^^^^^^^
2025-11-04 21:21:09 | WARNING | logger.py:390 | [TO_DO]  stderr:   File "kivy\\_event.pyx", line 731, in kivy._event.EventDispatcher.dispatch
2025-11-04 21:21:09 | WARNING | logger.py:390 | [TO_DO]  stderr:   File "D:\Python\TO_DO_Kivy\.venv\Lib\site-packages\kivy\core\window\__init__.py", line 1750, in on_touch_up
2025-11-04 21:21:09 | WARNING | logger.py:390 | [TO_DO]  stderr:     if w.dispatch('on_touch_up', touch):
2025-11-04 21:21:09 | WARNING | logger.py:390 | [TO_DO]  stderr:        ~~~~~~~~~~^^^^^^^^^^^^^^^^^^^^^^
2025-11-04 21:21:09 | WARNING | logger.py:390 | [TO_DO]  stderr:   File "kivy\\_event.pyx", line 731, in kivy._event.EventDispatcher.dispatch
2025-11-04 21:21:09 | WARNING | logger.py:390 | [TO_DO]  stderr:   File "D:\Python\TO_DO_Kivy\.venv\Lib\site-packages\kivy\uix\dropdown.py", line 319, in on_touch_up
2025-11-04 21:21:09 | WARNING | logger.py:390 | [TO_DO]  stderr:     super(DropDown, self).on_touch_up(touch)
2025-11-04 21:21:09 | WARNING | logger.py:390 | [TO_DO]  stderr:     ~~~~~~~~~~~~~~~~~~~~~~~~~~~~~~~~~^^^^^^^
2025-11-04 21:21:09 | WARNING | logger.py:390 | [TO_DO]  stderr:   File "D:\Python\TO_DO_Kivy\.venv\Lib\site-packages\kivy\uix\scrollview.py", line 972, in on_touch_up
2025-11-04 21:21:09 | WARNING | logger.py:390 | [TO_DO]  stderr:     if self.dispatch('on_scroll_stop', touch):
2025-11-04 21:21:09 | WARNING | logger.py:390 | [TO_DO]  stderr:        ~~~~~~~~~~~~~^^^^^^^^^^^^^^^^^^^^^^^^^
2025-11-04 21:21:09 | WARNING | logger.py:390 | [TO_DO]  stderr:   File "kivy\\_event.pyx", line 731, in kivy._event.EventDispatcher.dispatch
2025-11-04 21:21:09 | WARNING | logger.py:390 | [TO_DO]  stderr:   File "D:\Python\TO_DO_Kivy\.venv\Lib\site-packages\kivy\uix\scrollview.py", line 1009, in on_scroll_stop
2025-11-04 21:21:09 | WARNING | logger.py:390 | [TO_DO]  stderr:     self.simulate_touch_down(touch)
2025-11-04 21:21:09 | WARNING | logger.py:390 | [TO_DO]  stderr:     ~~~~~~~~~~~~~~~~~~~~~~~~^^^^^^^
2025-11-04 21:21:09 | WARNING | logger.py:390 | [TO_DO]  stderr:   File "D:\Python\TO_DO_Kivy\.venv\Lib\site-packages\kivy\uix\scrollview.py", line 672, in simulate_touch_down
2025-11-04 21:21:09 | WARNING | logger.py:390 | [TO_DO]  stderr:     ret = super(ScrollView, self).on_touch_down(touch)
2025-11-04 21:21:09 | WARNING | logger.py:390 | [TO_DO]  stderr:   File "D:\Python\TO_DO_Kivy\.venv\Lib\site-packages\kivy\uix\widget.py", line 589, in on_touch_down
2025-11-04 21:21:09 | WARNING | logger.py:390 | [TO_DO]  stderr:     if child.dispatch('on_touch_down', touch):
2025-11-04 21:21:09 | WARNING | logger.py:390 | [TO_DO]  stderr:        ~~~~~~~~~~~~~~^^^^^^^^^^^^^^^^^^^^^^^^
2025-11-04 21:21:09 | WARNING | logger.py:390 | [TO_DO]  stderr:   File "kivy\\_event.pyx", line 731, in kivy._event.EventDispatcher.dispatch
2025-11-04 21:21:09 | WARNING | logger.py:390 | [TO_DO]  stderr:   File "D:\Python\TO_DO_Kivy\.venv\Lib\site-packages\kivy\uix\widget.py", line 589, in on_touch_down
2025-11-04 21:21:09 | WARNING | logger.py:390 | [TO_DO]  stderr:     if child.dispatch('on_touch_down', touch):
2025-11-04 21:21:09 | WARNING | logger.py:390 | [TO_DO]  stderr:        ~~~~~~~~~~~~~~^^^^^^^^^^^^^^^^^^^^^^^^
2025-11-04 21:21:09 | WARNING | logger.py:390 | [TO_DO]  stderr:   File "kivy\\_event.pyx", line 731, in kivy._event.EventDispatcher.dispatch
2025-11-04 21:21:09 | WARNING | logger.py:390 | [TO_DO]  stderr:   File "D:\Python\TO_DO_Kivy\.venv\Lib\site-packages\kivy\uix\widget.py", line 589, in on_touch_down
2025-11-04 21:21:09 | WARNING | logger.py:390 | [TO_DO]  stderr:     if child.dispatch('on_touch_down', touch):
2025-11-04 21:21:09 | WARNING | logger.py:390 | [TO_DO]  stderr:        ~~~~~~~~~~~~~~^^^^^^^^^^^^^^^^^^^^^^^^
2025-11-04 21:21:09 | WARNING | logger.py:390 | [TO_DO]  stderr:   File "kivy\\_event.pyx", line 731, in kivy._event.EventDispatcher.dispatch
2025-11-04 21:21:09 | WARNING | logger.py:390 | [TO_DO]  stderr:   File "D:\Python\TO_DO_Kivy\.venv\Lib\site-packages\kivy\uix\behaviors\button.py", line 151, in on_touch_down
2025-11-04 21:21:09 | WARNING | logger.py:390 | [TO_DO]  stderr:     self.dispatch('on_press')
2025-11-04 21:21:09 | WARNING | logger.py:390 | [TO_DO]  stderr:     ~~~~~~~~~~~~~^^^^^^^^^^^^
2025-11-04 21:21:09 | WARNING | logger.py:390 | [TO_DO]  stderr:   File "kivy\\_event.pyx", line 727, in kivy._event.EventDispatcher.dispatch
2025-11-04 21:21:09 | WARNING | logger.py:390 | [TO_DO]  stderr:   File "kivy\\_event.pyx", line 1307, in kivy._event.EventObservers.dispatch
2025-11-04 21:21:09 | WARNING | logger.py:390 | [TO_DO]  stderr:   File "kivy\\_event.pyx", line 1191, in kivy._event.EventObservers._dispatch
2025-11-04 21:21:09 | WARNING | logger.py:390 | [TO_DO]  stderr:   File "D:\Python\TO_DO_Kivy\.venv\Lib\site-packages\kivy\lang\builder.py", line 60, in custom_callback
2025-11-04 21:21:09 | WARNING | logger.py:390 | [TO_DO]  stderr:     exec(__kvlang__.co_value, idmap)
2025-11-04 21:21:09 | WARNING | logger.py:390 | [TO_DO]  stderr:     ~~~~^^^^^^^^^^^^^^^^^^^^^^^^^^^^
2025-11-04 21:21:09 | WARNING | logger.py:390 | [TO_DO]  stderr:   File "D:\Python\TO_DO_Kivy\kv\components\dropdown.kv", line 52, in <module>
2025-11-04 21:21:09 | WARNING | logger.py:390 | [TO_DO]  stderr:     root.root_screen._change_theme("light")
2025-11-04 21:21:09 | WARNING | logger.py:390 | [TO_DO]  stderr:     ^^^^^^^^^^^^^^^^^^^^^^^
2025-11-04 21:21:09 | WARNING | logger.py:390 | [TO_DO]  stderr:   File "D:\Python\TO_DO_Kivy\screens\setting.py", line 61, in _change_theme
2025-11-04 21:21:09 | WARNING | logger.py:390 | [TO_DO]  stderr:     dropdown = self.ids.ddl_open.dropdown_theme
2025-11-04 21:21:09 | WARNING | logger.py:390 | [TO_DO]  stderr:                ^^^^^^^^^^^^^^^^^^^^^^^^^^^^^^^^
2025-11-04 21:21:09 | WARNING | logger.py:390 | [TO_DO]  stderr:   File "kivy\\weakproxy.pyx", line 32, in kivy.weakproxy.WeakProxy.__getattr__
2025-11-04 21:21:09 | WARNING | logger.py:390 | [TO_DO]  stderr: AttributeError: 'Button_1' object has no attribute 'dropdown_theme'
2025-11-04 21:23:09 | WARNING | config_logger.py:43 | [TO_DO]  Application started with mode: debug
2025-11-04 21:23:11 | DEBUG | main_menu.py:63 | [TO_DO]  Init MainMenu
2025-11-04 21:23:13 | DEBUG | setting.py:38 | [TO_DO]  load settings screen
2025-11-04 21:23:15 | DEBUG | setting.py:60 | [TO_DO]  Change language on-light
2025-11-04 21:23:19 | DEBUG | setting.py:60 | [TO_DO]  Change language on-light
2025-11-04 21:23:23 | DEBUG | setting.py:60 | [TO_DO]  Change language on-dark
2025-11-04 21:23:28 | INFO | base.py:616 | [TO_DO]  Base: Leaving application in progress...
2025-11-04 21:24:56 | WARNING | config_logger.py:43 | [TO_DO]  Application started with mode: debug
2025-11-04 21:24:58 | DEBUG | main_menu.py:63 | [TO_DO]  Init MainMenu
2025-11-04 21:25:00 | DEBUG | setting.py:38 | [TO_DO]  load settings screen
2025-11-04 21:25:04 | DEBUG | setting.py:60 | [TO_DO]  Change Theme on - light
2025-11-04 21:25:06 | DEBUG | setting.py:60 | [TO_DO]  Change Theme on - dark
2025-11-04 21:25:11 | INFO | base.py:616 | [TO_DO]  Base: Leaving application in progress...
2025-11-04 21:25:18 | WARNING | config_logger.py:43 | [TO_DO]  Application started with mode: debug
2025-11-04 21:25:20 | DEBUG | main_menu.py:63 | [TO_DO]  Init MainMenu
2025-11-04 21:25:23 | DEBUG | setting.py:38 | [TO_DO]  load settings screen
2025-11-04 21:25:26 | DEBUG | setting.py:60 | [TO_DO]  Change Theme on - light
2025-11-04 21:25:29 | DEBUG | main_menu.py:63 | [TO_DO]  Init MainMenu
2025-11-04 21:25:32 | DEBUG | setting.py:38 | [TO_DO]  load settings screen
2025-11-04 21:25:41 | INFO | base.py:616 | [TO_DO]  Base: Leaving application in progress...
2025-11-04 21:26:35 | WARNING | config_logger.py:43 | [TO_DO]  Application started with mode: debug
2025-11-04 21:26:37 | DEBUG | main_menu.py:63 | [TO_DO]  Init MainMenu
2025-11-04 21:26:40 | DEBUG | setting.py:38 | [TO_DO]  load settings screen
2025-11-04 21:26:43 | DEBUG | setting.py:60 | [TO_DO]  Change Theme on - dark
2025-11-04 21:26:47 | DEBUG | main_menu.py:63 | [TO_DO]  Init MainMenu
2025-11-04 21:26:52 | DEBUG | setting.py:38 | [TO_DO]  load settings screen
2025-11-04 21:27:06 | INFO | base.py:616 | [TO_DO]  Base: Leaving application in progress...
2025-11-04 21:27:11 | WARNING | config_logger.py:43 | [TO_DO]  Application started with mode: debug
2025-11-04 21:27:14 | DEBUG | main_menu.py:63 | [TO_DO]  Init MainMenu
2025-11-04 21:27:16 | DEBUG | setting.py:38 | [TO_DO]  load settings screen
2025-11-04 21:27:24 | INFO | base.py:616 | [TO_DO]  Base: Leaving application in progress...
2025-11-04 21:31:47 | WARNING | config_logger.py:43 | [TO_DO]  Application started with mode: debug
2025-11-04 21:31:50 | DEBUG | main_menu.py:63 | [TO_DO]  Init MainMenu
2025-11-04 21:31:52 | DEBUG | setting.py:38 | [TO_DO]  load settings screen
2025-11-04 21:31:55 | DEBUG | setting.py:60 | [TO_DO]  Change Theme on - light
2025-11-04 21:32:00 | DEBUG | setting.py:60 | [TO_DO]  Change Theme on - light
2025-11-04 21:32:05 | DEBUG | main_menu.py:63 | [TO_DO]  Init MainMenu
2025-11-04 21:32:08 | INFO | base.py:616 | [TO_DO]  Base: Leaving application in progress...
2025-11-04 21:32:40 | WARNING | config_logger.py:43 | [TO_DO]  Application started with mode: debug
2025-11-04 21:32:42 | DEBUG | main_menu.py:63 | [TO_DO]  Init MainMenu
2025-11-04 21:32:49 | DEBUG | setting.py:38 | [TO_DO]  load settings screen
2025-11-04 21:32:53 | DEBUG | setting.py:60 | [TO_DO]  Change Theme on - dark
2025-11-04 21:33:00 | DEBUG | main_menu.py:63 | [TO_DO]  Init MainMenu
2025-11-04 21:33:03 | DEBUG | main_menu.py:102 | [TO_DO]  Open confirmation popup
2025-11-04 21:33:04 | INFO | base.py:616 | [TO_DO]  Base: Leaving application in progress...
2025-11-04 21:33:52 | WARNING | config_logger.py:43 | [TO_DO]  Application started with mode: debug
2025-11-04 21:33:54 | DEBUG | main_menu.py:63 | [TO_DO]  Init MainMenu
2025-11-04 21:33:57 | DEBUG | setting.py:38 | [TO_DO]  load settings screen
2025-11-04 21:34:00 | DEBUG | setting.py:60 | [TO_DO]  Change Theme on - light
2025-11-04 21:34:03 | DEBUG | setting.py:60 | [TO_DO]  Change Theme on - light
2025-11-04 21:34:06 | DEBUG | main_menu.py:63 | [TO_DO]  Init MainMenu
2025-11-04 21:34:08 | DEBUG | main_menu.py:102 | [TO_DO]  Open confirmation popup
2025-11-04 21:34:10 | INFO | base.py:616 | [TO_DO]  Base: Leaving application in progress...
2025-11-04 21:34:15 | WARNING | config_logger.py:43 | [TO_DO]  Application started with mode: debug
2025-11-04 21:34:17 | DEBUG | main_menu.py:63 | [TO_DO]  Init MainMenu
2025-11-04 21:34:19 | DEBUG | setting.py:38 | [TO_DO]  load settings screen
2025-11-04 21:34:24 | INFO | base.py:616 | [TO_DO]  Base: Leaving application in progress...
2025-11-04 21:53:10 | WARNING | config_logger.py:43 | [TO_DO]  Application started with mode: debug
2025-11-04 21:53:13 | DEBUG | main_menu.py:63 | [TO_DO]  Init MainMenu
2025-11-04 21:53:15 | DEBUG | setting.py:39 | [TO_DO]  load settings screen
2025-11-04 21:53:19 | DEBUG | setting.py:61 | [TO_DO]  Change Theme on - dark
2025-11-04 21:53:22 | DEBUG | setting.py:61 | [TO_DO]  Change Theme on - light
2025-11-04 21:53:26 | DEBUG | setting.py:61 | [TO_DO]  Change Theme on - dark
2025-11-04 21:53:30 | DEBUG | main_menu.py:63 | [TO_DO]  Init MainMenu
2025-11-04 21:53:38 | DEBUG | main_menu.py:102 | [TO_DO]  Open confirmation popup
2025-11-04 21:53:41 | INFO | base.py:616 | [TO_DO]  Base: Leaving application in progress...
2025-11-04 21:53:47 | WARNING | config_logger.py:43 | [TO_DO]  Application started with mode: debug
2025-11-04 21:53:49 | DEBUG | main_menu.py:63 | [TO_DO]  Init MainMenu
2025-11-04 21:54:02 | DEBUG | setting.py:39 | [TO_DO]  load settings screen
2025-11-04 21:54:11 | DEBUG | setting.py:61 | [TO_DO]  Change Theme on - dark
2025-11-04 21:54:21 | DEBUG | main_menu.py:63 | [TO_DO]  Init MainMenu
2025-11-04 21:54:23 | DEBUG | main_menu.py:102 | [TO_DO]  Open confirmation popup
2025-11-04 21:54:24 | INFO | base.py:616 | [TO_DO]  Base: Leaving application in progress...
2025-11-04 21:54:29 | WARNING | config_logger.py:43 | [TO_DO]  Application started with mode: debug
2025-11-04 21:54:31 | DEBUG | main_menu.py:63 | [TO_DO]  Init MainMenu
2025-11-04 21:54:45 | DEBUG | main_menu.py:102 | [TO_DO]  Open confirmation popup
2025-11-04 21:54:46 | INFO | base.py:616 | [TO_DO]  Base: Leaving application in progress...
2025-11-04 21:58:07 | WARNING | config_logger.py:43 | [TO_DO]  Application started with mode: debug
2025-11-04 21:58:09 | DEBUG | main_menu.py:63 | [TO_DO]  Init MainMenu
2025-11-04 21:58:18 | DEBUG | setting.py:39 | [TO_DO]  load settings screen
2025-11-04 21:58:21 | DEBUG | setting.py:61 | [TO_DO]  Change Theme on - light
2025-11-04 21:58:24 | DEBUG | main_menu.py:63 | [TO_DO]  Init MainMenu
2025-11-04 21:58:31 | DEBUG | main_menu.py:102 | [TO_DO]  Open confirmation popup
2025-11-04 21:58:33 | INFO | base.py:616 | [TO_DO]  Base: Leaving application in progress...
2025-11-04 22:13:05 | WARNING | config_logger.py:43 | [TO_DO]  Application started with mode: debug
2025-11-04 22:13:07 | DEBUG | main_menu.py:63 | [TO_DO]  Init MainMenu
2025-11-04 22:13:10 | INFO | base.py:616 | [TO_DO]  Base: Leaving application in progress...
2025-11-04 22:25:58 | WARNING | config_logger.py:43 | [TO_DO]  Application started with mode: debug
2025-11-04 22:26:01 | DEBUG | main_menu.py:63 | [TO_DO]  Init MainMenu
2025-11-04 22:26:03 | DEBUG | setting.py:39 | [TO_DO]  load settings screen
2025-11-04 22:26:08 | DEBUG | setting.py:61 | [TO_DO]  Change Theme on - light
2025-11-04 22:26:11 | DEBUG | setting.py:61 | [TO_DO]  Change Theme on - light
2025-11-04 22:26:17 | INFO | base.py:616 | [TO_DO]  Base: Leaving application in progress...
2025-11-04 22:26:21 | WARNING | config_logger.py:43 | [TO_DO]  Application started with mode: debug
2025-11-04 22:26:23 | DEBUG | main_menu.py:63 | [TO_DO]  Init MainMenu
2025-11-04 22:26:26 | DEBUG | setting.py:39 | [TO_DO]  load settings screen
2025-11-04 22:26:30 | DEBUG | setting.py:61 | [TO_DO]  Change Theme on - dark
2025-11-04 22:26:33 | INFO | base.py:616 | [TO_DO]  Base: Leaving application in progress...
2025-11-04 22:28:18 | WARNING | config_logger.py:43 | [TO_DO]  Application started with mode: debug
2025-11-04 22:28:20 | DEBUG | main_menu.py:63 | [TO_DO]  Init MainMenu
2025-11-04 22:28:22 | DEBUG | setting.py:39 | [TO_DO]  load settings screen
2025-11-04 22:28:27 | DEBUG | setting.py:61 | [TO_DO]  Change Theme on - light
2025-11-04 22:28:33 | INFO | base.py:616 | [TO_DO]  Base: Leaving application in progress...
2025-11-04 22:31:42 | WARNING | config_logger.py:43 | [TO_DO]  Application started with mode: debug
2025-11-04 22:31:44 | DEBUG | main_menu.py:63 | [TO_DO]  Init MainMenu
2025-11-04 22:31:46 | DEBUG | setting.py:40 | [TO_DO]  load settings screen
2025-11-04 22:31:48 | DEBUG | setting.py:62 | [TO_DO]  Change Theme on - light
2025-11-04 22:31:48 | INFO | base.py:616 | [TO_DO]  Base: Leaving application in progress...
2025-11-04 22:31:48 | WARNING | logger.py:390 | [TO_DO]  stderr: Traceback (most recent call last):
2025-11-04 22:31:48 | WARNING | logger.py:390 | [TO_DO]  stderr:   File "D:\Python\TO_DO_Kivy\main.py", line 71, in <module>
2025-11-04 22:31:48 | WARNING | logger.py:390 | [TO_DO]  stderr:     TO_DOApp().run()
2025-11-04 22:31:48 | WARNING | logger.py:390 | [TO_DO]  stderr:     ~~~~~~~~~~~~~~^^
2025-11-04 22:31:48 | WARNING | logger.py:390 | [TO_DO]  stderr:   File "D:\Python\TO_DO_Kivy\.venv\Lib\site-packages\kivy\app.py", line 956, in run
2025-11-04 22:31:48 | WARNING | logger.py:390 | [TO_DO]  stderr:     runTouchApp()
2025-11-04 22:31:48 | WARNING | logger.py:390 | [TO_DO]  stderr:     ~~~~~~~~~~~^^
2025-11-04 22:31:48 | WARNING | logger.py:390 | [TO_DO]  stderr:   File "D:\Python\TO_DO_Kivy\.venv\Lib\site-packages\kivy\base.py", line 574, in runTouchApp
2025-11-04 22:31:48 | WARNING | logger.py:390 | [TO_DO]  stderr:     EventLoop.mainloop()
2025-11-04 22:31:48 | WARNING | logger.py:390 | [TO_DO]  stderr:     ~~~~~~~~~~~~~~~~~~^^
2025-11-04 22:31:48 | WARNING | logger.py:390 | [TO_DO]  stderr:   File "D:\Python\TO_DO_Kivy\.venv\Lib\site-packages\kivy\base.py", line 339, in mainloop
2025-11-04 22:31:48 | WARNING | logger.py:390 | [TO_DO]  stderr:     self.idle()
2025-11-04 22:31:48 | WARNING | logger.py:390 | [TO_DO]  stderr:     ~~~~~~~~~^^
2025-11-04 22:31:48 | WARNING | logger.py:390 | [TO_DO]  stderr:   File "D:\Python\TO_DO_Kivy\.venv\Lib\site-packages\kivy\base.py", line 383, in idle
2025-11-04 22:31:48 | WARNING | logger.py:390 | [TO_DO]  stderr:     self.dispatch_input()
2025-11-04 22:31:48 | WARNING | logger.py:390 | [TO_DO]  stderr:     ~~~~~~~~~~~~~~~~~~~^^
2025-11-04 22:31:48 | WARNING | logger.py:390 | [TO_DO]  stderr:   File "D:\Python\TO_DO_Kivy\.venv\Lib\site-packages\kivy\base.py", line 334, in dispatch_input
2025-11-04 22:31:48 | WARNING | logger.py:390 | [TO_DO]  stderr:     post_dispatch_input(*pop(0))
2025-11-04 22:31:48 | WARNING | logger.py:390 | [TO_DO]  stderr:     ~~~~~~~~~~~~~~~~~~~^^^^^^^^^
2025-11-04 22:31:48 | WARNING | logger.py:390 | [TO_DO]  stderr:   File "D:\Python\TO_DO_Kivy\.venv\Lib\site-packages\kivy\base.py", line 263, in post_dispatch_input
2025-11-04 22:31:48 | WARNING | logger.py:390 | [TO_DO]  stderr:     listener.dispatch('on_motion', etype, me)
2025-11-04 22:31:48 | WARNING | logger.py:390 | [TO_DO]  stderr:     ~~~~~~~~~~~~~~~~~^^^^^^^^^^^^^^^^^^^^^^^^
2025-11-04 22:31:48 | WARNING | logger.py:390 | [TO_DO]  stderr:   File "kivy\\_event.pyx", line 731, in kivy._event.EventDispatcher.dispatch
2025-11-04 22:31:48 | WARNING | logger.py:390 | [TO_DO]  stderr:   File "D:\Python\TO_DO_Kivy\.venv\Lib\site-packages\kivy\core\window\__init__.py", line 1713, in on_motion
2025-11-04 22:31:48 | WARNING | logger.py:390 | [TO_DO]  stderr:     self.dispatch('on_touch_up', me)
2025-11-04 22:31:48 | WARNING | logger.py:390 | [TO_DO]  stderr:     ~~~~~~~~~~~~~^^^^^^^^^^^^^^^^^^^
2025-11-04 22:31:48 | WARNING | logger.py:390 | [TO_DO]  stderr:   File "kivy\\_event.pyx", line 731, in kivy._event.EventDispatcher.dispatch
2025-11-04 22:31:48 | WARNING | logger.py:390 | [TO_DO]  stderr:   File "D:\Python\TO_DO_Kivy\.venv\Lib\site-packages\kivy\core\window\__init__.py", line 1750, in on_touch_up
2025-11-04 22:31:48 | WARNING | logger.py:390 | [TO_DO]  stderr:     if w.dispatch('on_touch_up', touch):
2025-11-04 22:31:48 | WARNING | logger.py:390 | [TO_DO]  stderr:        ~~~~~~~~~~^^^^^^^^^^^^^^^^^^^^^^
2025-11-04 22:31:48 | WARNING | logger.py:390 | [TO_DO]  stderr:   File "kivy\\_event.pyx", line 731, in kivy._event.EventDispatcher.dispatch
2025-11-04 22:31:48 | WARNING | logger.py:390 | [TO_DO]  stderr:   File "D:\Python\TO_DO_Kivy\.venv\Lib\site-packages\kivy\uix\dropdown.py", line 319, in on_touch_up
2025-11-04 22:31:48 | WARNING | logger.py:390 | [TO_DO]  stderr:     super(DropDown, self).on_touch_up(touch)
2025-11-04 22:31:48 | WARNING | logger.py:390 | [TO_DO]  stderr:     ~~~~~~~~~~~~~~~~~~~~~~~~~~~~~~~~~^^^^^^^
2025-11-04 22:31:48 | WARNING | logger.py:390 | [TO_DO]  stderr:   File "D:\Python\TO_DO_Kivy\.venv\Lib\site-packages\kivy\uix\scrollview.py", line 972, in on_touch_up
2025-11-04 22:31:48 | WARNING | logger.py:390 | [TO_DO]  stderr:     if self.dispatch('on_scroll_stop', touch):
2025-11-04 22:31:48 | WARNING | logger.py:390 | [TO_DO]  stderr:        ~~~~~~~~~~~~~^^^^^^^^^^^^^^^^^^^^^^^^^
2025-11-04 22:31:48 | WARNING | logger.py:390 | [TO_DO]  stderr:   File "kivy\\_event.pyx", line 731, in kivy._event.EventDispatcher.dispatch
2025-11-04 22:31:48 | WARNING | logger.py:390 | [TO_DO]  stderr:   File "D:\Python\TO_DO_Kivy\.venv\Lib\site-packages\kivy\uix\scrollview.py", line 1009, in on_scroll_stop
2025-11-04 22:31:48 | WARNING | logger.py:390 | [TO_DO]  stderr:     self.simulate_touch_down(touch)
2025-11-04 22:31:48 | WARNING | logger.py:390 | [TO_DO]  stderr:     ~~~~~~~~~~~~~~~~~~~~~~~~^^^^^^^
2025-11-04 22:31:48 | WARNING | logger.py:390 | [TO_DO]  stderr:   File "D:\Python\TO_DO_Kivy\.venv\Lib\site-packages\kivy\uix\scrollview.py", line 672, in simulate_touch_down
2025-11-04 22:31:48 | WARNING | logger.py:390 | [TO_DO]  stderr:     ret = super(ScrollView, self).on_touch_down(touch)
2025-11-04 22:31:48 | WARNING | logger.py:390 | [TO_DO]  stderr:   File "D:\Python\TO_DO_Kivy\.venv\Lib\site-packages\kivy\uix\widget.py", line 589, in on_touch_down
2025-11-04 22:31:48 | WARNING | logger.py:390 | [TO_DO]  stderr:     if child.dispatch('on_touch_down', touch):
2025-11-04 22:31:48 | WARNING | logger.py:390 | [TO_DO]  stderr:        ~~~~~~~~~~~~~~^^^^^^^^^^^^^^^^^^^^^^^^
2025-11-04 22:31:48 | WARNING | logger.py:390 | [TO_DO]  stderr:   File "kivy\\_event.pyx", line 731, in kivy._event.EventDispatcher.dispatch
2025-11-04 22:31:48 | WARNING | logger.py:390 | [TO_DO]  stderr:   File "D:\Python\TO_DO_Kivy\.venv\Lib\site-packages\kivy\uix\widget.py", line 589, in on_touch_down
2025-11-04 22:31:48 | WARNING | logger.py:390 | [TO_DO]  stderr:     if child.dispatch('on_touch_down', touch):
2025-11-04 22:31:48 | WARNING | logger.py:390 | [TO_DO]  stderr:        ~~~~~~~~~~~~~~^^^^^^^^^^^^^^^^^^^^^^^^
2025-11-04 22:31:48 | WARNING | logger.py:390 | [TO_DO]  stderr:   File "kivy\\_event.pyx", line 731, in kivy._event.EventDispatcher.dispatch
2025-11-04 22:31:48 | WARNING | logger.py:390 | [TO_DO]  stderr:   File "D:\Python\TO_DO_Kivy\.venv\Lib\site-packages\kivy\uix\widget.py", line 589, in on_touch_down
2025-11-04 22:31:48 | WARNING | logger.py:390 | [TO_DO]  stderr:     if child.dispatch('on_touch_down', touch):
2025-11-04 22:31:48 | WARNING | logger.py:390 | [TO_DO]  stderr:        ~~~~~~~~~~~~~~^^^^^^^^^^^^^^^^^^^^^^^^
2025-11-04 22:31:48 | WARNING | logger.py:390 | [TO_DO]  stderr:   File "kivy\\_event.pyx", line 731, in kivy._event.EventDispatcher.dispatch
2025-11-04 22:31:48 | WARNING | logger.py:390 | [TO_DO]  stderr:   File "D:\Python\TO_DO_Kivy\.venv\Lib\site-packages\kivy\uix\behaviors\button.py", line 151, in on_touch_down
2025-11-04 22:31:48 | WARNING | logger.py:390 | [TO_DO]  stderr:     self.dispatch('on_press')
2025-11-04 22:31:48 | WARNING | logger.py:390 | [TO_DO]  stderr:     ~~~~~~~~~~~~~^^^^^^^^^^^^
2025-11-04 22:31:48 | WARNING | logger.py:390 | [TO_DO]  stderr:   File "kivy\\_event.pyx", line 727, in kivy._event.EventDispatcher.dispatch
2025-11-04 22:31:48 | WARNING | logger.py:390 | [TO_DO]  stderr:   File "kivy\\_event.pyx", line 1307, in kivy._event.EventObservers.dispatch
2025-11-04 22:31:48 | WARNING | logger.py:390 | [TO_DO]  stderr:   File "kivy\\_event.pyx", line 1191, in kivy._event.EventObservers._dispatch
2025-11-04 22:31:48 | WARNING | logger.py:390 | [TO_DO]  stderr:   File "D:\Python\TO_DO_Kivy\.venv\Lib\site-packages\kivy\lang\builder.py", line 60, in custom_callback
2025-11-04 22:31:48 | WARNING | logger.py:390 | [TO_DO]  stderr:     exec(__kvlang__.co_value, idmap)
2025-11-04 22:31:48 | WARNING | logger.py:390 | [TO_DO]  stderr:     ~~~~^^^^^^^^^^^^^^^^^^^^^^^^^^^^
2025-11-04 22:31:48 | WARNING | logger.py:390 | [TO_DO]  stderr:   File "D:\Python\TO_DO_Kivy\kv\components\dropdown.kv", line 52, in <module>
2025-11-04 22:31:48 | WARNING | logger.py:390 | [TO_DO]  stderr:     root.root_screen._change_theme("light")
2025-11-04 22:31:48 | WARNING | logger.py:390 | [TO_DO]  stderr:     ^^^^^^^^^^^^^^^^^^^^^^^
2025-11-04 22:31:48 | WARNING | logger.py:390 | [TO_DO]  stderr:   File "D:\Python\TO_DO_Kivy\screens\setting.py", line 72, in _change_theme
2025-11-04 22:31:48 | WARNING | logger.py:390 | [TO_DO]  stderr:     print(self.app.colors["background"], f"\n{App.get_running_app().color['background']}")
2025-11-04 22:31:48 | WARNING | logger.py:390 | [TO_DO]  stderr:                                               ^^^^^^^^^^^^^^^^^^^^^^^^^^^
2025-11-04 22:31:48 | WARNING | logger.py:390 | [TO_DO]  stderr: AttributeError: 'TO_DOApp' object has no attribute 'color'. Did you mean: 'colors'?
2025-11-04 22:32:11 | WARNING | config_logger.py:43 | [TO_DO]  Application started with mode: debug
2025-11-04 22:32:14 | DEBUG | main_menu.py:63 | [TO_DO]  Init MainMenu
2025-11-04 22:32:15 | DEBUG | setting.py:40 | [TO_DO]  load settings screen
2025-11-04 22:32:20 | DEBUG | setting.py:62 | [TO_DO]  Change Theme on - light
2025-11-04 22:32:25 | INFO | base.py:616 | [TO_DO]  Base: Leaving application in progress...
2025-11-04 22:34:19 | WARNING | config_logger.py:43 | [TO_DO]  Application started with mode: debug
2025-11-04 22:34:21 | DEBUG | main_menu.py:63 | [TO_DO]  Init MainMenu
2025-11-04 22:34:26 | DEBUG | setting.py:40 | [TO_DO]  load settings screen
2025-11-04 22:34:33 | DEBUG | setting.py:62 | [TO_DO]  Change Theme on - dark
2025-11-04 22:34:39 | DEBUG | main_menu.py:63 | [TO_DO]  Init MainMenu
2025-11-04 22:34:45 | INFO | base.py:616 | [TO_DO]  Base: Leaving application in progress...
2025-11-04 22:35:56 | WARNING | config_logger.py:43 | [TO_DO]  Application started with mode: debug
2025-11-04 22:35:59 | DEBUG | main_menu.py:63 | [TO_DO]  Init MainMenu
2025-11-04 22:36:01 | DEBUG | setting.py:40 | [TO_DO]  load settings screen
2025-11-04 22:36:03 | DEBUG | setting.py:63 | [TO_DO]  Change Theme on - light
2025-11-04 22:36:06 | DEBUG | main_menu.py:63 | [TO_DO]  Init MainMenu
2025-11-04 22:36:08 | DEBUG | setting.py:40 | [TO_DO]  load settings screen
2025-11-04 22:36:22 | DEBUG | main_menu.py:63 | [TO_DO]  Init MainMenu
2025-11-04 22:36:24 | DEBUG | main_menu.py:102 | [TO_DO]  Open confirmation popup
2025-11-04 22:36:25 | INFO | base.py:616 | [TO_DO]  Base: Leaving application in progress...
2025-11-04 22:40:51 | WARNING | config_logger.py:43 | [TO_DO]  Application started with mode: debug
2025-11-04 22:40:53 | DEBUG | main_menu.py:63 | [TO_DO]  Init MainMenu
2025-11-04 22:40:56 | DEBUG | setting.py:40 | [TO_DO]  load settings screen
2025-11-04 22:40:59 | DEBUG | setting.py:63 | [TO_DO]  Change Theme on - dark
2025-11-04 22:41:03 | DEBUG | setting.py:63 | [TO_DO]  Change Theme on - light
2025-11-04 22:41:06 | DEBUG | setting.py:63 | [TO_DO]  Change Theme on - dark
2025-11-04 22:41:12 | INFO | base.py:616 | [TO_DO]  Base: Leaving application in progress...
2025-11-04 22:42:07 | WARNING | config_logger.py:43 | [TO_DO]  Application started with mode: debug
2025-11-04 22:42:09 | DEBUG | main_menu.py:63 | [TO_DO]  Init MainMenu
2025-11-04 22:42:11 | DEBUG | setting.py:40 | [TO_DO]  load settings screen
2025-11-04 22:42:14 | DEBUG | setting.py:63 | [TO_DO]  Change Theme on - light
2025-11-04 22:42:17 | DEBUG | setting.py:63 | [TO_DO]  Change Theme on - light
2025-11-04 22:42:19 | INFO | base.py:616 | [TO_DO]  Base: Leaving application in progress...
2025-11-04 22:44:59 | WARNING | config_logger.py:43 | [TO_DO]  Application started with mode: debug
2025-11-04 22:45:01 | INFO | base.py:616 | [TO_DO]  Base: Leaving application in progress...
2025-11-04 22:45:01 | WARNING | logger.py:390 | [TO_DO]  stderr: Traceback (most recent call last):
2025-11-04 22:45:01 | WARNING | logger.py:390 | [TO_DO]  stderr:   File "D:\Python\TO_DO_Kivy\.venv\Lib\site-packages\kivy\lang\builder.py", line 245, in create_handler
2025-11-04 22:45:01 | WARNING | logger.py:390 | [TO_DO]  stderr:     return eval(value, idmap), bound_list
2025-11-04 22:45:01 | WARNING | logger.py:390 | [TO_DO]  stderr:            ~~~~^^^^^^^^^^^^^^
2025-11-04 22:45:01 | WARNING | logger.py:390 | [TO_DO]  stderr:   File "D:\Python\TO_DO_Kivy\kv\components\label.kv", line 14, in <module>
2025-11-04 22:45:01 | WARNING | logger.py:390 | [TO_DO]  stderr:     color: app.colors("on_surface")
2025-11-04 22:45:01 | WARNING | logger.py:390 | [TO_DO]  stderr:     ^^^^^^^^^^^^^^^^^^^^
2025-11-04 22:45:01 | WARNING | logger.py:390 | [TO_DO]  stderr: TypeError: 'dict' object is not callable
2025-11-04 22:45:01 | WARNING | logger.py:390 | [TO_DO]  stderr: 
2025-11-04 22:45:01 | WARNING | logger.py:390 | [TO_DO]  stderr: During handling of the above exception, another exception occurred:
2025-11-04 22:45:01 | WARNING | logger.py:390 | [TO_DO]  stderr: 
2025-11-04 22:45:01 | WARNING | logger.py:390 | [TO_DO]  stderr: Traceback (most recent call last):
2025-11-04 22:45:01 | WARNING | logger.py:390 | [TO_DO]  stderr:   File "D:\Python\TO_DO_Kivy\.venv\Lib\site-packages\kivy\lang\builder.py", line 699, in _apply_rule
2025-11-04 22:45:01 | WARNING | logger.py:390 | [TO_DO]  stderr:     value, bound = create_handler(
2025-11-04 22:45:01 | WARNING | logger.py:390 | [TO_DO]  stderr:                    ~~~~~~~~~~~~~~^
2025-11-04 22:45:01 | WARNING | logger.py:390 | [TO_DO]  stderr:         widget_set, widget_set, key, value, rule,
2025-11-04 22:45:01 | WARNING | logger.py:390 | [TO_DO]  stderr:         ^^^^^^^^^^^^^^^^^^^^^^^^^^^^^^^^^^^^^^^^^
2025-11-04 22:45:01 | WARNING | logger.py:390 | [TO_DO]  stderr:         rctx['ids'])
2025-11-04 22:45:01 | WARNING | logger.py:390 | [TO_DO]  stderr:         ^^^^^^^^^^^^
2025-11-04 22:45:01 | WARNING | logger.py:390 | [TO_DO]  stderr:   File "D:\Python\TO_DO_Kivy\.venv\Lib\site-packages\kivy\lang\builder.py", line 248, in create_handler
2025-11-04 22:45:01 | WARNING | logger.py:390 | [TO_DO]  stderr:     raise BuilderException(rule.ctx, rule.line,
2025-11-04 22:45:01 | WARNING | logger.py:390 | [TO_DO]  stderr:                            '{}: {}'.format(e.__class__.__name__, e),
2025-11-04 22:45:01 | WARNING | logger.py:390 | [TO_DO]  stderr:                            cause=tb)
2025-11-04 22:45:01 | WARNING | logger.py:390 | [TO_DO]  stderr: kivy.lang.builder.BuilderException: Parser: File "D:\Python\TO_DO_Kivy\kv\components\label.kv", line 14:
2025-11-04 22:45:01 | WARNING | logger.py:390 | [TO_DO]  stderr: ...
2025-11-04 22:45:01 | WARNING | logger.py:390 | [TO_DO]  stderr:      12:    bold: True
2025-11-04 22:45:01 | WARNING | logger.py:390 | [TO_DO]  stderr:      13:    size_hint: 0.8, 1
2025-11-04 22:45:01 | WARNING | logger.py:390 | [TO_DO]  stderr: >>   14:    color: app.colors("on_surface")
2025-11-04 22:45:01 | WARNING | logger.py:390 | [TO_DO]  stderr:      15:    halign: "center"
2025-11-04 22:45:01 | WARNING | logger.py:390 | [TO_DO]  stderr:      16:    valign: "middle"
2025-11-04 22:45:01 | WARNING | logger.py:390 | [TO_DO]  stderr: ...
2025-11-04 22:45:01 | WARNING | logger.py:390 | [TO_DO]  stderr: TypeError: 'dict' object is not callable
2025-11-04 22:45:01 | WARNING | logger.py:390 | [TO_DO]  stderr:   File "D:\Python\TO_DO_Kivy\.venv\Lib\site-packages\kivy\lang\builder.py", line 245, in create_handler
2025-11-04 22:45:01 | WARNING | logger.py:390 | [TO_DO]  stderr:     return eval(value, idmap), bound_list
2025-11-04 22:45:01 | WARNING | logger.py:390 | [TO_DO]  stderr:            ~~~~^^^^^^^^^^^^^^
2025-11-04 22:45:01 | WARNING | logger.py:390 | [TO_DO]  stderr:   File "D:\Python\TO_DO_Kivy\kv\components\label.kv", line 14, in <module>
2025-11-04 22:45:01 | WARNING | logger.py:390 | [TO_DO]  stderr:     color: app.colors("on_surface")
2025-11-04 22:45:01 | WARNING | logger.py:390 | [TO_DO]  stderr:     ^^^^^^^^^^^^^^^^^^^^
2025-11-04 22:45:01 | WARNING | logger.py:390 | [TO_DO]  stderr: 
2025-11-04 22:45:01 | WARNING | logger.py:390 | [TO_DO]  stderr: 
2025-11-04 22:45:01 | WARNING | logger.py:390 | [TO_DO]  stderr: During handling of the above exception, another exception occurred:
2025-11-04 22:45:01 | WARNING | logger.py:390 | [TO_DO]  stderr: 
2025-11-04 22:45:01 | WARNING | logger.py:390 | [TO_DO]  stderr: Traceback (most recent call last):
2025-11-04 22:45:01 | WARNING | logger.py:390 | [TO_DO]  stderr:   File "D:\Python\TO_DO_Kivy\main.py", line 73, in <module>
2025-11-04 22:45:01 | WARNING | logger.py:390 | [TO_DO]  stderr:     TO_DOApp().run()
2025-11-04 22:45:01 | WARNING | logger.py:390 | [TO_DO]  stderr:     ~~~~~~~~~~~~~~^^
2025-11-04 22:45:01 | WARNING | logger.py:390 | [TO_DO]  stderr:   File "D:\Python\TO_DO_Kivy\.venv\Lib\site-packages\kivy\app.py", line 956, in run
2025-11-04 22:45:01 | WARNING | logger.py:390 | [TO_DO]  stderr:     runTouchApp()
2025-11-04 22:45:01 | WARNING | logger.py:390 | [TO_DO]  stderr:     ~~~~~~~~~~~^^
2025-11-04 22:45:01 | WARNING | logger.py:390 | [TO_DO]  stderr:   File "D:\Python\TO_DO_Kivy\.venv\Lib\site-packages\kivy\base.py", line 574, in runTouchApp
2025-11-04 22:45:01 | WARNING | logger.py:390 | [TO_DO]  stderr:     EventLoop.mainloop()
2025-11-04 22:45:01 | WARNING | logger.py:390 | [TO_DO]  stderr:     ~~~~~~~~~~~~~~~~~~^^
2025-11-04 22:45:01 | WARNING | logger.py:390 | [TO_DO]  stderr:   File "D:\Python\TO_DO_Kivy\.venv\Lib\site-packages\kivy\base.py", line 339, in mainloop
2025-11-04 22:45:01 | WARNING | logger.py:390 | [TO_DO]  stderr:     self.idle()
2025-11-04 22:45:01 | WARNING | logger.py:390 | [TO_DO]  stderr:     ~~~~~~~~~^^
2025-11-04 22:45:01 | WARNING | logger.py:390 | [TO_DO]  stderr:   File "D:\Python\TO_DO_Kivy\.venv\Lib\site-packages\kivy\base.py", line 379, in idle
2025-11-04 22:45:01 | WARNING | logger.py:390 | [TO_DO]  stderr:     Clock.tick()
2025-11-04 22:45:01 | WARNING | logger.py:390 | [TO_DO]  stderr:     ~~~~~~~~~~^^
2025-11-04 22:45:01 | WARNING | logger.py:390 | [TO_DO]  stderr:   File "D:\Python\TO_DO_Kivy\.venv\Lib\site-packages\kivy\clock.py", line 733, in tick
2025-11-04 22:45:01 | WARNING | logger.py:390 | [TO_DO]  stderr:     self.post_idle(ts, self.idle())
2025-11-04 22:45:01 | WARNING | logger.py:390 | [TO_DO]  stderr:     ~~~~~~~~~~~~~~^^^^^^^^^^^^^^^^^
2025-11-04 22:45:01 | WARNING | logger.py:390 | [TO_DO]  stderr:   File "D:\Python\TO_DO_Kivy\.venv\Lib\site-packages\kivy\clock.py", line 776, in post_idle
2025-11-04 22:45:01 | WARNING | logger.py:390 | [TO_DO]  stderr:     self._process_events()
2025-11-04 22:45:01 | WARNING | logger.py:390 | [TO_DO]  stderr:     ~~~~~~~~~~~~~~~~~~~~^^
2025-11-04 22:45:01 | WARNING | logger.py:390 | [TO_DO]  stderr:   File "kivy\\_clock.pyx", line 620, in kivy._clock.CyClockBase._process_events
2025-11-04 22:45:01 | WARNING | logger.py:390 | [TO_DO]  stderr:   File "kivy\\_clock.pyx", line 653, in kivy._clock.CyClockBase._process_events
2025-11-04 22:45:01 | WARNING | logger.py:390 | [TO_DO]  stderr:   File "kivy\\_clock.pyx", line 649, in kivy._clock.CyClockBase._process_events
2025-11-04 22:45:01 | WARNING | logger.py:390 | [TO_DO]  stderr:   File "kivy\\_clock.pyx", line 218, in kivy._clock.ClockEvent.tick
2025-11-04 22:45:01 | WARNING | logger.py:390 | [TO_DO]  stderr:   File "D:\Python\TO_DO_Kivy\screens\splash.py", line 98, in <lambda>
2025-11-04 22:45:01 | WARNING | logger.py:390 | [TO_DO]  stderr:     Clock.schedule_once(lambda *_: self.app.load_screens(),0.8)
2025-11-04 22:45:01 | WARNING | logger.py:390 | [TO_DO]  stderr:                                    ~~~~~~~~~~~~~~~~~~~~~^^
2025-11-04 22:45:01 | WARNING | logger.py:390 | [TO_DO]  stderr:   File "D:\Python\TO_DO_Kivy\main.py", line 65, in load_screens
2025-11-04 22:45:01 | WARNING | logger.py:390 | [TO_DO]  stderr:     self.root.add_widget(self.menu())
2025-11-04 22:45:01 | WARNING | logger.py:390 | [TO_DO]  stderr:                          ~~~~~~~~~^^
2025-11-04 22:45:01 | WARNING | logger.py:390 | [TO_DO]  stderr:   File "D:\Python\TO_DO_Kivy\.venv\Lib\site-packages\kivy\uix\boxlayout.py", line 145, in __init__
2025-11-04 22:45:01 | WARNING | logger.py:390 | [TO_DO]  stderr:     super(BoxLayout, self).__init__(**kwargs)
2025-11-04 22:45:01 | WARNING | logger.py:390 | [TO_DO]  stderr:     ~~~~~~~~~~~~~~~~~~~~~~~~~~~~~~~^^^^^^^^^^
2025-11-04 22:45:01 | WARNING | logger.py:390 | [TO_DO]  stderr:   File "D:\Python\TO_DO_Kivy\.venv\Lib\site-packages\kivy\uix\relativelayout.py", line 274, in __init__
2025-11-04 22:45:01 | WARNING | logger.py:390 | [TO_DO]  stderr:     super(RelativeLayout, self).__init__(**kw)
2025-11-04 22:45:01 | WARNING | logger.py:390 | [TO_DO]  stderr:     ~~~~~~~~~~~~~~~~~~~~~~~~~~~~~~~~~~~~^^^^^^
2025-11-04 22:45:01 | WARNING | logger.py:390 | [TO_DO]  stderr:   File "D:\Python\TO_DO_Kivy\.venv\Lib\site-packages\kivy\uix\floatlayout.py", line 65, in __init__
2025-11-04 22:45:01 | WARNING | logger.py:390 | [TO_DO]  stderr:     super(FloatLayout, self).__init__(**kwargs)
2025-11-04 22:45:01 | WARNING | logger.py:390 | [TO_DO]  stderr:     ~~~~~~~~~~~~~~~~~~~~~~~~~~~~~~~~~^^^^^^^^^^
2025-11-04 22:45:01 | WARNING | logger.py:390 | [TO_DO]  stderr:   File "D:\Python\TO_DO_Kivy\.venv\Lib\site-packages\kivy\uix\layout.py", line 76, in __init__
2025-11-04 22:45:01 | WARNING | logger.py:390 | [TO_DO]  stderr:     super(Layout, self).__init__(**kwargs)
2025-11-04 22:45:01 | WARNING | logger.py:390 | [TO_DO]  stderr:     ~~~~~~~~~~~~~~~~~~~~~~~~~~~~^^^^^^^^^^
2025-11-04 22:45:01 | WARNING | logger.py:390 | [TO_DO]  stderr:   File "D:\Python\TO_DO_Kivy\.venv\Lib\site-packages\kivy\uix\widget.py", line 366, in __init__
2025-11-04 22:45:01 | WARNING | logger.py:390 | [TO_DO]  stderr:     self.apply_class_lang_rules(
2025-11-04 22:45:01 | WARNING | logger.py:390 | [TO_DO]  stderr:     ~~~~~~~~~~~~~~~~~~~~~~~~~~~^
2025-11-04 22:45:01 | WARNING | logger.py:390 | [TO_DO]  stderr:         ignored_consts=self._kwargs_applied_init,
2025-11-04 22:45:01 | WARNING | logger.py:390 | [TO_DO]  stderr:         ^^^^^^^^^^^^^^^^^^^^^^^^^^^^^^^^^^^^^^^^^
2025-11-04 22:45:01 | WARNING | logger.py:390 | [TO_DO]  stderr:         rule_children=rule_children)
2025-11-04 22:45:01 | WARNING | logger.py:390 | [TO_DO]  stderr:         ^^^^^^^^^^^^^^^^^^^^^^^^^^^^
2025-11-04 22:45:01 | WARNING | logger.py:390 | [TO_DO]  stderr:   File "D:\Python\TO_DO_Kivy\.venv\Lib\site-packages\kivy\uix\widget.py", line 470, in apply_class_lang_rules
2025-11-04 22:45:01 | WARNING | logger.py:390 | [TO_DO]  stderr:     Builder.apply(
2025-11-04 22:45:01 | WARNING | logger.py:390 | [TO_DO]  stderr:     ~~~~~~~~~~~~~^
2025-11-04 22:45:01 | WARNING | logger.py:390 | [TO_DO]  stderr:         self, ignored_consts=ignored_consts,
2025-11-04 22:45:01 | WARNING | logger.py:390 | [TO_DO]  stderr:         ^^^^^^^^^^^^^^^^^^^^^^^^^^^^^^^^^^^^
2025-11-04 22:45:01 | WARNING | logger.py:390 | [TO_DO]  stderr:         rule_children=rule_children)
2025-11-04 22:45:01 | WARNING | logger.py:390 | [TO_DO]  stderr:         ^^^^^^^^^^^^^^^^^^^^^^^^^^^^
2025-11-04 22:45:01 | WARNING | logger.py:390 | [TO_DO]  stderr:   File "D:\Python\TO_DO_Kivy\.venv\Lib\site-packages\kivy\lang\builder.py", line 545, in apply
2025-11-04 22:45:01 | WARNING | logger.py:390 | [TO_DO]  stderr:     self._apply_rule(
2025-11-04 22:45:01 | WARNING | logger.py:390 | [TO_DO]  stderr:     ~~~~~~~~~~~~~~~~^
2025-11-04 22:45:01 | WARNING | logger.py:390 | [TO_DO]  stderr:         widget, rule, rule, ignored_consts=ignored_consts,
2025-11-04 22:45:01 | WARNING | logger.py:390 | [TO_DO]  stderr:         ^^^^^^^^^^^^^^^^^^^^^^^^^^^^^^^^^^^^^^^^^^^^^^^^^^
2025-11-04 22:45:01 | WARNING | logger.py:390 | [TO_DO]  stderr:         rule_children=rule_children)
2025-11-04 22:45:01 | WARNING | logger.py:390 | [TO_DO]  stderr:         ^^^^^^^^^^^^^^^^^^^^^^^^^^^^
2025-11-04 22:45:01 | WARNING | logger.py:390 | [TO_DO]  stderr:   File "D:\Python\TO_DO_Kivy\.venv\Lib\site-packages\kivy\lang\builder.py", line 665, in _apply_rule
2025-11-04 22:45:01 | WARNING | logger.py:390 | [TO_DO]  stderr:     child.apply_class_lang_rules(
2025-11-04 22:45:01 | WARNING | logger.py:390 | [TO_DO]  stderr:     ~~~~~~~~~~~~~~~~~~~~~~~~~~~~^
2025-11-04 22:45:01 | WARNING | logger.py:390 | [TO_DO]  stderr:         root=rctx['ids']['root'], rule_children=rule_children)
2025-11-04 22:45:01 | WARNING | logger.py:390 | [TO_DO]  stderr:         ^^^^^^^^^^^^^^^^^^^^^^^^^^^^^^^^^^^^^^^^^^^^^^^^^^^^^^
2025-11-04 22:45:01 | WARNING | logger.py:390 | [TO_DO]  stderr:   File "D:\Python\TO_DO_Kivy\.venv\Lib\site-packages\kivy\uix\widget.py", line 470, in apply_class_lang_rules
2025-11-04 22:45:01 | WARNING | logger.py:390 | [TO_DO]  stderr:     Builder.apply(
2025-11-04 22:45:01 | WARNING | logger.py:390 | [TO_DO]  stderr:     ~~~~~~~~~~~~~^
2025-11-04 22:45:01 | WARNING | logger.py:390 | [TO_DO]  stderr:         self, ignored_consts=ignored_consts,
2025-11-04 22:45:01 | WARNING | logger.py:390 | [TO_DO]  stderr:         ^^^^^^^^^^^^^^^^^^^^^^^^^^^^^^^^^^^^
2025-11-04 22:45:01 | WARNING | logger.py:390 | [TO_DO]  stderr:         rule_children=rule_children)
2025-11-04 22:45:01 | WARNING | logger.py:390 | [TO_DO]  stderr:         ^^^^^^^^^^^^^^^^^^^^^^^^^^^^
2025-11-04 22:45:01 | WARNING | logger.py:390 | [TO_DO]  stderr:   File "D:\Python\TO_DO_Kivy\.venv\Lib\site-packages\kivy\lang\builder.py", line 545, in apply
2025-11-04 22:45:01 | WARNING | logger.py:390 | [TO_DO]  stderr:     self._apply_rule(
2025-11-04 22:45:01 | WARNING | logger.py:390 | [TO_DO]  stderr:     ~~~~~~~~~~~~~~~~^
2025-11-04 22:45:01 | WARNING | logger.py:390 | [TO_DO]  stderr:         widget, rule, rule, ignored_consts=ignored_consts,
2025-11-04 22:45:01 | WARNING | logger.py:390 | [TO_DO]  stderr:         ^^^^^^^^^^^^^^^^^^^^^^^^^^^^^^^^^^^^^^^^^^^^^^^^^^
2025-11-04 22:45:01 | WARNING | logger.py:390 | [TO_DO]  stderr:         rule_children=rule_children)
2025-11-04 22:45:01 | WARNING | logger.py:390 | [TO_DO]  stderr:         ^^^^^^^^^^^^^^^^^^^^^^^^^^^^
2025-11-04 22:45:01 | WARNING | logger.py:390 | [TO_DO]  stderr:   File "D:\Python\TO_DO_Kivy\.venv\Lib\site-packages\kivy\lang\builder.py", line 665, in _apply_rule
2025-11-04 22:45:01 | WARNING | logger.py:390 | [TO_DO]  stderr:     child.apply_class_lang_rules(
2025-11-04 22:45:01 | WARNING | logger.py:390 | [TO_DO]  stderr:     ~~~~~~~~~~~~~~~~~~~~~~~~~~~~^
2025-11-04 22:45:01 | WARNING | logger.py:390 | [TO_DO]  stderr:         root=rctx['ids']['root'], rule_children=rule_children)
2025-11-04 22:45:01 | WARNING | logger.py:390 | [TO_DO]  stderr:         ^^^^^^^^^^^^^^^^^^^^^^^^^^^^^^^^^^^^^^^^^^^^^^^^^^^^^^
2025-11-04 22:45:01 | WARNING | logger.py:390 | [TO_DO]  stderr:   File "D:\Python\TO_DO_Kivy\.venv\Lib\site-packages\kivy\uix\widget.py", line 470, in apply_class_lang_rules
2025-11-04 22:45:01 | WARNING | logger.py:390 | [TO_DO]  stderr:     Builder.apply(
2025-11-04 22:45:01 | WARNING | logger.py:390 | [TO_DO]  stderr:     ~~~~~~~~~~~~~^
2025-11-04 22:45:01 | WARNING | logger.py:390 | [TO_DO]  stderr:         self, ignored_consts=ignored_consts,
2025-11-04 22:45:01 | WARNING | logger.py:390 | [TO_DO]  stderr:         ^^^^^^^^^^^^^^^^^^^^^^^^^^^^^^^^^^^^
2025-11-04 22:45:01 | WARNING | logger.py:390 | [TO_DO]  stderr:         rule_children=rule_children)
2025-11-04 22:45:01 | WARNING | logger.py:390 | [TO_DO]  stderr:         ^^^^^^^^^^^^^^^^^^^^^^^^^^^^
2025-11-04 22:45:01 | WARNING | logger.py:390 | [TO_DO]  stderr:   File "D:\Python\TO_DO_Kivy\.venv\Lib\site-packages\kivy\lang\builder.py", line 545, in apply
2025-11-04 22:45:01 | WARNING | logger.py:390 | [TO_DO]  stderr:     self._apply_rule(
2025-11-04 22:45:01 | WARNING | logger.py:390 | [TO_DO]  stderr:     ~~~~~~~~~~~~~~~~^
2025-11-04 22:45:01 | WARNING | logger.py:390 | [TO_DO]  stderr:         widget, rule, rule, ignored_consts=ignored_consts,
2025-11-04 22:45:01 | WARNING | logger.py:390 | [TO_DO]  stderr:         ^^^^^^^^^^^^^^^^^^^^^^^^^^^^^^^^^^^^^^^^^^^^^^^^^^
2025-11-04 22:45:01 | WARNING | logger.py:390 | [TO_DO]  stderr:         rule_children=rule_children)
2025-11-04 22:45:01 | WARNING | logger.py:390 | [TO_DO]  stderr:         ^^^^^^^^^^^^^^^^^^^^^^^^^^^^
2025-11-04 22:45:01 | WARNING | logger.py:390 | [TO_DO]  stderr:   File "D:\Python\TO_DO_Kivy\.venv\Lib\site-packages\kivy\lang\builder.py", line 714, in _apply_rule
2025-11-04 22:45:01 | WARNING | logger.py:390 | [TO_DO]  stderr:     raise BuilderException(rule.ctx, rule.line,
2025-11-04 22:45:01 | WARNING | logger.py:390 | [TO_DO]  stderr:                            '{}: {}'.format(e.__class__.__name__,
2025-11-04 22:45:01 | WARNING | logger.py:390 | [TO_DO]  stderr:                                            e), cause=tb)
2025-11-04 22:45:01 | WARNING | logger.py:390 | [TO_DO]  stderr: kivy.lang.builder.BuilderException: Parser: File "D:\Python\TO_DO_Kivy\kv\components\label.kv", line 14:
2025-11-04 22:45:01 | WARNING | logger.py:390 | [TO_DO]  stderr: ...
2025-11-04 22:45:01 | WARNING | logger.py:390 | [TO_DO]  stderr:      12:    bold: True
2025-11-04 22:45:01 | WARNING | logger.py:390 | [TO_DO]  stderr:      13:    size_hint: 0.8, 1
2025-11-04 22:45:01 | WARNING | logger.py:390 | [TO_DO]  stderr: >>   14:    color: app.colors("on_surface")
2025-11-04 22:45:01 | WARNING | logger.py:390 | [TO_DO]  stderr:      15:    halign: "center"
2025-11-04 22:45:01 | WARNING | logger.py:390 | [TO_DO]  stderr:      16:    valign: "middle"
2025-11-04 22:45:01 | WARNING | logger.py:390 | [TO_DO]  stderr: ...
2025-11-04 22:45:01 | WARNING | logger.py:390 | [TO_DO]  stderr: BuilderException: Parser: File "D:\Python\TO_DO_Kivy\kv\components\label.kv", line 14:
2025-11-04 22:45:01 | WARNING | logger.py:390 | [TO_DO]  stderr: ...
2025-11-04 22:45:01 | WARNING | logger.py:390 | [TO_DO]  stderr:      12:    bold: True
2025-11-04 22:45:01 | WARNING | logger.py:390 | [TO_DO]  stderr:      13:    size_hint: 0.8, 1
2025-11-04 22:45:01 | WARNING | logger.py:390 | [TO_DO]  stderr: >>   14:    color: app.colors("on_surface")
2025-11-04 22:45:01 | WARNING | logger.py:390 | [TO_DO]  stderr:      15:    halign: "center"
2025-11-04 22:45:01 | WARNING | logger.py:390 | [TO_DO]  stderr:      16:    valign: "middle"
2025-11-04 22:45:01 | WARNING | logger.py:390 | [TO_DO]  stderr: ...
2025-11-04 22:45:01 | WARNING | logger.py:390 | [TO_DO]  stderr: TypeError: 'dict' object is not callable
2025-11-04 22:45:01 | WARNING | logger.py:390 | [TO_DO]  stderr:   File "D:\Python\TO_DO_Kivy\.venv\Lib\site-packages\kivy\lang\builder.py", line 245, in create_handler
2025-11-04 22:45:01 | WARNING | logger.py:390 | [TO_DO]  stderr:     return eval(value, idmap), bound_list
2025-11-04 22:45:01 | WARNING | logger.py:390 | [TO_DO]  stderr:            ~~~~^^^^^^^^^^^^^^
2025-11-04 22:45:01 | WARNING | logger.py:390 | [TO_DO]  stderr:   File "D:\Python\TO_DO_Kivy\kv\components\label.kv", line 14, in <module>
2025-11-04 22:45:01 | WARNING | logger.py:390 | [TO_DO]  stderr:     color: app.colors("on_surface")
2025-11-04 22:45:01 | WARNING | logger.py:390 | [TO_DO]  stderr:     ^^^^^^^^^^^^^^^^^^^^
2025-11-04 22:45:01 | WARNING | logger.py:390 | [TO_DO]  stderr: 
2025-11-04 22:45:01 | WARNING | logger.py:390 | [TO_DO]  stderr:   File "D:\Python\TO_DO_Kivy\.venv\Lib\site-packages\kivy\lang\builder.py", line 699, in _apply_rule
2025-11-04 22:45:01 | WARNING | logger.py:390 | [TO_DO]  stderr:     value, bound = create_handler(
2025-11-04 22:45:01 | WARNING | logger.py:390 | [TO_DO]  stderr:                    ~~~~~~~~~~~~~~^
2025-11-04 22:45:01 | WARNING | logger.py:390 | [TO_DO]  stderr:         widget_set, widget_set, key, value, rule,
2025-11-04 22:45:01 | WARNING | logger.py:390 | [TO_DO]  stderr:         ^^^^^^^^^^^^^^^^^^^^^^^^^^^^^^^^^^^^^^^^^
2025-11-04 22:45:01 | WARNING | logger.py:390 | [TO_DO]  stderr:         rctx['ids'])
2025-11-04 22:45:01 | WARNING | logger.py:390 | [TO_DO]  stderr:         ^^^^^^^^^^^^
2025-11-04 22:45:01 | WARNING | logger.py:390 | [TO_DO]  stderr:   File "D:\Python\TO_DO_Kivy\.venv\Lib\site-packages\kivy\lang\builder.py", line 248, in create_handler
2025-11-04 22:45:01 | WARNING | logger.py:390 | [TO_DO]  stderr:     raise BuilderException(rule.ctx, rule.line,
2025-11-04 22:45:01 | WARNING | logger.py:390 | [TO_DO]  stderr:                            '{}: {}'.format(e.__class__.__name__, e),
2025-11-04 22:45:01 | WARNING | logger.py:390 | [TO_DO]  stderr:                            cause=tb)
2025-11-04 22:45:01 | WARNING | logger.py:390 | [TO_DO]  stderr: 
2025-11-04 22:47:25 | WARNING | config_logger.py:43 | [TO_DO]  Application started with mode: debug
2025-11-04 22:47:27 | INFO | base.py:616 | [TO_DO]  Base: Leaving application in progress...
2025-11-04 22:47:27 | WARNING | logger.py:390 | [TO_DO]  stderr: Traceback (most recent call last):
2025-11-04 22:47:27 | WARNING | logger.py:390 | [TO_DO]  stderr:   File "D:\Python\TO_DO_Kivy\.venv\Lib\site-packages\kivy\lang\builder.py", line 245, in create_handler
2025-11-04 22:47:27 | WARNING | logger.py:390 | [TO_DO]  stderr:     return eval(value, idmap), bound_list
2025-11-04 22:47:27 | WARNING | logger.py:390 | [TO_DO]  stderr:            ~~~~^^^^^^^^^^^^^^
2025-11-04 22:47:27 | WARNING | logger.py:390 | [TO_DO]  stderr:   File "D:\Python\TO_DO_Kivy\kv\components\label.kv", line 4, in <module>
2025-11-04 22:47:27 | WARNING | logger.py:390 | [TO_DO]  stderr:     color:  app.color["on_surface"]
2025-11-04 22:47:27 | WARNING | logger.py:390 | [TO_DO]  stderr:     ^^^^^^^^^^^^^^^^^^^
2025-11-04 22:47:27 | WARNING | logger.py:390 | [TO_DO]  stderr: TypeError: 'method' object is not subscriptable
2025-11-04 22:47:27 | WARNING | logger.py:390 | [TO_DO]  stderr: 
2025-11-04 22:47:27 | WARNING | logger.py:390 | [TO_DO]  stderr: During handling of the above exception, another exception occurred:
2025-11-04 22:47:27 | WARNING | logger.py:390 | [TO_DO]  stderr: 
2025-11-04 22:47:27 | WARNING | logger.py:390 | [TO_DO]  stderr: Traceback (most recent call last):
2025-11-04 22:47:27 | WARNING | logger.py:390 | [TO_DO]  stderr:   File "D:\Python\TO_DO_Kivy\.venv\Lib\site-packages\kivy\lang\builder.py", line 699, in _apply_rule
2025-11-04 22:47:27 | WARNING | logger.py:390 | [TO_DO]  stderr:     value, bound = create_handler(
2025-11-04 22:47:27 | WARNING | logger.py:390 | [TO_DO]  stderr:                    ~~~~~~~~~~~~~~^
2025-11-04 22:47:27 | WARNING | logger.py:390 | [TO_DO]  stderr:         widget_set, widget_set, key, value, rule,
2025-11-04 22:47:27 | WARNING | logger.py:390 | [TO_DO]  stderr:         ^^^^^^^^^^^^^^^^^^^^^^^^^^^^^^^^^^^^^^^^^
2025-11-04 22:47:27 | WARNING | logger.py:390 | [TO_DO]  stderr:         rctx['ids'])
2025-11-04 22:47:27 | WARNING | logger.py:390 | [TO_DO]  stderr:         ^^^^^^^^^^^^
2025-11-04 22:47:27 | WARNING | logger.py:390 | [TO_DO]  stderr:   File "D:\Python\TO_DO_Kivy\.venv\Lib\site-packages\kivy\lang\builder.py", line 248, in create_handler
2025-11-04 22:47:27 | WARNING | logger.py:390 | [TO_DO]  stderr:     raise BuilderException(rule.ctx, rule.line,
2025-11-04 22:47:27 | WARNING | logger.py:390 | [TO_DO]  stderr:                            '{}: {}'.format(e.__class__.__name__, e),
2025-11-04 22:47:27 | WARNING | logger.py:390 | [TO_DO]  stderr:                            cause=tb)
2025-11-04 22:47:27 | WARNING | logger.py:390 | [TO_DO]  stderr: kivy.lang.builder.BuilderException: Parser: File "D:\Python\TO_DO_Kivy\kv\components\label.kv", line 4:
2025-11-04 22:47:27 | WARNING | logger.py:390 | [TO_DO]  stderr: ...
2025-11-04 22:47:27 | WARNING | logger.py:390 | [TO_DO]  stderr:       2:    font_name: "MDI"
2025-11-04 22:47:27 | WARNING | logger.py:390 | [TO_DO]  stderr:       3:    size_hint: 0.2, 1
2025-11-04 22:47:27 | WARNING | logger.py:390 | [TO_DO]  stderr: >>    4:    color:  app.color["on_surface"]
2025-11-04 22:47:27 | WARNING | logger.py:390 | [TO_DO]  stderr:       5:    pos_hint: {"center_y": .5, "center_x": .1}
2025-11-04 22:47:27 | WARNING | logger.py:390 | [TO_DO]  stderr:       6:    halign: "center"
2025-11-04 22:47:27 | WARNING | logger.py:390 | [TO_DO]  stderr: ...
2025-11-04 22:47:27 | WARNING | logger.py:390 | [TO_DO]  stderr: TypeError: 'method' object is not subscriptable
2025-11-04 22:47:27 | WARNING | logger.py:390 | [TO_DO]  stderr:   File "D:\Python\TO_DO_Kivy\.venv\Lib\site-packages\kivy\lang\builder.py", line 245, in create_handler
2025-11-04 22:47:27 | WARNING | logger.py:390 | [TO_DO]  stderr:     return eval(value, idmap), bound_list
2025-11-04 22:47:27 | WARNING | logger.py:390 | [TO_DO]  stderr:            ~~~~^^^^^^^^^^^^^^
2025-11-04 22:47:27 | WARNING | logger.py:390 | [TO_DO]  stderr:   File "D:\Python\TO_DO_Kivy\kv\components\label.kv", line 4, in <module>
2025-11-04 22:47:27 | WARNING | logger.py:390 | [TO_DO]  stderr:     color:  app.color["on_surface"]
2025-11-04 22:47:27 | WARNING | logger.py:390 | [TO_DO]  stderr:     ^^^^^^^^^^^^^^^^^^^
2025-11-04 22:47:27 | WARNING | logger.py:390 | [TO_DO]  stderr: 
2025-11-04 22:47:27 | WARNING | logger.py:390 | [TO_DO]  stderr: 
2025-11-04 22:47:27 | WARNING | logger.py:390 | [TO_DO]  stderr: During handling of the above exception, another exception occurred:
2025-11-04 22:47:27 | WARNING | logger.py:390 | [TO_DO]  stderr: 
2025-11-04 22:47:27 | WARNING | logger.py:390 | [TO_DO]  stderr: Traceback (most recent call last):
2025-11-04 22:47:27 | WARNING | logger.py:390 | [TO_DO]  stderr:   File "D:\Python\TO_DO_Kivy\main.py", line 73, in <module>
2025-11-04 22:47:27 | WARNING | logger.py:390 | [TO_DO]  stderr:     TO_DOApp().run()
2025-11-04 22:47:27 | WARNING | logger.py:390 | [TO_DO]  stderr:     ~~~~~~~~~~~~~~^^
2025-11-04 22:47:27 | WARNING | logger.py:390 | [TO_DO]  stderr:   File "D:\Python\TO_DO_Kivy\.venv\Lib\site-packages\kivy\app.py", line 956, in run
2025-11-04 22:47:27 | WARNING | logger.py:390 | [TO_DO]  stderr:     runTouchApp()
2025-11-04 22:47:27 | WARNING | logger.py:390 | [TO_DO]  stderr:     ~~~~~~~~~~~^^
2025-11-04 22:47:27 | WARNING | logger.py:390 | [TO_DO]  stderr:   File "D:\Python\TO_DO_Kivy\.venv\Lib\site-packages\kivy\base.py", line 574, in runTouchApp
2025-11-04 22:47:27 | WARNING | logger.py:390 | [TO_DO]  stderr:     EventLoop.mainloop()
2025-11-04 22:47:27 | WARNING | logger.py:390 | [TO_DO]  stderr:     ~~~~~~~~~~~~~~~~~~^^
2025-11-04 22:47:27 | WARNING | logger.py:390 | [TO_DO]  stderr:   File "D:\Python\TO_DO_Kivy\.venv\Lib\site-packages\kivy\base.py", line 339, in mainloop
2025-11-04 22:47:27 | WARNING | logger.py:390 | [TO_DO]  stderr:     self.idle()
2025-11-04 22:47:27 | WARNING | logger.py:390 | [TO_DO]  stderr:     ~~~~~~~~~^^
2025-11-04 22:47:27 | WARNING | logger.py:390 | [TO_DO]  stderr:   File "D:\Python\TO_DO_Kivy\.venv\Lib\site-packages\kivy\base.py", line 379, in idle
2025-11-04 22:47:27 | WARNING | logger.py:390 | [TO_DO]  stderr:     Clock.tick()
2025-11-04 22:47:27 | WARNING | logger.py:390 | [TO_DO]  stderr:     ~~~~~~~~~~^^
2025-11-04 22:47:27 | WARNING | logger.py:390 | [TO_DO]  stderr:   File "D:\Python\TO_DO_Kivy\.venv\Lib\site-packages\kivy\clock.py", line 733, in tick
2025-11-04 22:47:27 | WARNING | logger.py:390 | [TO_DO]  stderr:     self.post_idle(ts, self.idle())
2025-11-04 22:47:27 | WARNING | logger.py:390 | [TO_DO]  stderr:     ~~~~~~~~~~~~~~^^^^^^^^^^^^^^^^^
2025-11-04 22:47:27 | WARNING | logger.py:390 | [TO_DO]  stderr:   File "D:\Python\TO_DO_Kivy\.venv\Lib\site-packages\kivy\clock.py", line 776, in post_idle
2025-11-04 22:47:27 | WARNING | logger.py:390 | [TO_DO]  stderr:     self._process_events()
2025-11-04 22:47:27 | WARNING | logger.py:390 | [TO_DO]  stderr:     ~~~~~~~~~~~~~~~~~~~~^^
2025-11-04 22:47:27 | WARNING | logger.py:390 | [TO_DO]  stderr:   File "kivy\\_clock.pyx", line 620, in kivy._clock.CyClockBase._process_events
2025-11-04 22:47:27 | WARNING | logger.py:390 | [TO_DO]  stderr:   File "kivy\\_clock.pyx", line 653, in kivy._clock.CyClockBase._process_events
2025-11-04 22:47:27 | WARNING | logger.py:390 | [TO_DO]  stderr:   File "kivy\\_clock.pyx", line 649, in kivy._clock.CyClockBase._process_events
2025-11-04 22:47:27 | WARNING | logger.py:390 | [TO_DO]  stderr:   File "kivy\\_clock.pyx", line 218, in kivy._clock.ClockEvent.tick
2025-11-04 22:47:27 | WARNING | logger.py:390 | [TO_DO]  stderr:   File "D:\Python\TO_DO_Kivy\screens\splash.py", line 98, in <lambda>
2025-11-04 22:47:27 | WARNING | logger.py:390 | [TO_DO]  stderr:     Clock.schedule_once(lambda *_: self.app.load_screens(),0.8)
2025-11-04 22:47:27 | WARNING | logger.py:390 | [TO_DO]  stderr:                                    ~~~~~~~~~~~~~~~~~~~~~^^
2025-11-04 22:47:27 | WARNING | logger.py:390 | [TO_DO]  stderr:   File "D:\Python\TO_DO_Kivy\main.py", line 65, in load_screens
2025-11-04 22:47:27 | WARNING | logger.py:390 | [TO_DO]  stderr:     self.root.add_widget(self.menu())
2025-11-04 22:47:27 | WARNING | logger.py:390 | [TO_DO]  stderr:                          ~~~~~~~~~^^
2025-11-04 22:47:27 | WARNING | logger.py:390 | [TO_DO]  stderr:   File "D:\Python\TO_DO_Kivy\.venv\Lib\site-packages\kivy\uix\boxlayout.py", line 145, in __init__
2025-11-04 22:47:27 | WARNING | logger.py:390 | [TO_DO]  stderr:     super(BoxLayout, self).__init__(**kwargs)
2025-11-04 22:47:27 | WARNING | logger.py:390 | [TO_DO]  stderr:     ~~~~~~~~~~~~~~~~~~~~~~~~~~~~~~~^^^^^^^^^^
2025-11-04 22:47:27 | WARNING | logger.py:390 | [TO_DO]  stderr:   File "D:\Python\TO_DO_Kivy\.venv\Lib\site-packages\kivy\uix\relativelayout.py", line 274, in __init__
2025-11-04 22:47:27 | WARNING | logger.py:390 | [TO_DO]  stderr:     super(RelativeLayout, self).__init__(**kw)
2025-11-04 22:47:27 | WARNING | logger.py:390 | [TO_DO]  stderr:     ~~~~~~~~~~~~~~~~~~~~~~~~~~~~~~~~~~~~^^^^^^
2025-11-04 22:47:27 | WARNING | logger.py:390 | [TO_DO]  stderr:   File "D:\Python\TO_DO_Kivy\.venv\Lib\site-packages\kivy\uix\floatlayout.py", line 65, in __init__
2025-11-04 22:47:27 | WARNING | logger.py:390 | [TO_DO]  stderr:     super(FloatLayout, self).__init__(**kwargs)
2025-11-04 22:47:27 | WARNING | logger.py:390 | [TO_DO]  stderr:     ~~~~~~~~~~~~~~~~~~~~~~~~~~~~~~~~~^^^^^^^^^^
2025-11-04 22:47:27 | WARNING | logger.py:390 | [TO_DO]  stderr:   File "D:\Python\TO_DO_Kivy\.venv\Lib\site-packages\kivy\uix\layout.py", line 76, in __init__
2025-11-04 22:47:27 | WARNING | logger.py:390 | [TO_DO]  stderr:     super(Layout, self).__init__(**kwargs)
2025-11-04 22:47:27 | WARNING | logger.py:390 | [TO_DO]  stderr:     ~~~~~~~~~~~~~~~~~~~~~~~~~~~~^^^^^^^^^^
2025-11-04 22:47:27 | WARNING | logger.py:390 | [TO_DO]  stderr:   File "D:\Python\TO_DO_Kivy\.venv\Lib\site-packages\kivy\uix\widget.py", line 366, in __init__
2025-11-04 22:47:27 | WARNING | logger.py:390 | [TO_DO]  stderr:     self.apply_class_lang_rules(
2025-11-04 22:47:27 | WARNING | logger.py:390 | [TO_DO]  stderr:     ~~~~~~~~~~~~~~~~~~~~~~~~~~~^
2025-11-04 22:47:27 | WARNING | logger.py:390 | [TO_DO]  stderr:         ignored_consts=self._kwargs_applied_init,
2025-11-04 22:47:27 | WARNING | logger.py:390 | [TO_DO]  stderr:         ^^^^^^^^^^^^^^^^^^^^^^^^^^^^^^^^^^^^^^^^^
2025-11-04 22:47:27 | WARNING | logger.py:390 | [TO_DO]  stderr:         rule_children=rule_children)
2025-11-04 22:47:27 | WARNING | logger.py:390 | [TO_DO]  stderr:         ^^^^^^^^^^^^^^^^^^^^^^^^^^^^
2025-11-04 22:47:27 | WARNING | logger.py:390 | [TO_DO]  stderr:   File "D:\Python\TO_DO_Kivy\.venv\Lib\site-packages\kivy\uix\widget.py", line 470, in apply_class_lang_rules
2025-11-04 22:47:27 | WARNING | logger.py:390 | [TO_DO]  stderr:     Builder.apply(
2025-11-04 22:47:27 | WARNING | logger.py:390 | [TO_DO]  stderr:     ~~~~~~~~~~~~~^
2025-11-04 22:47:27 | WARNING | logger.py:390 | [TO_DO]  stderr:         self, ignored_consts=ignored_consts,
2025-11-04 22:47:27 | WARNING | logger.py:390 | [TO_DO]  stderr:         ^^^^^^^^^^^^^^^^^^^^^^^^^^^^^^^^^^^^
2025-11-04 22:47:27 | WARNING | logger.py:390 | [TO_DO]  stderr:         rule_children=rule_children)
2025-11-04 22:47:27 | WARNING | logger.py:390 | [TO_DO]  stderr:         ^^^^^^^^^^^^^^^^^^^^^^^^^^^^
2025-11-04 22:47:27 | WARNING | logger.py:390 | [TO_DO]  stderr:   File "D:\Python\TO_DO_Kivy\.venv\Lib\site-packages\kivy\lang\builder.py", line 545, in apply
2025-11-04 22:47:27 | WARNING | logger.py:390 | [TO_DO]  stderr:     self._apply_rule(
2025-11-04 22:47:27 | WARNING | logger.py:390 | [TO_DO]  stderr:     ~~~~~~~~~~~~~~~~^
2025-11-04 22:47:27 | WARNING | logger.py:390 | [TO_DO]  stderr:         widget, rule, rule, ignored_consts=ignored_consts,
2025-11-04 22:47:27 | WARNING | logger.py:390 | [TO_DO]  stderr:         ^^^^^^^^^^^^^^^^^^^^^^^^^^^^^^^^^^^^^^^^^^^^^^^^^^
2025-11-04 22:47:27 | WARNING | logger.py:390 | [TO_DO]  stderr:         rule_children=rule_children)
2025-11-04 22:47:27 | WARNING | logger.py:390 | [TO_DO]  stderr:         ^^^^^^^^^^^^^^^^^^^^^^^^^^^^
2025-11-04 22:47:27 | WARNING | logger.py:390 | [TO_DO]  stderr:   File "D:\Python\TO_DO_Kivy\.venv\Lib\site-packages\kivy\lang\builder.py", line 665, in _apply_rule
2025-11-04 22:47:27 | WARNING | logger.py:390 | [TO_DO]  stderr:     child.apply_class_lang_rules(
2025-11-04 22:47:27 | WARNING | logger.py:390 | [TO_DO]  stderr:     ~~~~~~~~~~~~~~~~~~~~~~~~~~~~^
2025-11-04 22:47:27 | WARNING | logger.py:390 | [TO_DO]  stderr:         root=rctx['ids']['root'], rule_children=rule_children)
2025-11-04 22:47:27 | WARNING | logger.py:390 | [TO_DO]  stderr:         ^^^^^^^^^^^^^^^^^^^^^^^^^^^^^^^^^^^^^^^^^^^^^^^^^^^^^^
2025-11-04 22:47:27 | WARNING | logger.py:390 | [TO_DO]  stderr:   File "D:\Python\TO_DO_Kivy\.venv\Lib\site-packages\kivy\uix\widget.py", line 470, in apply_class_lang_rules
2025-11-04 22:47:27 | WARNING | logger.py:390 | [TO_DO]  stderr:     Builder.apply(
2025-11-04 22:47:27 | WARNING | logger.py:390 | [TO_DO]  stderr:     ~~~~~~~~~~~~~^
2025-11-04 22:47:27 | WARNING | logger.py:390 | [TO_DO]  stderr:         self, ignored_consts=ignored_consts,
2025-11-04 22:47:27 | WARNING | logger.py:390 | [TO_DO]  stderr:         ^^^^^^^^^^^^^^^^^^^^^^^^^^^^^^^^^^^^
2025-11-04 22:47:27 | WARNING | logger.py:390 | [TO_DO]  stderr:         rule_children=rule_children)
2025-11-04 22:47:27 | WARNING | logger.py:390 | [TO_DO]  stderr:         ^^^^^^^^^^^^^^^^^^^^^^^^^^^^
2025-11-04 22:47:27 | WARNING | logger.py:390 | [TO_DO]  stderr:   File "D:\Python\TO_DO_Kivy\.venv\Lib\site-packages\kivy\lang\builder.py", line 545, in apply
2025-11-04 22:47:27 | WARNING | logger.py:390 | [TO_DO]  stderr:     self._apply_rule(
2025-11-04 22:47:27 | WARNING | logger.py:390 | [TO_DO]  stderr:     ~~~~~~~~~~~~~~~~^
2025-11-04 22:47:27 | WARNING | logger.py:390 | [TO_DO]  stderr:         widget, rule, rule, ignored_consts=ignored_consts,
2025-11-04 22:47:27 | WARNING | logger.py:390 | [TO_DO]  stderr:         ^^^^^^^^^^^^^^^^^^^^^^^^^^^^^^^^^^^^^^^^^^^^^^^^^^
2025-11-04 22:47:27 | WARNING | logger.py:390 | [TO_DO]  stderr:         rule_children=rule_children)
2025-11-04 22:47:27 | WARNING | logger.py:390 | [TO_DO]  stderr:         ^^^^^^^^^^^^^^^^^^^^^^^^^^^^
2025-11-04 22:47:27 | WARNING | logger.py:390 | [TO_DO]  stderr:   File "D:\Python\TO_DO_Kivy\.venv\Lib\site-packages\kivy\lang\builder.py", line 665, in _apply_rule
2025-11-04 22:47:27 | WARNING | logger.py:390 | [TO_DO]  stderr:     child.apply_class_lang_rules(
2025-11-04 22:47:27 | WARNING | logger.py:390 | [TO_DO]  stderr:     ~~~~~~~~~~~~~~~~~~~~~~~~~~~~^
2025-11-04 22:47:27 | WARNING | logger.py:390 | [TO_DO]  stderr:         root=rctx['ids']['root'], rule_children=rule_children)
2025-11-04 22:47:27 | WARNING | logger.py:390 | [TO_DO]  stderr:         ^^^^^^^^^^^^^^^^^^^^^^^^^^^^^^^^^^^^^^^^^^^^^^^^^^^^^^
2025-11-04 22:47:27 | WARNING | logger.py:390 | [TO_DO]  stderr:   File "D:\Python\TO_DO_Kivy\.venv\Lib\site-packages\kivy\uix\widget.py", line 470, in apply_class_lang_rules
2025-11-04 22:47:27 | WARNING | logger.py:390 | [TO_DO]  stderr:     Builder.apply(
2025-11-04 22:47:27 | WARNING | logger.py:390 | [TO_DO]  stderr:     ~~~~~~~~~~~~~^
2025-11-04 22:47:27 | WARNING | logger.py:390 | [TO_DO]  stderr:         self, ignored_consts=ignored_consts,
2025-11-04 22:47:27 | WARNING | logger.py:390 | [TO_DO]  stderr:         ^^^^^^^^^^^^^^^^^^^^^^^^^^^^^^^^^^^^
2025-11-04 22:47:27 | WARNING | logger.py:390 | [TO_DO]  stderr:         rule_children=rule_children)
2025-11-04 22:47:27 | WARNING | logger.py:390 | [TO_DO]  stderr:         ^^^^^^^^^^^^^^^^^^^^^^^^^^^^
2025-11-04 22:47:27 | WARNING | logger.py:390 | [TO_DO]  stderr:   File "D:\Python\TO_DO_Kivy\.venv\Lib\site-packages\kivy\lang\builder.py", line 545, in apply
2025-11-04 22:47:27 | WARNING | logger.py:390 | [TO_DO]  stderr:     self._apply_rule(
2025-11-04 22:47:27 | WARNING | logger.py:390 | [TO_DO]  stderr:     ~~~~~~~~~~~~~~~~^
2025-11-04 22:47:27 | WARNING | logger.py:390 | [TO_DO]  stderr:         widget, rule, rule, ignored_consts=ignored_consts,
2025-11-04 22:47:27 | WARNING | logger.py:390 | [TO_DO]  stderr:         ^^^^^^^^^^^^^^^^^^^^^^^^^^^^^^^^^^^^^^^^^^^^^^^^^^
2025-11-04 22:47:27 | WARNING | logger.py:390 | [TO_DO]  stderr:         rule_children=rule_children)
2025-11-04 22:47:27 | WARNING | logger.py:390 | [TO_DO]  stderr:         ^^^^^^^^^^^^^^^^^^^^^^^^^^^^
2025-11-04 22:47:27 | WARNING | logger.py:390 | [TO_DO]  stderr:   File "D:\Python\TO_DO_Kivy\.venv\Lib\site-packages\kivy\lang\builder.py", line 714, in _apply_rule
2025-11-04 22:47:27 | WARNING | logger.py:390 | [TO_DO]  stderr:     raise BuilderException(rule.ctx, rule.line,
2025-11-04 22:47:27 | WARNING | logger.py:390 | [TO_DO]  stderr:                            '{}: {}'.format(e.__class__.__name__,
2025-11-04 22:47:27 | WARNING | logger.py:390 | [TO_DO]  stderr:                                            e), cause=tb)
2025-11-04 22:47:27 | WARNING | logger.py:390 | [TO_DO]  stderr: kivy.lang.builder.BuilderException: Parser: File "D:\Python\TO_DO_Kivy\kv\components\label.kv", line 4:
2025-11-04 22:47:27 | WARNING | logger.py:390 | [TO_DO]  stderr: ...
2025-11-04 22:47:27 | WARNING | logger.py:390 | [TO_DO]  stderr:       2:    font_name: "MDI"
2025-11-04 22:47:27 | WARNING | logger.py:390 | [TO_DO]  stderr:       3:    size_hint: 0.2, 1
2025-11-04 22:47:27 | WARNING | logger.py:390 | [TO_DO]  stderr: >>    4:    color:  app.color["on_surface"]
2025-11-04 22:47:27 | WARNING | logger.py:390 | [TO_DO]  stderr:       5:    pos_hint: {"center_y": .5, "center_x": .1}
2025-11-04 22:47:27 | WARNING | logger.py:390 | [TO_DO]  stderr:       6:    halign: "center"
2025-11-04 22:47:27 | WARNING | logger.py:390 | [TO_DO]  stderr: ...
2025-11-04 22:47:27 | WARNING | logger.py:390 | [TO_DO]  stderr: BuilderException: Parser: File "D:\Python\TO_DO_Kivy\kv\components\label.kv", line 4:
2025-11-04 22:47:27 | WARNING | logger.py:390 | [TO_DO]  stderr: ...
2025-11-04 22:47:27 | WARNING | logger.py:390 | [TO_DO]  stderr:       2:    font_name: "MDI"
2025-11-04 22:47:27 | WARNING | logger.py:390 | [TO_DO]  stderr:       3:    size_hint: 0.2, 1
2025-11-04 22:47:27 | WARNING | logger.py:390 | [TO_DO]  stderr: >>    4:    color:  app.color["on_surface"]
2025-11-04 22:47:27 | WARNING | logger.py:390 | [TO_DO]  stderr:       5:    pos_hint: {"center_y": .5, "center_x": .1}
2025-11-04 22:47:27 | WARNING | logger.py:390 | [TO_DO]  stderr:       6:    halign: "center"
2025-11-04 22:47:27 | WARNING | logger.py:390 | [TO_DO]  stderr: ...
2025-11-04 22:47:27 | WARNING | logger.py:390 | [TO_DO]  stderr: TypeError: 'method' object is not subscriptable
2025-11-04 22:47:27 | WARNING | logger.py:390 | [TO_DO]  stderr:   File "D:\Python\TO_DO_Kivy\.venv\Lib\site-packages\kivy\lang\builder.py", line 245, in create_handler
2025-11-04 22:47:27 | WARNING | logger.py:390 | [TO_DO]  stderr:     return eval(value, idmap), bound_list
2025-11-04 22:47:27 | WARNING | logger.py:390 | [TO_DO]  stderr:            ~~~~^^^^^^^^^^^^^^
2025-11-04 22:47:27 | WARNING | logger.py:390 | [TO_DO]  stderr:   File "D:\Python\TO_DO_Kivy\kv\components\label.kv", line 4, in <module>
2025-11-04 22:47:27 | WARNING | logger.py:390 | [TO_DO]  stderr:     color:  app.color["on_surface"]
2025-11-04 22:47:27 | WARNING | logger.py:390 | [TO_DO]  stderr:     ^^^^^^^^^^^^^^^^^^^
2025-11-04 22:47:27 | WARNING | logger.py:390 | [TO_DO]  stderr: 
2025-11-04 22:47:27 | WARNING | logger.py:390 | [TO_DO]  stderr:   File "D:\Python\TO_DO_Kivy\.venv\Lib\site-packages\kivy\lang\builder.py", line 699, in _apply_rule
2025-11-04 22:47:27 | WARNING | logger.py:390 | [TO_DO]  stderr:     value, bound = create_handler(
2025-11-04 22:47:27 | WARNING | logger.py:390 | [TO_DO]  stderr:                    ~~~~~~~~~~~~~~^
2025-11-04 22:47:27 | WARNING | logger.py:390 | [TO_DO]  stderr:         widget_set, widget_set, key, value, rule,
2025-11-04 22:47:27 | WARNING | logger.py:390 | [TO_DO]  stderr:         ^^^^^^^^^^^^^^^^^^^^^^^^^^^^^^^^^^^^^^^^^
2025-11-04 22:47:27 | WARNING | logger.py:390 | [TO_DO]  stderr:         rctx['ids'])
2025-11-04 22:47:27 | WARNING | logger.py:390 | [TO_DO]  stderr:         ^^^^^^^^^^^^
2025-11-04 22:47:27 | WARNING | logger.py:390 | [TO_DO]  stderr:   File "D:\Python\TO_DO_Kivy\.venv\Lib\site-packages\kivy\lang\builder.py", line 248, in create_handler
2025-11-04 22:47:27 | WARNING | logger.py:390 | [TO_DO]  stderr:     raise BuilderException(rule.ctx, rule.line,
2025-11-04 22:47:27 | WARNING | logger.py:390 | [TO_DO]  stderr:                            '{}: {}'.format(e.__class__.__name__, e),
2025-11-04 22:47:27 | WARNING | logger.py:390 | [TO_DO]  stderr:                            cause=tb)
2025-11-04 22:47:27 | WARNING | logger.py:390 | [TO_DO]  stderr: 
2025-11-04 22:48:10 | WARNING | config_logger.py:43 | [TO_DO]  Application started with mode: debug
2025-11-04 22:48:12 | DEBUG | main_menu.py:63 | [TO_DO]  Init MainMenu
2025-11-04 22:48:15 | DEBUG | setting.py:40 | [TO_DO]  load settings screen
2025-11-04 22:48:19 | DEBUG | setting.py:63 | [TO_DO]  Change Theme on - dark
2025-11-04 22:48:32 | DEBUG | main_menu.py:63 | [TO_DO]  Init MainMenu
2025-11-04 22:48:36 | DEBUG | setting.py:40 | [TO_DO]  load settings screen
2025-11-04 22:48:41 | DEBUG | setting.py:63 | [TO_DO]  Change Theme on - light
2025-11-04 22:48:44 | DEBUG | setting.py:63 | [TO_DO]  Change Theme on - dark
2025-11-04 22:48:53 | INFO | base.py:616 | [TO_DO]  Base: Leaving application in progress...
2025-11-04 22:49:16 | WARNING | config_logger.py:43 | [TO_DO]  Application started with mode: debug
2025-11-04 22:49:18 | DEBUG | main_menu.py:63 | [TO_DO]  Init MainMenu
2025-11-04 22:49:20 | DEBUG | setting.py:40 | [TO_DO]  load settings screen
2025-11-04 22:49:26 | DEBUG | setting.py:63 | [TO_DO]  Change Theme on - light
2025-11-04 22:49:31 | DEBUG | setting.py:63 | [TO_DO]  Change Theme on - dark
2025-11-04 22:49:40 | DEBUG | main_menu.py:63 | [TO_DO]  Init MainMenu
2025-11-04 22:49:46 | DEBUG | main_menu.py:102 | [TO_DO]  Open confirmation popup
2025-11-04 22:49:48 | INFO | base.py:616 | [TO_DO]  Base: Leaving application in progress...
2025-11-04 22:49:52 | WARNING | config_logger.py:43 | [TO_DO]  Application started with mode: debug
2025-11-04 22:49:55 | DEBUG | main_menu.py:63 | [TO_DO]  Init MainMenu
2025-11-04 22:49:57 | DEBUG | setting.py:40 | [TO_DO]  load settings screen
2025-11-04 22:50:00 | DEBUG | setting.py:63 | [TO_DO]  Change Theme on - light
2025-11-04 22:50:03 | INFO | base.py:616 | [TO_DO]  Base: Leaving application in progress...
2025-11-04 22:50:26 | WARNING | config_logger.py:43 | [TO_DO]  Application started with mode: debug
2025-11-04 22:50:28 | DEBUG | main_menu.py:63 | [TO_DO]  Init MainMenu
2025-11-04 22:50:30 | DEBUG | setting.py:40 | [TO_DO]  load settings screen
2025-11-04 22:50:34 | DEBUG | setting.py:62 | [TO_DO]  Change Theme on - dark
2025-11-04 22:50:37 | DEBUG | setting.py:62 | [TO_DO]  Change Theme on - light
2025-11-04 22:50:41 | DEBUG | setting.py:62 | [TO_DO]  Change Theme on - dark
2025-11-04 22:50:43 | DEBUG | main_menu.py:63 | [TO_DO]  Init MainMenu
2025-11-04 22:50:47 | INFO | base.py:616 | [TO_DO]  Base: Leaving application in progress...
2025-11-04 22:53:43 | WARNING | config_logger.py:43 | [TO_DO]  Application started with mode: debug
2025-11-04 22:53:45 | DEBUG | main_menu.py:63 | [TO_DO]  Init MainMenu
2025-11-04 22:53:50 | DEBUG | setting.py:40 | [TO_DO]  load settings screen
2025-11-04 22:53:57 | DEBUG | setting.py:62 | [TO_DO]  Change Theme on - light
2025-11-04 22:54:01 | DEBUG | setting.py:62 | [TO_DO]  Change Theme on - light
2025-11-04 22:54:05 | DEBUG | setting.py:62 | [TO_DO]  Change Theme on - dark
2025-11-04 22:54:08 | INFO | base.py:616 | [TO_DO]  Base: Leaving application in progress...
2025-11-04 22:54:36 | WARNING | config_logger.py:43 | [TO_DO]  Application started with mode: debug
2025-11-04 22:54:39 | DEBUG | main_menu.py:63 | [TO_DO]  Init MainMenu
2025-11-04 22:54:42 | DEBUG | setting.py:40 | [TO_DO]  load settings screen
2025-11-04 22:54:46 | DEBUG | setting.py:62 | [TO_DO]  Change Theme on - light
2025-11-04 22:54:46 | DEBUG | setting.py:40 | [TO_DO]  load settings screen
2025-11-04 22:54:56 | DEBUG | setting.py:62 | [TO_DO]  Change Theme on - dark
2025-11-04 22:54:56 | DEBUG | setting.py:40 | [TO_DO]  load settings screen
2025-11-04 22:55:02 | DEBUG | main_menu.py:63 | [TO_DO]  Init MainMenu
2025-11-04 22:55:07 | DEBUG | setting.py:40 | [TO_DO]  load settings screen
2025-11-04 22:55:10 | DEBUG | main_menu.py:63 | [TO_DO]  Init MainMenu
2025-11-04 22:55:15 | INFO | base.py:616 | [TO_DO]  Base: Leaving application in progress...
2025-11-04 22:55:29 | WARNING | config_logger.py:43 | [TO_DO]  Application started with mode: debug
2025-11-04 22:55:31 | DEBUG | main_menu.py:63 | [TO_DO]  Init MainMenu
2025-11-04 22:55:36 | DEBUG | setting.py:40 | [TO_DO]  load settings screen
2025-11-04 22:55:40 | DEBUG | main_menu.py:63 | [TO_DO]  Init MainMenu
2025-11-04 22:55:43 | DEBUG | setting.py:40 | [TO_DO]  load settings screen
2025-11-04 22:55:46 | DEBUG | main_menu.py:63 | [TO_DO]  Init MainMenu
2025-11-04 22:55:48 | DEBUG | setting.py:40 | [TO_DO]  load settings screen
2025-11-04 22:55:53 | DEBUG | setting.py:62 | [TO_DO]  Change Theme on - light
2025-11-04 22:56:02 | DEBUG | setting.py:62 | [TO_DO]  Change Theme on - light
2025-11-04 22:56:05 | DEBUG | setting.py:62 | [TO_DO]  Change Theme on - dark
2025-11-04 22:56:10 | DEBUG | main_menu.py:63 | [TO_DO]  Init MainMenu
2025-11-04 22:56:13 | DEBUG | setting.py:40 | [TO_DO]  load settings screen
2025-11-04 22:56:18 | DEBUG | setting.py:62 | [TO_DO]  Change Theme on - light
2025-11-04 22:56:21 | DEBUG | setting.py:62 | [TO_DO]  Change Theme on - light
2025-11-04 22:56:25 | DEBUG | main_menu.py:63 | [TO_DO]  Init MainMenu
2025-11-04 22:56:30 | DEBUG | setting.py:40 | [TO_DO]  load settings screen
2025-11-04 22:56:33 | DEBUG | setting.py:48 | [TO_DO]  Change language on - en
2025-11-04 22:56:49 | DEBUG | main_menu.py:63 | [TO_DO]  Init MainMenu
2025-11-04 22:56:57 | INFO | base.py:616 | [TO_DO]  Base: Leaving application in progress...
2025-11-04 22:56:57 | WARNING | logger.py:390 | [TO_DO]  stderr: Traceback (most recent call last):
2025-11-04 22:56:57 | WARNING | logger.py:390 | [TO_DO]  stderr:   File "D:\Python\TO_DO_Kivy\main.py", line 74, in <module>
2025-11-04 22:56:57 | WARNING | logger.py:390 | [TO_DO]  stderr:     TO_DOApp().run()
2025-11-04 22:56:57 | WARNING | logger.py:390 | [TO_DO]  stderr:     ~~~~~~~~~~~~~~^^
2025-11-04 22:56:57 | WARNING | logger.py:390 | [TO_DO]  stderr:   File "D:\Python\TO_DO_Kivy\.venv\Lib\site-packages\kivy\app.py", line 956, in run
2025-11-04 22:56:57 | WARNING | logger.py:390 | [TO_DO]  stderr:     runTouchApp()
2025-11-04 22:56:57 | WARNING | logger.py:390 | [TO_DO]  stderr:     ~~~~~~~~~~~^^
2025-11-04 22:56:57 | WARNING | logger.py:390 | [TO_DO]  stderr:   File "D:\Python\TO_DO_Kivy\.venv\Lib\site-packages\kivy\base.py", line 574, in runTouchApp
2025-11-04 22:56:57 | WARNING | logger.py:390 | [TO_DO]  stderr:     EventLoop.mainloop()
2025-11-04 22:56:57 | WARNING | logger.py:390 | [TO_DO]  stderr:     ~~~~~~~~~~~~~~~~~~^^
2025-11-04 22:56:57 | WARNING | logger.py:390 | [TO_DO]  stderr:   File "D:\Python\TO_DO_Kivy\.venv\Lib\site-packages\kivy\base.py", line 339, in mainloop
2025-11-04 22:56:57 | WARNING | logger.py:390 | [TO_DO]  stderr:     self.idle()
2025-11-04 22:56:57 | WARNING | logger.py:390 | [TO_DO]  stderr:     ~~~~~~~~~^^
2025-11-04 22:56:57 | WARNING | logger.py:390 | [TO_DO]  stderr:   File "D:\Python\TO_DO_Kivy\.venv\Lib\site-packages\kivy\base.py", line 383, in idle
2025-11-04 22:56:57 | WARNING | logger.py:390 | [TO_DO]  stderr:     self.dispatch_input()
2025-11-04 22:56:57 | WARNING | logger.py:390 | [TO_DO]  stderr:     ~~~~~~~~~~~~~~~~~~~^^
2025-11-04 22:56:57 | WARNING | logger.py:390 | [TO_DO]  stderr:   File "D:\Python\TO_DO_Kivy\.venv\Lib\site-packages\kivy\base.py", line 334, in dispatch_input
2025-11-04 22:56:57 | WARNING | logger.py:390 | [TO_DO]  stderr:     post_dispatch_input(*pop(0))
2025-11-04 22:56:57 | WARNING | logger.py:390 | [TO_DO]  stderr:     ~~~~~~~~~~~~~~~~~~~^^^^^^^^^
2025-11-04 22:56:57 | WARNING | logger.py:390 | [TO_DO]  stderr:   File "D:\Python\TO_DO_Kivy\.venv\Lib\site-packages\kivy\base.py", line 302, in post_dispatch_input
2025-11-04 22:56:57 | WARNING | logger.py:390 | [TO_DO]  stderr:     wid.dispatch('on_touch_up', me)
2025-11-04 22:56:57 | WARNING | logger.py:390 | [TO_DO]  stderr:     ~~~~~~~~~~~~^^^^^^^^^^^^^^^^^^^
2025-11-04 22:56:57 | WARNING | logger.py:390 | [TO_DO]  stderr:   File "kivy\\_event.pyx", line 731, in kivy._event.EventDispatcher.dispatch
2025-11-04 22:56:57 | WARNING | logger.py:390 | [TO_DO]  stderr:   File "D:\Python\TO_DO_Kivy\.venv\Lib\site-packages\kivy\uix\behaviors\button.py", line 179, in on_touch_up
2025-11-04 22:56:57 | WARNING | logger.py:390 | [TO_DO]  stderr:     self.dispatch('on_release')
2025-11-04 22:56:57 | WARNING | logger.py:390 | [TO_DO]  stderr:     ~~~~~~~~~~~~~^^^^^^^^^^^^^^
2025-11-04 22:56:57 | WARNING | logger.py:390 | [TO_DO]  stderr:   File "kivy\\_event.pyx", line 727, in kivy._event.EventDispatcher.dispatch
2025-11-04 22:56:57 | WARNING | logger.py:390 | [TO_DO]  stderr:   File "kivy\\_event.pyx", line 1307, in kivy._event.EventObservers.dispatch
2025-11-04 22:56:57 | WARNING | logger.py:390 | [TO_DO]  stderr:   File "kivy\\_event.pyx", line 1191, in kivy._event.EventObservers._dispatch
2025-11-04 22:56:57 | WARNING | logger.py:390 | [TO_DO]  stderr:   File "D:\Python\TO_DO_Kivy\.venv\Lib\site-packages\kivy\lang\builder.py", line 60, in custom_callback
2025-11-04 22:56:57 | WARNING | logger.py:390 | [TO_DO]  stderr:     exec(__kvlang__.co_value, idmap)
2025-11-04 22:56:57 | WARNING | logger.py:390 | [TO_DO]  stderr:     ~~~~^^^^^^^^^^^^^^^^^^^^^^^^^^^^
2025-11-04 22:56:57 | WARNING | logger.py:390 | [TO_DO]  stderr:   File "D:\Python\TO_DO_Kivy\kv\screens\main_menu.kv", line 17, in <module>
2025-11-04 22:56:57 | WARNING | logger.py:390 | [TO_DO]  stderr:     on_release: root.change_lang()
2025-11-04 22:56:57 | WARNING | logger.py:390 | [TO_DO]  stderr:     ^^^^^^^^
2025-11-04 22:56:57 | WARNING | logger.py:390 | [TO_DO]  stderr:   File "kivy\\weakproxy.pyx", line 32, in kivy.weakproxy.WeakProxy.__getattr__
2025-11-04 22:56:57 | WARNING | logger.py:390 | [TO_DO]  stderr: AttributeError: 'MainMenu' object has no attribute 'change_lang'
2025-11-04 22:57:03 | WARNING | config_logger.py:43 | [TO_DO]  Application started with mode: debug
2025-11-04 22:57:06 | DEBUG | main_menu.py:63 | [TO_DO]  Init MainMenu
2025-11-04 22:57:09 | DEBUG | setting.py:40 | [TO_DO]  load settings screen
2025-11-04 22:57:19 | DEBUG | setting.py:62 | [TO_DO]  Change Theme on - dark
2025-11-04 22:57:31 | DEBUG | setting.py:48 | [TO_DO]  Change language on - ru
2025-11-04 22:57:34 | INFO | base.py:616 | [TO_DO]  Base: Leaving application in progress...
2025-11-04 22:57:53 | WARNING | config_logger.py:43 | [TO_DO]  Application started with mode: debug
2025-11-04 22:57:55 | DEBUG | main_menu.py:63 | [TO_DO]  Init MainMenu
2025-11-04 22:58:00 | DEBUG | setting.py:40 | [TO_DO]  load settings screen
2025-11-04 22:58:06 | DEBUG | setting.py:62 | [TO_DO]  Change Theme on - dark
2025-11-04 22:58:18 | INFO | base.py:616 | [TO_DO]  Base: Leaving application in progress...
2025-11-04 22:59:32 | WARNING | config_logger.py:43 | [TO_DO]  Application started with mode: debug
2025-11-04 22:59:34 | DEBUG | main_menu.py:63 | [TO_DO]  Init MainMenu
2025-11-04 22:59:40 | DEBUG | setting.py:40 | [TO_DO]  load settings screen
2025-11-04 22:59:43 | DEBUG | setting.py:62 | [TO_DO]  Change Theme on - light
2025-11-04 22:59:52 | DEBUG | setting.py:62 | [TO_DO]  Change Theme on - light
2025-11-04 23:00:05 | DEBUG | main_menu.py:63 | [TO_DO]  Init MainMenu
2025-11-04 23:00:13 | DEBUG | setting.py:40 | [TO_DO]  load settings screen
2025-11-04 23:00:18 | DEBUG | setting.py:62 | [TO_DO]  Change Theme on - dark
2025-11-04 23:00:23 | DEBUG | setting.py:62 | [TO_DO]  Change Theme on - light
2025-11-04 23:00:37 | DEBUG | main_menu.py:63 | [TO_DO]  Init MainMenu
2025-11-04 23:00:49 | INFO | base.py:616 | [TO_DO]  Base: Leaving application in progress...
2025-11-04 23:01:02 | WARNING | config_logger.py:43 | [TO_DO]  Application started with mode: debug
2025-11-04 23:01:04 | DEBUG | main_menu.py:63 | [TO_DO]  Init MainMenu
2025-11-04 23:01:11 | DEBUG | setting.py:40 | [TO_DO]  load settings screen
2025-11-04 23:01:16 | DEBUG | setting.py:62 | [TO_DO]  Change Theme on - dark
2025-11-04 23:01:38 | DEBUG | main_menu.py:63 | [TO_DO]  Init MainMenu
2025-11-04 23:01:41 | INFO | base.py:616 | [TO_DO]  Base: Leaving application in progress...
2025-11-05 06:30:17 | WARNING | config_logger.py:43 | [TO_DO]  Application started with mode: debug
2025-11-05 06:30:19 | DEBUG | main_menu.py:63 | [TO_DO]  Init MainMenu
2025-11-05 06:30:27 | DEBUG | setting.py:40 | [TO_DO]  load settings screen
2025-11-05 06:30:34 | DEBUG | setting.py:62 | [TO_DO]  Change Theme on - light
2025-11-05 06:30:42 | DEBUG | setting.py:62 | [TO_DO]  Change Theme on - light
2025-11-05 06:30:57 | INFO | base.py:616 | [TO_DO]  Base: Leaving application in progress...
2025-11-05 06:34:38 | WARNING | config_logger.py:43 | [TO_DO]  Application started with mode: debug
2025-11-05 06:34:40 | DEBUG | main_menu.py:63 | [TO_DO]  Init MainMenu
2025-11-05 06:34:45 | DEBUG | setting.py:40 | [TO_DO]  load settings screen
2025-11-05 06:34:51 | DEBUG | setting.py:62 | [TO_DO]  Change Theme on - dark
2025-11-05 06:35:02 | DEBUG | setting.py:62 | [TO_DO]  Change Theme on - light
2025-11-05 06:35:07 | DEBUG | setting.py:62 | [TO_DO]  Change Theme on - dark
2025-11-05 06:35:14 | DEBUG | setting.py:62 | [TO_DO]  Change Theme on - light
2025-11-05 06:35:22 | DEBUG | setting.py:62 | [TO_DO]  Change Theme on - dark
2025-11-05 06:35:27 | DEBUG | setting.py:62 | [TO_DO]  Change Theme on - light
2025-11-05 06:35:32 | DEBUG | setting.py:62 | [TO_DO]  Change Theme on - dark
2025-11-05 06:35:53 | INFO | base.py:616 | [TO_DO]  Base: Leaving application in progress...
2025-11-05 06:38:22 | WARNING | config_logger.py:43 | [TO_DO]  Application started with mode: debug
2025-11-05 06:38:25 | DEBUG | main_menu.py:63 | [TO_DO]  Init MainMenu
2025-11-05 06:38:27 | DEBUG | setting.py:40 | [TO_DO]  load settings screen
2025-11-05 06:38:31 | DEBUG | setting.py:62 | [TO_DO]  Change Theme on - light
2025-11-05 06:38:36 | DEBUG | setting.py:62 | [TO_DO]  Change Theme on - light
2025-11-05 06:38:43 | DEBUG | setting.py:62 | [TO_DO]  Change Theme on - light
2025-11-05 06:38:52 | DEBUG | setting.py:62 | [TO_DO]  Change Theme on - dark
2025-11-05 06:39:03 | DEBUG | setting.py:62 | [TO_DO]  Change Theme on - dark
2025-11-05 06:39:08 | DEBUG | setting.py:62 | [TO_DO]  Change Theme on - dark
2025-11-05 06:39:14 | DEBUG | setting.py:62 | [TO_DO]  Change Theme on - light
2025-11-05 06:39:18 | DEBUG | setting.py:62 | [TO_DO]  Change Theme on - light
2025-11-05 06:39:36 | INFO | base.py:616 | [TO_DO]  Base: Leaving application in progress...
2025-11-05 06:51:48 | WARNING | config_logger.py:43 | [TO_DO]  Application started with mode: debug
2025-11-05 06:51:50 | DEBUG | main_menu.py:63 | [TO_DO]  Init MainMenu
2025-11-05 06:51:52 | DEBUG | setting.py:40 | [TO_DO]  load settings screen
2025-11-05 06:51:55 | DEBUG | setting.py:62 | [TO_DO]  Change Theme on - light
2025-11-05 06:52:03 | DEBUG | setting.py:62 | [TO_DO]  Change Theme on - light
2025-11-05 06:52:10 | DEBUG | setting.py:62 | [TO_DO]  Change Theme on - dark
2025-11-05 06:52:18 | DEBUG | setting.py:62 | [TO_DO]  Change Theme on - light
2025-11-05 06:52:24 | DEBUG | setting.py:62 | [TO_DO]  Change Theme on - light
2025-11-05 06:52:28 | DEBUG | setting.py:62 | [TO_DO]  Change Theme on - light
2025-11-05 06:52:39 | DEBUG | setting.py:62 | [TO_DO]  Change Theme on - dark
2025-11-05 06:52:43 | INFO | base.py:616 | [TO_DO]  Base: Leaving application in progress...
2025-11-05 06:53:56 | WARNING | config_logger.py:43 | [TO_DO]  Application started with mode: debug
2025-11-05 06:53:58 | DEBUG | main_menu.py:63 | [TO_DO]  Init MainMenu
2025-11-05 06:54:00 | DEBUG | setting.py:40 | [TO_DO]  load settings screen
2025-11-05 06:54:12 | DEBUG | setting.py:48 | [TO_DO]  Change language on - en
2025-11-05 06:54:19 | INFO | base.py:616 | [TO_DO]  Base: Leaving application in progress...
2025-11-05 06:54:48 | WARNING | config_logger.py:43 | [TO_DO]  Application started with mode: debug
2025-11-05 06:54:50 | DEBUG | main_menu.py:63 | [TO_DO]  Init MainMenu
2025-11-05 06:54:53 | DEBUG | setting.py:40 | [TO_DO]  load settings screen
2025-11-05 06:55:02 | DEBUG | setting.py:48 | [TO_DO]  Change language on - ru
2025-11-05 06:57:57 | INFO | base.py:616 | [TO_DO]  Base: Leaving application in progress...
2025-11-05 06:57:57 | WARNING | logger.py:390 | [TO_DO]  stderr: Traceback (most recent call last):
2025-11-05 06:57:57 | WARNING | logger.py:390 | [TO_DO]  stderr:   File "D:\Python\TO_DO_Kivy\main.py", line 74, in <module>
2025-11-05 06:57:57 | WARNING | logger.py:390 | [TO_DO]  stderr:     TO_DOApp().run()
2025-11-05 06:57:57 | WARNING | logger.py:390 | [TO_DO]  stderr:     ~~~~~~~~~~~~~~^^
2025-11-05 06:57:57 | WARNING | logger.py:390 | [TO_DO]  stderr:   File "D:\Python\TO_DO_Kivy\.venv\Lib\site-packages\kivy\app.py", line 956, in run
2025-11-05 06:57:57 | WARNING | logger.py:390 | [TO_DO]  stderr:     runTouchApp()
2025-11-05 06:57:57 | WARNING | logger.py:390 | [TO_DO]  stderr:     ~~~~~~~~~~~^^
2025-11-05 06:57:57 | WARNING | logger.py:390 | [TO_DO]  stderr:   File "D:\Python\TO_DO_Kivy\.venv\Lib\site-packages\kivy\base.py", line 574, in runTouchApp
2025-11-05 06:57:57 | WARNING | logger.py:390 | [TO_DO]  stderr:     EventLoop.mainloop()
2025-11-05 06:57:57 | WARNING | logger.py:390 | [TO_DO]  stderr:     ~~~~~~~~~~~~~~~~~~^^
2025-11-05 06:57:57 | WARNING | logger.py:390 | [TO_DO]  stderr:   File "D:\Python\TO_DO_Kivy\.venv\Lib\site-packages\kivy\base.py", line 339, in mainloop
2025-11-05 06:57:57 | WARNING | logger.py:390 | [TO_DO]  stderr:     self.idle()
2025-11-05 06:57:57 | WARNING | logger.py:390 | [TO_DO]  stderr:     ~~~~~~~~~^^
2025-11-05 06:57:57 | WARNING | logger.py:390 | [TO_DO]  stderr:   File "D:\Python\TO_DO_Kivy\.venv\Lib\site-packages\kivy\base.py", line 379, in idle
2025-11-05 06:57:57 | WARNING | logger.py:390 | [TO_DO]  stderr:     Clock.tick()
2025-11-05 06:57:57 | WARNING | logger.py:390 | [TO_DO]  stderr:     ~~~~~~~~~~^^
2025-11-05 06:57:57 | WARNING | logger.py:390 | [TO_DO]  stderr:   File "D:\Python\TO_DO_Kivy\.venv\Lib\site-packages\kivy\clock.py", line 733, in tick
2025-11-05 06:57:57 | WARNING | logger.py:390 | [TO_DO]  stderr:     self.post_idle(ts, self.idle())
2025-11-05 06:57:57 | WARNING | logger.py:390 | [TO_DO]  stderr:                        ~~~~~~~~~^^
2025-11-05 06:57:57 | WARNING | logger.py:390 | [TO_DO]  stderr:   File "D:\Python\TO_DO_Kivy\.venv\Lib\site-packages\kivy\clock.py", line 689, in idle
2025-11-05 06:57:57 | WARNING | logger.py:390 | [TO_DO]  stderr:     usleep(1000000 * sleeptime)
2025-11-05 06:57:57 | WARNING | logger.py:390 | [TO_DO]  stderr:     ~~~~~~^^^^^^^^^^^^^^^^^^^^^
2025-11-05 06:57:57 | WARNING | logger.py:390 | [TO_DO]  stderr:   File "D:\Python\TO_DO_Kivy\.venv\Lib\site-packages\kivy\clock.py", line 965, in usleep
2025-11-05 06:57:57 | WARNING | logger.py:390 | [TO_DO]  stderr:     _usleep(microseconds, self._sleep_obj)
2025-11-05 06:57:57 | WARNING | logger.py:390 | [TO_DO]  stderr:     ~~~~~~~^^^^^^^^^^^^^^^^^^^^^^^^^^^^^^^
2025-11-05 06:57:57 | WARNING | logger.py:390 | [TO_DO]  stderr:   File "D:\Python\TO_DO_Kivy\.venv\Lib\site-packages\kivy\clock.py", line 504, in _usleep
2025-11-05 06:57:57 | WARNING | logger.py:390 | [TO_DO]  stderr:     _kernel32.WaitForSingleObject(obj, 0xffffffff)
2025-11-05 06:57:57 | WARNING | logger.py:390 | [TO_DO]  stderr:     ~~~~~~~~~~~~~~~~~~~~~~~~~~~~~^^^^^^^^^^^^^^^^^
2025-11-05 06:57:57 | WARNING | logger.py:390 | [TO_DO]  stderr: KeyboardInterrupt
2025-11-05 06:59:20 | WARNING | config_logger.py:43 | [TO_DO]  Application started with mode: debug
2025-11-05 06:59:23 | DEBUG | main_menu.py:63 | [TO_DO]  Init MainMenu
2025-11-05 06:59:25 | DEBUG | setting.py:40 | [TO_DO]  load settings screen
2025-11-05 06:59:31 | DEBUG | setting.py:70 | [TO_DO]  Change Theme on - light
2025-11-05 06:59:38 | DEBUG | setting.py:70 | [TO_DO]  Change Theme on - dark
2025-11-05 06:59:44 | DEBUG | main_menu.py:63 | [TO_DO]  Init MainMenu
2025-11-05 06:59:46 | DEBUG | main_menu.py:102 | [TO_DO]  Open confirmation popup
2025-11-05 06:59:47 | INFO | base.py:616 | [TO_DO]  Base: Leaving application in progress...
2025-11-05 07:02:21 | WARNING | config_logger.py:43 | [TO_DO]  Application started with mode: debug
2025-11-05 07:02:23 | DEBUG | main_menu.py:63 | [TO_DO]  Init MainMenu
2025-11-05 07:02:26 | DEBUG | setting.py:40 | [TO_DO]  load settings screen
2025-11-05 07:02:34 | DEBUG | setting.py:70 | [TO_DO]  Change Theme on - light
2025-11-05 07:02:44 | DEBUG | main_menu.py:63 | [TO_DO]  Init MainMenu
2025-11-05 07:02:46 | DEBUG | main_menu.py:102 | [TO_DO]  Open confirmation popup
2025-11-05 07:02:47 | INFO | base.py:616 | [TO_DO]  Base: Leaving application in progress...
2025-11-05 07:04:21 | WARNING | config_logger.py:43 | [TO_DO]  Application started with mode: debug
2025-11-05 07:04:23 | DEBUG | main_menu.py:63 | [TO_DO]  Init MainMenu
2025-11-05 07:04:27 | DEBUG | setting.py:40 | [TO_DO]  load settings screen
2025-11-05 07:04:33 | DEBUG | setting.py:70 | [TO_DO]  Change Theme on - light
2025-11-05 07:04:38 | DEBUG | setting.py:70 | [TO_DO]  Change Theme on - dark
2025-11-05 07:04:44 | DEBUG | setting.py:70 | [TO_DO]  Change Theme on - dark
2025-11-05 07:04:48 | DEBUG | setting.py:70 | [TO_DO]  Change Theme on - light
2025-11-05 07:04:52 | INFO | base.py:616 | [TO_DO]  Base: Leaving application in progress...
2025-11-05 07:07:41 | WARNING | config_logger.py:43 | [TO_DO]  Application started with mode: debug
2025-11-05 07:07:43 | DEBUG | main_menu.py:63 | [TO_DO]  Init MainMenu
2025-11-05 07:07:45 | DEBUG | setting.py:40 | [TO_DO]  load settings screen
2025-11-05 07:07:51 | DEBUG | setting.py:70 | [TO_DO]  Change Theme on - dark
2025-11-05 07:07:57 | DEBUG | setting.py:70 | [TO_DO]  Change Theme on - light
2025-11-05 07:08:01 | DEBUG | setting.py:70 | [TO_DO]  Change Theme on - dark
2025-11-05 07:08:03 | INFO | base.py:616 | [TO_DO]  Base: Leaving application in progress...
2025-11-05 07:08:58 | WARNING | config_logger.py:43 | [TO_DO]  Application started with mode: debug
2025-11-05 07:08:59 | ERROR | splash.py:91 | [TO_DO]   _load_colors: 'Color' object has no attribute 'app'
Traceback (most recent call last):
  File "D:\Python\TO_DO_Kivy\screens\splash.py", line 87, in _load
    fn()
    ~~^^
  File "D:\Python\TO_DO_Kivy\screens\splash.py", line 40, in wrapper
    func(*args, **kwargs)
    ~~~~^^^^^^^^^^^^^^^^^
  File "D:\Python\TO_DO_Kivy\screens\splash.py", line 123, in _load_colors
    self.app.colors = color.get_color()
                      ~~~~~~~~~~~~~~~^^
  File "D:\Python\TO_DO_Kivy\utils\getcolor.py", line 25, in get_color
    setattr(self, "theme", self.app.config.get_param("app", "theme"))
                           ^^^^^^^^
AttributeError: 'Color' object has no attribute 'app'
2025-11-05 07:09:03 | INFO | base.py:616 | [TO_DO]  Base: Leaving application in progress...
2025-11-05 07:09:16 | WARNING | config_logger.py:43 | [TO_DO]  Application started with mode: debug
2025-11-05 07:09:19 | DEBUG | main_menu.py:63 | [TO_DO]  Init MainMenu
2025-11-05 07:09:21 | DEBUG | setting.py:40 | [TO_DO]  load settings screen
2025-11-05 07:09:24 | DEBUG | setting.py:70 | [TO_DO]  Change Theme on - light
2025-11-05 07:09:28 | DEBUG | setting.py:70 | [TO_DO]  Change Theme on - dark
2025-11-05 07:09:30 | INFO | base.py:616 | [TO_DO]  Base: Leaving application in progress...
2025-11-05 07:19:12 | WARNING | config_logger.py:43 | [TO_DO]  Application started with mode: debug
2025-11-05 07:19:14 | DEBUG | main_menu.py:63 | [TO_DO]  Init MainMenu
2025-11-05 07:19:17 | DEBUG | setting.py:40 | [TO_DO]  load settings screen
2025-11-05 07:19:21 | DEBUG | setting.py:70 | [TO_DO]  Change Theme on - light
2025-11-05 07:19:26 | DEBUG | setting.py:70 | [TO_DO]  Change Theme on - dark
2025-11-05 07:19:30 | DEBUG | setting.py:70 | [TO_DO]  Change Theme on - light
2025-11-05 07:19:35 | INFO | base.py:616 | [TO_DO]  Base: Leaving application in progress...
2025-11-05 07:19:45 | WARNING | config_logger.py:43 | [TO_DO]  Application started with mode: debug
2025-11-05 07:19:47 | DEBUG | main_menu.py:63 | [TO_DO]  Init MainMenu
2025-11-05 07:19:50 | DEBUG | setting.py:40 | [TO_DO]  load settings screen
2025-11-05 07:19:54 | DEBUG | setting.py:70 | [TO_DO]  Change Theme on - dark
2025-11-05 07:19:57 | INFO | base.py:616 | [TO_DO]  Base: Leaving application in progress...
2025-11-05 07:23:11 | WARNING | config_logger.py:43 | [TO_DO]  Application started with mode: debug
2025-11-05 07:23:13 | DEBUG | main_menu.py:63 | [TO_DO]  Init MainMenu
2025-11-05 07:23:17 | DEBUG | setting.py:40 | [TO_DO]  load settings screen
2025-11-05 07:23:23 | DEBUG | setting.py:70 | [TO_DO]  Change Theme on - light
2025-11-05 07:23:31 | DEBUG | setting.py:70 | [TO_DO]  Change Theme on - dark
2025-11-05 07:23:36 | DEBUG | main_menu.py:63 | [TO_DO]  Init MainMenu
2025-11-05 07:23:39 | DEBUG | main_menu.py:102 | [TO_DO]  Open confirmation popup
2025-11-05 07:23:40 | INFO | base.py:616 | [TO_DO]  Base: Leaving application in progress...
2025-11-05 07:26:24 | WARNING | config_logger.py:43 | [TO_DO]  Application started with mode: debug
2025-11-05 07:26:26 | DEBUG | main_menu.py:63 | [TO_DO]  Init MainMenu
2025-11-05 07:26:28 | DEBUG | setting.py:40 | [TO_DO]  load settings screen
2025-11-05 07:26:32 | DEBUG | setting.py:70 | [TO_DO]  Change Theme on - light
2025-11-05 07:26:44 | INFO | base.py:616 | [TO_DO]  Base: Leaving application in progress...
2025-11-05 07:26:47 | WARNING | config_logger.py:43 | [TO_DO]  Application started with mode: debug
2025-11-05 07:26:49 | DEBUG | main_menu.py:63 | [TO_DO]  Init MainMenu
2025-11-05 07:26:55 | DEBUG | setting.py:40 | [TO_DO]  load settings screen
2025-11-05 07:27:08 | DEBUG | main_menu.py:63 | [TO_DO]  Init MainMenu
2025-11-05 07:27:09 | INFO | base.py:616 | [TO_DO]  Base: Leaving application in progress...
2025-11-05 07:29:20 | WARNING | config_logger.py:43 | [TO_DO]  Application started with mode: debug
2025-11-05 07:29:22 | DEBUG | main_menu.py:63 | [TO_DO]  Init MainMenu
2025-11-05 07:29:24 | DEBUG | main_menu.py:102 | [TO_DO]  Open confirmation popup
2025-11-05 07:29:26 | INFO | base.py:616 | [TO_DO]  Base: Leaving application in progress...
2025-11-05 07:29:56 | WARNING | config_logger.py:43 | [TO_DO]  Application started with mode: debug
2025-11-05 07:29:58 | DEBUG | main_menu.py:63 | [TO_DO]  Init MainMenu
2025-11-05 07:30:01 | DEBUG | setting.py:40 | [TO_DO]  load settings screen
2025-11-05 07:30:05 | DEBUG | setting.py:70 | [TO_DO]  Change Theme on - light
2025-11-05 07:30:08 | DEBUG | setting.py:70 | [TO_DO]  Change Theme on - dark
2025-11-05 07:30:11 | DEBUG | setting.py:70 | [TO_DO]  Change Theme on - light
2025-11-05 07:30:14 | INFO | base.py:616 | [TO_DO]  Base: Leaving application in progress...
2025-11-05 07:31:10 | WARNING | config_logger.py:43 | [TO_DO]  Application started with mode: debug
2025-11-05 07:31:12 | DEBUG | main_menu.py:63 | [TO_DO]  Init MainMenu
2025-11-05 07:31:15 | DEBUG | setting.py:40 | [TO_DO]  load settings screen
2025-11-05 07:31:17 | DEBUG | setting.py:70 | [TO_DO]  Change Theme on - dark
2025-11-05 07:31:23 | DEBUG | main_menu.py:63 | [TO_DO]  Init MainMenu
2025-11-05 07:31:30 | DEBUG | main_menu.py:102 | [TO_DO]  Open confirmation popup
2025-11-05 07:31:32 | INFO | base.py:616 | [TO_DO]  Base: Leaving application in progress...
2025-11-05 07:31:37 | WARNING | config_logger.py:43 | [TO_DO]  Application started with mode: debug
2025-11-05 07:31:40 | DEBUG | main_menu.py:63 | [TO_DO]  Init MainMenu
2025-11-05 07:31:42 | DEBUG | setting.py:40 | [TO_DO]  load settings screen
2025-11-05 07:31:45 | DEBUG | setting.py:70 | [TO_DO]  Change Theme on - light
2025-11-05 07:31:53 | DEBUG | setting.py:70 | [TO_DO]  Change Theme on - dark
2025-11-05 07:31:55 | INFO | base.py:616 | [TO_DO]  Base: Leaving application in progress...
2025-11-07 09:38:47 | WARNING | config_logger.py:43 | [TO_DO]  Application started with mode: debug
2025-11-07 09:38:49 | DEBUG | main_menu.py:63 | [TO_DO]  Init MainMenu
2025-11-07 09:38:51 | DEBUG | setting.py:40 | [TO_DO]  load settings screen
2025-11-07 09:38:55 | DEBUG | setting.py:70 | [TO_DO]  Change Theme on - light
2025-11-07 09:38:58 | INFO | base.py:616 | [TO_DO]  Base: Leaving application in progress...
2025-11-07 09:40:13 | WARNING | config_logger.py:43 | [TO_DO]  Application started with mode: debug
2025-11-07 09:40:15 | INFO | base.py:616 | [TO_DO]  Base: Leaving application in progress...
2025-11-07 09:40:16 | WARNING | logger.py:390 | [TO_DO]  stderr: Traceback (most recent call last):
2025-11-07 09:40:16 | WARNING | logger.py:390 | [TO_DO]  stderr:   File "D:\Python\TO_DO_Kivy\.venv\Lib\site-packages\kivy\lang\builder.py", line 245, in create_handler
2025-11-07 09:40:16 | WARNING | logger.py:390 | [TO_DO]  stderr:     return eval(value, idmap), bound_list
2025-11-07 09:40:16 | WARNING | logger.py:390 | [TO_DO]  stderr:            ~~~~^^^^^^^^^^^^^^
2025-11-07 09:40:16 | WARNING | logger.py:390 | [TO_DO]  stderr:   File "D:\Python\TO_DO_Kivy\kv\components\button.kv", line 45, in <module>
2025-11-07 09:40:16 | WARNING | logger.py:390 | [TO_DO]  stderr:     normal_color: app.colors('primary')
2025-11-07 09:40:16 | WARNING | logger.py:390 | [TO_DO]  stderr:     ^^^^^^^^^^^^^^^^^
2025-11-07 09:40:16 | WARNING | logger.py:390 | [TO_DO]  stderr: TypeError: 'ObservableDict' object is not callable
2025-11-07 09:40:16 | WARNING | logger.py:390 | [TO_DO]  stderr: 
2025-11-07 09:40:16 | WARNING | logger.py:390 | [TO_DO]  stderr: During handling of the above exception, another exception occurred:
2025-11-07 09:40:16 | WARNING | logger.py:390 | [TO_DO]  stderr: 
2025-11-07 09:40:16 | WARNING | logger.py:390 | [TO_DO]  stderr: Traceback (most recent call last):
2025-11-07 09:40:16 | WARNING | logger.py:390 | [TO_DO]  stderr:   File "D:\Python\TO_DO_Kivy\.venv\Lib\site-packages\kivy\lang\builder.py", line 699, in _apply_rule
2025-11-07 09:40:16 | WARNING | logger.py:390 | [TO_DO]  stderr:     value, bound = create_handler(
2025-11-07 09:40:16 | WARNING | logger.py:390 | [TO_DO]  stderr:                    ~~~~~~~~~~~~~~^
2025-11-07 09:40:16 | WARNING | logger.py:390 | [TO_DO]  stderr:         widget_set, widget_set, key, value, rule,
2025-11-07 09:40:16 | WARNING | logger.py:390 | [TO_DO]  stderr:         ^^^^^^^^^^^^^^^^^^^^^^^^^^^^^^^^^^^^^^^^^
2025-11-07 09:40:16 | WARNING | logger.py:390 | [TO_DO]  stderr:         rctx['ids'])
2025-11-07 09:40:16 | WARNING | logger.py:390 | [TO_DO]  stderr:         ^^^^^^^^^^^^
2025-11-07 09:40:16 | WARNING | logger.py:390 | [TO_DO]  stderr:   File "D:\Python\TO_DO_Kivy\.venv\Lib\site-packages\kivy\lang\builder.py", line 248, in create_handler
2025-11-07 09:40:16 | WARNING | logger.py:390 | [TO_DO]  stderr:     raise BuilderException(rule.ctx, rule.line,
2025-11-07 09:40:16 | WARNING | logger.py:390 | [TO_DO]  stderr:                            '{}: {}'.format(e.__class__.__name__, e),
2025-11-07 09:40:16 | WARNING | logger.py:390 | [TO_DO]  stderr:                            cause=tb)
2025-11-07 09:40:16 | WARNING | logger.py:390 | [TO_DO]  stderr: kivy.lang.builder.BuilderException: Parser: File "D:\Python\TO_DO_Kivy\kv\components\button.kv", line 45:
2025-11-07 09:40:16 | WARNING | logger.py:390 | [TO_DO]  stderr: ...
2025-11-07 09:40:16 | WARNING | logger.py:390 | [TO_DO]  stderr:      43:
2025-11-07 09:40:16 | WARNING | logger.py:390 | [TO_DO]  stderr:      44:<Button_1>:
2025-11-07 09:40:16 | WARNING | logger.py:390 | [TO_DO]  stderr: >>   45:    normal_color: app.colors('primary')
2025-11-07 09:40:16 | WARNING | logger.py:390 | [TO_DO]  stderr:      46:    down_color: app.colors('primary_dark')
2025-11-07 09:40:16 | WARNING | logger.py:390 | [TO_DO]  stderr:      47:    color: app.colors('on_primary')
2025-11-07 09:40:16 | WARNING | logger.py:390 | [TO_DO]  stderr: ...
2025-11-07 09:40:16 | WARNING | logger.py:390 | [TO_DO]  stderr: TypeError: 'ObservableDict' object is not callable
2025-11-07 09:40:16 | WARNING | logger.py:390 | [TO_DO]  stderr:   File "D:\Python\TO_DO_Kivy\.venv\Lib\site-packages\kivy\lang\builder.py", line 245, in create_handler
2025-11-07 09:40:16 | WARNING | logger.py:390 | [TO_DO]  stderr:     return eval(value, idmap), bound_list
2025-11-07 09:40:16 | WARNING | logger.py:390 | [TO_DO]  stderr:            ~~~~^^^^^^^^^^^^^^
2025-11-07 09:40:16 | WARNING | logger.py:390 | [TO_DO]  stderr:   File "D:\Python\TO_DO_Kivy\kv\components\button.kv", line 45, in <module>
2025-11-07 09:40:16 | WARNING | logger.py:390 | [TO_DO]  stderr:     normal_color: app.colors('primary')
2025-11-07 09:40:16 | WARNING | logger.py:390 | [TO_DO]  stderr:     ^^^^^^^^^^^^^^^^^
2025-11-07 09:40:16 | WARNING | logger.py:390 | [TO_DO]  stderr: 
2025-11-07 09:40:16 | WARNING | logger.py:390 | [TO_DO]  stderr: 
2025-11-07 09:40:16 | WARNING | logger.py:390 | [TO_DO]  stderr: During handling of the above exception, another exception occurred:
2025-11-07 09:40:16 | WARNING | logger.py:390 | [TO_DO]  stderr: 
2025-11-07 09:40:16 | WARNING | logger.py:390 | [TO_DO]  stderr: Traceback (most recent call last):
2025-11-07 09:40:16 | WARNING | logger.py:390 | [TO_DO]  stderr:   File "D:\Python\TO_DO_Kivy\main.py", line 77, in <module>
2025-11-07 09:40:16 | WARNING | logger.py:390 | [TO_DO]  stderr:     TO_DOApp().run()
2025-11-07 09:40:16 | WARNING | logger.py:390 | [TO_DO]  stderr:     ~~~~~~~~~~~~~~^^
2025-11-07 09:40:16 | WARNING | logger.py:390 | [TO_DO]  stderr:   File "D:\Python\TO_DO_Kivy\.venv\Lib\site-packages\kivy\app.py", line 956, in run
2025-11-07 09:40:16 | WARNING | logger.py:390 | [TO_DO]  stderr:     runTouchApp()
2025-11-07 09:40:16 | WARNING | logger.py:390 | [TO_DO]  stderr:     ~~~~~~~~~~~^^
2025-11-07 09:40:16 | WARNING | logger.py:390 | [TO_DO]  stderr:   File "D:\Python\TO_DO_Kivy\.venv\Lib\site-packages\kivy\base.py", line 574, in runTouchApp
2025-11-07 09:40:16 | WARNING | logger.py:390 | [TO_DO]  stderr:     EventLoop.mainloop()
2025-11-07 09:40:16 | WARNING | logger.py:390 | [TO_DO]  stderr:     ~~~~~~~~~~~~~~~~~~^^
2025-11-07 09:40:16 | WARNING | logger.py:390 | [TO_DO]  stderr:   File "D:\Python\TO_DO_Kivy\.venv\Lib\site-packages\kivy\base.py", line 339, in mainloop
2025-11-07 09:40:16 | WARNING | logger.py:390 | [TO_DO]  stderr:     self.idle()
2025-11-07 09:40:16 | WARNING | logger.py:390 | [TO_DO]  stderr:     ~~~~~~~~~^^
2025-11-07 09:40:16 | WARNING | logger.py:390 | [TO_DO]  stderr:   File "D:\Python\TO_DO_Kivy\.venv\Lib\site-packages\kivy\base.py", line 379, in idle
2025-11-07 09:40:16 | WARNING | logger.py:390 | [TO_DO]  stderr:     Clock.tick()
2025-11-07 09:40:16 | WARNING | logger.py:390 | [TO_DO]  stderr:     ~~~~~~~~~~^^
2025-11-07 09:40:16 | WARNING | logger.py:390 | [TO_DO]  stderr:   File "D:\Python\TO_DO_Kivy\.venv\Lib\site-packages\kivy\clock.py", line 733, in tick
2025-11-07 09:40:16 | WARNING | logger.py:390 | [TO_DO]  stderr:     self.post_idle(ts, self.idle())
2025-11-07 09:40:16 | WARNING | logger.py:390 | [TO_DO]  stderr:     ~~~~~~~~~~~~~~^^^^^^^^^^^^^^^^^
2025-11-07 09:40:16 | WARNING | logger.py:390 | [TO_DO]  stderr:   File "D:\Python\TO_DO_Kivy\.venv\Lib\site-packages\kivy\clock.py", line 776, in post_idle
2025-11-07 09:40:16 | WARNING | logger.py:390 | [TO_DO]  stderr:     self._process_events()
2025-11-07 09:40:16 | WARNING | logger.py:390 | [TO_DO]  stderr:     ~~~~~~~~~~~~~~~~~~~~^^
2025-11-07 09:40:16 | WARNING | logger.py:390 | [TO_DO]  stderr:   File "kivy\\_clock.pyx", line 620, in kivy._clock.CyClockBase._process_events
2025-11-07 09:40:16 | WARNING | logger.py:390 | [TO_DO]  stderr:   File "kivy\\_clock.pyx", line 653, in kivy._clock.CyClockBase._process_events
2025-11-07 09:40:16 | WARNING | logger.py:390 | [TO_DO]  stderr:   File "kivy\\_clock.pyx", line 649, in kivy._clock.CyClockBase._process_events
2025-11-07 09:40:16 | WARNING | logger.py:390 | [TO_DO]  stderr:   File "kivy\\_clock.pyx", line 218, in kivy._clock.ClockEvent.tick
2025-11-07 09:40:16 | WARNING | logger.py:390 | [TO_DO]  stderr:   File "D:\Python\TO_DO_Kivy\screens\splash.py", line 98, in <lambda>
2025-11-07 09:40:16 | WARNING | logger.py:390 | [TO_DO]  stderr:     Clock.schedule_once(lambda *_: self.app.load_screens(),0.8)
2025-11-07 09:40:16 | WARNING | logger.py:390 | [TO_DO]  stderr:                                    ~~~~~~~~~~~~~~~~~~~~~^^
2025-11-07 09:40:16 | WARNING | logger.py:390 | [TO_DO]  stderr:   File "D:\Python\TO_DO_Kivy\main.py", line 64, in load_screens
2025-11-07 09:40:16 | WARNING | logger.py:390 | [TO_DO]  stderr:     self.root.add_widget(self.menu())
2025-11-07 09:40:16 | WARNING | logger.py:390 | [TO_DO]  stderr:                          ~~~~~~~~~^^
2025-11-07 09:40:16 | WARNING | logger.py:390 | [TO_DO]  stderr:   File "D:\Python\TO_DO_Kivy\.venv\Lib\site-packages\kivy\uix\boxlayout.py", line 145, in __init__
2025-11-07 09:40:16 | WARNING | logger.py:390 | [TO_DO]  stderr:     super(BoxLayout, self).__init__(**kwargs)
2025-11-07 09:40:16 | WARNING | logger.py:390 | [TO_DO]  stderr:     ~~~~~~~~~~~~~~~~~~~~~~~~~~~~~~~^^^^^^^^^^
2025-11-07 09:40:16 | WARNING | logger.py:390 | [TO_DO]  stderr:   File "D:\Python\TO_DO_Kivy\.venv\Lib\site-packages\kivy\uix\relativelayout.py", line 274, in __init__
2025-11-07 09:40:16 | WARNING | logger.py:390 | [TO_DO]  stderr:     super(RelativeLayout, self).__init__(**kw)
2025-11-07 09:40:16 | WARNING | logger.py:390 | [TO_DO]  stderr:     ~~~~~~~~~~~~~~~~~~~~~~~~~~~~~~~~~~~~^^^^^^
2025-11-07 09:40:16 | WARNING | logger.py:390 | [TO_DO]  stderr:   File "D:\Python\TO_DO_Kivy\.venv\Lib\site-packages\kivy\uix\floatlayout.py", line 65, in __init__
2025-11-07 09:40:16 | WARNING | logger.py:390 | [TO_DO]  stderr:     super(FloatLayout, self).__init__(**kwargs)
2025-11-07 09:40:16 | WARNING | logger.py:390 | [TO_DO]  stderr:     ~~~~~~~~~~~~~~~~~~~~~~~~~~~~~~~~~^^^^^^^^^^
2025-11-07 09:40:16 | WARNING | logger.py:390 | [TO_DO]  stderr:   File "D:\Python\TO_DO_Kivy\.venv\Lib\site-packages\kivy\uix\layout.py", line 76, in __init__
2025-11-07 09:40:16 | WARNING | logger.py:390 | [TO_DO]  stderr:     super(Layout, self).__init__(**kwargs)
2025-11-07 09:40:16 | WARNING | logger.py:390 | [TO_DO]  stderr:     ~~~~~~~~~~~~~~~~~~~~~~~~~~~~^^^^^^^^^^
2025-11-07 09:40:16 | WARNING | logger.py:390 | [TO_DO]  stderr:   File "D:\Python\TO_DO_Kivy\.venv\Lib\site-packages\kivy\uix\widget.py", line 366, in __init__
2025-11-07 09:40:16 | WARNING | logger.py:390 | [TO_DO]  stderr:     self.apply_class_lang_rules(
2025-11-07 09:40:16 | WARNING | logger.py:390 | [TO_DO]  stderr:     ~~~~~~~~~~~~~~~~~~~~~~~~~~~^
2025-11-07 09:40:16 | WARNING | logger.py:390 | [TO_DO]  stderr:         ignored_consts=self._kwargs_applied_init,
2025-11-07 09:40:16 | WARNING | logger.py:390 | [TO_DO]  stderr:         ^^^^^^^^^^^^^^^^^^^^^^^^^^^^^^^^^^^^^^^^^
2025-11-07 09:40:16 | WARNING | logger.py:390 | [TO_DO]  stderr:         rule_children=rule_children)
2025-11-07 09:40:16 | WARNING | logger.py:390 | [TO_DO]  stderr:         ^^^^^^^^^^^^^^^^^^^^^^^^^^^^
2025-11-07 09:40:16 | WARNING | logger.py:390 | [TO_DO]  stderr:   File "D:\Python\TO_DO_Kivy\.venv\Lib\site-packages\kivy\uix\widget.py", line 470, in apply_class_lang_rules
2025-11-07 09:40:16 | WARNING | logger.py:390 | [TO_DO]  stderr:     Builder.apply(
2025-11-07 09:40:16 | WARNING | logger.py:390 | [TO_DO]  stderr:     ~~~~~~~~~~~~~^
2025-11-07 09:40:16 | WARNING | logger.py:390 | [TO_DO]  stderr:         self, ignored_consts=ignored_consts,
2025-11-07 09:40:16 | WARNING | logger.py:390 | [TO_DO]  stderr:         ^^^^^^^^^^^^^^^^^^^^^^^^^^^^^^^^^^^^
2025-11-07 09:40:16 | WARNING | logger.py:390 | [TO_DO]  stderr:         rule_children=rule_children)
2025-11-07 09:40:16 | WARNING | logger.py:390 | [TO_DO]  stderr:         ^^^^^^^^^^^^^^^^^^^^^^^^^^^^
2025-11-07 09:40:16 | WARNING | logger.py:390 | [TO_DO]  stderr:   File "D:\Python\TO_DO_Kivy\.venv\Lib\site-packages\kivy\lang\builder.py", line 545, in apply
2025-11-07 09:40:16 | WARNING | logger.py:390 | [TO_DO]  stderr:     self._apply_rule(
2025-11-07 09:40:16 | WARNING | logger.py:390 | [TO_DO]  stderr:     ~~~~~~~~~~~~~~~~^
2025-11-07 09:40:16 | WARNING | logger.py:390 | [TO_DO]  stderr:         widget, rule, rule, ignored_consts=ignored_consts,
2025-11-07 09:40:16 | WARNING | logger.py:390 | [TO_DO]  stderr:         ^^^^^^^^^^^^^^^^^^^^^^^^^^^^^^^^^^^^^^^^^^^^^^^^^^
2025-11-07 09:40:16 | WARNING | logger.py:390 | [TO_DO]  stderr:         rule_children=rule_children)
2025-11-07 09:40:16 | WARNING | logger.py:390 | [TO_DO]  stderr:         ^^^^^^^^^^^^^^^^^^^^^^^^^^^^
2025-11-07 09:40:16 | WARNING | logger.py:390 | [TO_DO]  stderr:   File "D:\Python\TO_DO_Kivy\.venv\Lib\site-packages\kivy\lang\builder.py", line 665, in _apply_rule
2025-11-07 09:40:16 | WARNING | logger.py:390 | [TO_DO]  stderr:     child.apply_class_lang_rules(
2025-11-07 09:40:16 | WARNING | logger.py:390 | [TO_DO]  stderr:     ~~~~~~~~~~~~~~~~~~~~~~~~~~~~^
2025-11-07 09:40:16 | WARNING | logger.py:390 | [TO_DO]  stderr:         root=rctx['ids']['root'], rule_children=rule_children)
2025-11-07 09:40:16 | WARNING | logger.py:390 | [TO_DO]  stderr:         ^^^^^^^^^^^^^^^^^^^^^^^^^^^^^^^^^^^^^^^^^^^^^^^^^^^^^^
2025-11-07 09:40:16 | WARNING | logger.py:390 | [TO_DO]  stderr:   File "D:\Python\TO_DO_Kivy\.venv\Lib\site-packages\kivy\uix\widget.py", line 470, in apply_class_lang_rules
2025-11-07 09:40:16 | WARNING | logger.py:390 | [TO_DO]  stderr:     Builder.apply(
2025-11-07 09:40:16 | WARNING | logger.py:390 | [TO_DO]  stderr:     ~~~~~~~~~~~~~^
2025-11-07 09:40:16 | WARNING | logger.py:390 | [TO_DO]  stderr:         self, ignored_consts=ignored_consts,
2025-11-07 09:40:16 | WARNING | logger.py:390 | [TO_DO]  stderr:         ^^^^^^^^^^^^^^^^^^^^^^^^^^^^^^^^^^^^
2025-11-07 09:40:16 | WARNING | logger.py:390 | [TO_DO]  stderr:         rule_children=rule_children)
2025-11-07 09:40:16 | WARNING | logger.py:390 | [TO_DO]  stderr:         ^^^^^^^^^^^^^^^^^^^^^^^^^^^^
2025-11-07 09:40:16 | WARNING | logger.py:390 | [TO_DO]  stderr:   File "D:\Python\TO_DO_Kivy\.venv\Lib\site-packages\kivy\lang\builder.py", line 545, in apply
2025-11-07 09:40:16 | WARNING | logger.py:390 | [TO_DO]  stderr:     self._apply_rule(
2025-11-07 09:40:16 | WARNING | logger.py:390 | [TO_DO]  stderr:     ~~~~~~~~~~~~~~~~^
2025-11-07 09:40:16 | WARNING | logger.py:390 | [TO_DO]  stderr:         widget, rule, rule, ignored_consts=ignored_consts,
2025-11-07 09:40:16 | WARNING | logger.py:390 | [TO_DO]  stderr:         ^^^^^^^^^^^^^^^^^^^^^^^^^^^^^^^^^^^^^^^^^^^^^^^^^^
2025-11-07 09:40:16 | WARNING | logger.py:390 | [TO_DO]  stderr:         rule_children=rule_children)
2025-11-07 09:40:16 | WARNING | logger.py:390 | [TO_DO]  stderr:         ^^^^^^^^^^^^^^^^^^^^^^^^^^^^
2025-11-07 09:40:16 | WARNING | logger.py:390 | [TO_DO]  stderr:   File "D:\Python\TO_DO_Kivy\.venv\Lib\site-packages\kivy\lang\builder.py", line 714, in _apply_rule
2025-11-07 09:40:16 | WARNING | logger.py:390 | [TO_DO]  stderr:     raise BuilderException(rule.ctx, rule.line,
2025-11-07 09:40:16 | WARNING | logger.py:390 | [TO_DO]  stderr:                            '{}: {}'.format(e.__class__.__name__,
2025-11-07 09:40:16 | WARNING | logger.py:390 | [TO_DO]  stderr:                                            e), cause=tb)
2025-11-07 09:40:16 | WARNING | logger.py:390 | [TO_DO]  stderr: kivy.lang.builder.BuilderException: Parser: File "D:\Python\TO_DO_Kivy\kv\components\button.kv", line 45:
2025-11-07 09:40:16 | WARNING | logger.py:390 | [TO_DO]  stderr: ...
2025-11-07 09:40:16 | WARNING | logger.py:390 | [TO_DO]  stderr:      43:
2025-11-07 09:40:16 | WARNING | logger.py:390 | [TO_DO]  stderr:      44:<Button_1>:
2025-11-07 09:40:16 | WARNING | logger.py:390 | [TO_DO]  stderr: >>   45:    normal_color: app.colors('primary')
2025-11-07 09:40:16 | WARNING | logger.py:390 | [TO_DO]  stderr:      46:    down_color: app.colors('primary_dark')
2025-11-07 09:40:16 | WARNING | logger.py:390 | [TO_DO]  stderr:      47:    color: app.colors('on_primary')
2025-11-07 09:40:16 | WARNING | logger.py:390 | [TO_DO]  stderr: ...
2025-11-07 09:40:16 | WARNING | logger.py:390 | [TO_DO]  stderr: BuilderException: Parser: File "D:\Python\TO_DO_Kivy\kv\components\button.kv", line 45:
2025-11-07 09:40:16 | WARNING | logger.py:390 | [TO_DO]  stderr: ...
2025-11-07 09:40:16 | WARNING | logger.py:390 | [TO_DO]  stderr:      43:
2025-11-07 09:40:16 | WARNING | logger.py:390 | [TO_DO]  stderr:      44:<Button_1>:
2025-11-07 09:40:16 | WARNING | logger.py:390 | [TO_DO]  stderr: >>   45:    normal_color: app.colors('primary')
2025-11-07 09:40:16 | WARNING | logger.py:390 | [TO_DO]  stderr:      46:    down_color: app.colors('primary_dark')
2025-11-07 09:40:16 | WARNING | logger.py:390 | [TO_DO]  stderr:      47:    color: app.colors('on_primary')
2025-11-07 09:40:16 | WARNING | logger.py:390 | [TO_DO]  stderr: ...
2025-11-07 09:40:16 | WARNING | logger.py:390 | [TO_DO]  stderr: TypeError: 'ObservableDict' object is not callable
2025-11-07 09:40:16 | WARNING | logger.py:390 | [TO_DO]  stderr:   File "D:\Python\TO_DO_Kivy\.venv\Lib\site-packages\kivy\lang\builder.py", line 245, in create_handler
2025-11-07 09:40:16 | WARNING | logger.py:390 | [TO_DO]  stderr:     return eval(value, idmap), bound_list
2025-11-07 09:40:16 | WARNING | logger.py:390 | [TO_DO]  stderr:            ~~~~^^^^^^^^^^^^^^
2025-11-07 09:40:16 | WARNING | logger.py:390 | [TO_DO]  stderr:   File "D:\Python\TO_DO_Kivy\kv\components\button.kv", line 45, in <module>
2025-11-07 09:40:16 | WARNING | logger.py:390 | [TO_DO]  stderr:     normal_color: app.colors('primary')
2025-11-07 09:40:16 | WARNING | logger.py:390 | [TO_DO]  stderr:     ^^^^^^^^^^^^^^^^^
2025-11-07 09:40:16 | WARNING | logger.py:390 | [TO_DO]  stderr: 
2025-11-07 09:40:16 | WARNING | logger.py:390 | [TO_DO]  stderr:   File "D:\Python\TO_DO_Kivy\.venv\Lib\site-packages\kivy\lang\builder.py", line 699, in _apply_rule
2025-11-07 09:40:16 | WARNING | logger.py:390 | [TO_DO]  stderr:     value, bound = create_handler(
2025-11-07 09:40:16 | WARNING | logger.py:390 | [TO_DO]  stderr:                    ~~~~~~~~~~~~~~^
2025-11-07 09:40:16 | WARNING | logger.py:390 | [TO_DO]  stderr:         widget_set, widget_set, key, value, rule,
2025-11-07 09:40:16 | WARNING | logger.py:390 | [TO_DO]  stderr:         ^^^^^^^^^^^^^^^^^^^^^^^^^^^^^^^^^^^^^^^^^
2025-11-07 09:40:16 | WARNING | logger.py:390 | [TO_DO]  stderr:         rctx['ids'])
2025-11-07 09:40:16 | WARNING | logger.py:390 | [TO_DO]  stderr:         ^^^^^^^^^^^^
2025-11-07 09:40:16 | WARNING | logger.py:390 | [TO_DO]  stderr:   File "D:\Python\TO_DO_Kivy\.venv\Lib\site-packages\kivy\lang\builder.py", line 248, in create_handler
2025-11-07 09:40:16 | WARNING | logger.py:390 | [TO_DO]  stderr:     raise BuilderException(rule.ctx, rule.line,
2025-11-07 09:40:16 | WARNING | logger.py:390 | [TO_DO]  stderr:                            '{}: {}'.format(e.__class__.__name__, e),
2025-11-07 09:40:16 | WARNING | logger.py:390 | [TO_DO]  stderr:                            cause=tb)
2025-11-07 09:40:16 | WARNING | logger.py:390 | [TO_DO]  stderr: 
2025-11-07 09:40:34 | WARNING | config_logger.py:43 | [TO_DO]  Application started with mode: debug
2025-11-07 09:40:36 | DEBUG | main_menu.py:63 | [TO_DO]  Init MainMenu
2025-11-07 09:40:39 | DEBUG | setting.py:40 | [TO_DO]  load settings screen
2025-11-07 09:40:43 | DEBUG | setting.py:70 | [TO_DO]  Change Theme on - dark
2025-11-07 09:40:54 | DEBUG | setting.py:70 | [TO_DO]  Change Theme on - light
2025-11-07 09:41:01 | DEBUG | main_menu.py:63 | [TO_DO]  Init MainMenu
2025-11-07 09:41:04 | DEBUG | setting.py:40 | [TO_DO]  load settings screen
2025-11-07 09:41:08 | DEBUG | setting.py:70 | [TO_DO]  Change Theme on - dark
2025-11-07 09:41:11 | DEBUG | main_menu.py:63 | [TO_DO]  Init MainMenu
2025-11-07 09:41:18 | INFO | base.py:616 | [TO_DO]  Base: Leaving application in progress...
2025-11-07 09:42:15 | WARNING | config_logger.py:43 | [TO_DO]  Application started with mode: debug
2025-11-07 09:42:17 | DEBUG | main_menu.py:63 | [TO_DO]  Init MainMenu
2025-11-07 09:42:19 | DEBUG | setting.py:40 | [TO_DO]  load settings screen
2025-11-07 09:42:27 | DEBUG | setting.py:70 | [TO_DO]  Change Theme on - light
2025-11-07 09:42:31 | DEBUG | setting.py:57 | [TO_DO]  Change language on - ru
2025-11-07 09:42:34 | DEBUG | main_menu.py:63 | [TO_DO]  Init MainMenu
2025-11-07 09:42:39 | DEBUG | main_menu.py:102 | [TO_DO]  Open confirmation popup
2025-11-07 09:42:40 | INFO | base.py:616 | [TO_DO]  Base: Leaving application in progress...
2025-11-07 09:46:02 | WARNING | config_logger.py:43 | [TO_DO]  Application started with mode: debug
2025-11-07 09:46:04 | INFO | base.py:616 | [TO_DO]  Base: Leaving application in progress...
2025-11-07 09:46:04 | WARNING | logger.py:390 | [TO_DO]  stderr: Traceback (most recent call last):
2025-11-07 09:46:04 | WARNING | logger.py:390 | [TO_DO]  stderr:   File "D:\Python\TO_DO_Kivy\.venv\Lib\site-packages\kivy\lang\builder.py", line 245, in create_handler
2025-11-07 09:46:04 | WARNING | logger.py:390 | [TO_DO]  stderr:     return eval(value, idmap), bound_list
2025-11-07 09:46:04 | WARNING | logger.py:390 | [TO_DO]  stderr:            ~~~~^^^^^^^^^^^^^^
2025-11-07 09:46:04 | WARNING | logger.py:390 | [TO_DO]  stderr:   File "D:\Python\TO_DO_Kivy\kv\screens\main_menu.kv", line 29, in <module>
2025-11-07 09:46:04 | WARNING | logger.py:390 | [TO_DO]  stderr:     color: app.colors("on_secondary")
2025-11-07 09:46:04 | WARNING | logger.py:390 | [TO_DO]  stderr:     ^^^^^^^^^^^^^^^^^^
2025-11-07 09:46:04 | WARNING | logger.py:390 | [TO_DO]  stderr: TypeError: 'ObservableDict' object is not callable
2025-11-07 09:46:04 | WARNING | logger.py:390 | [TO_DO]  stderr: 
2025-11-07 09:46:04 | WARNING | logger.py:390 | [TO_DO]  stderr: During handling of the above exception, another exception occurred:
2025-11-07 09:46:04 | WARNING | logger.py:390 | [TO_DO]  stderr: 
2025-11-07 09:46:04 | WARNING | logger.py:390 | [TO_DO]  stderr: Traceback (most recent call last):
2025-11-07 09:46:04 | WARNING | logger.py:390 | [TO_DO]  stderr:   File "D:\Python\TO_DO_Kivy\.venv\Lib\site-packages\kivy\lang\builder.py", line 699, in _apply_rule
2025-11-07 09:46:04 | WARNING | logger.py:390 | [TO_DO]  stderr:     value, bound = create_handler(
2025-11-07 09:46:04 | WARNING | logger.py:390 | [TO_DO]  stderr:                    ~~~~~~~~~~~~~~^
2025-11-07 09:46:04 | WARNING | logger.py:390 | [TO_DO]  stderr:         widget_set, widget_set, key, value, rule,
2025-11-07 09:46:04 | WARNING | logger.py:390 | [TO_DO]  stderr:         ^^^^^^^^^^^^^^^^^^^^^^^^^^^^^^^^^^^^^^^^^
2025-11-07 09:46:04 | WARNING | logger.py:390 | [TO_DO]  stderr:         rctx['ids'])
2025-11-07 09:46:04 | WARNING | logger.py:390 | [TO_DO]  stderr:         ^^^^^^^^^^^^
2025-11-07 09:46:04 | WARNING | logger.py:390 | [TO_DO]  stderr:   File "D:\Python\TO_DO_Kivy\.venv\Lib\site-packages\kivy\lang\builder.py", line 248, in create_handler
2025-11-07 09:46:04 | WARNING | logger.py:390 | [TO_DO]  stderr:     raise BuilderException(rule.ctx, rule.line,
2025-11-07 09:46:04 | WARNING | logger.py:390 | [TO_DO]  stderr:                            '{}: {}'.format(e.__class__.__name__, e),
2025-11-07 09:46:04 | WARNING | logger.py:390 | [TO_DO]  stderr:                            cause=tb)
2025-11-07 09:46:04 | WARNING | logger.py:390 | [TO_DO]  stderr: kivy.lang.builder.BuilderException: Parser: File "D:\Python\TO_DO_Kivy\kv\screens\main_menu.kv", line 29:
2025-11-07 09:46:04 | WARNING | logger.py:390 | [TO_DO]  stderr: ...
2025-11-07 09:46:04 | WARNING | logger.py:390 | [TO_DO]  stderr:      27:    Button_1:
2025-11-07 09:46:04 | WARNING | logger.py:390 | [TO_DO]  stderr:      28:        normal_color: app.color("secondary")
2025-11-07 09:46:04 | WARNING | logger.py:390 | [TO_DO]  stderr: >>   29:        color: app.colors("on_secondary")
2025-11-07 09:46:04 | WARNING | logger.py:390 | [TO_DO]  stderr:      30:        down_color: app.color("outline")
2025-11-07 09:46:04 | WARNING | logger.py:390 | [TO_DO]  stderr:      31:        id: btn_settings
2025-11-07 09:46:04 | WARNING | logger.py:390 | [TO_DO]  stderr: ...
2025-11-07 09:46:04 | WARNING | logger.py:390 | [TO_DO]  stderr: TypeError: 'ObservableDict' object is not callable
2025-11-07 09:46:04 | WARNING | logger.py:390 | [TO_DO]  stderr:   File "D:\Python\TO_DO_Kivy\.venv\Lib\site-packages\kivy\lang\builder.py", line 245, in create_handler
2025-11-07 09:46:04 | WARNING | logger.py:390 | [TO_DO]  stderr:     return eval(value, idmap), bound_list
2025-11-07 09:46:04 | WARNING | logger.py:390 | [TO_DO]  stderr:            ~~~~^^^^^^^^^^^^^^
2025-11-07 09:46:04 | WARNING | logger.py:390 | [TO_DO]  stderr:   File "D:\Python\TO_DO_Kivy\kv\screens\main_menu.kv", line 29, in <module>
2025-11-07 09:46:04 | WARNING | logger.py:390 | [TO_DO]  stderr:     color: app.colors("on_secondary")
2025-11-07 09:46:04 | WARNING | logger.py:390 | [TO_DO]  stderr:     ^^^^^^^^^^^^^^^^^^
2025-11-07 09:46:04 | WARNING | logger.py:390 | [TO_DO]  stderr: 
2025-11-07 09:46:04 | WARNING | logger.py:390 | [TO_DO]  stderr: 
2025-11-07 09:46:04 | WARNING | logger.py:390 | [TO_DO]  stderr: During handling of the above exception, another exception occurred:
2025-11-07 09:46:04 | WARNING | logger.py:390 | [TO_DO]  stderr: 
2025-11-07 09:46:04 | WARNING | logger.py:390 | [TO_DO]  stderr: Traceback (most recent call last):
2025-11-07 09:46:04 | WARNING | logger.py:390 | [TO_DO]  stderr:   File "D:\Python\TO_DO_Kivy\main.py", line 77, in <module>
2025-11-07 09:46:04 | WARNING | logger.py:390 | [TO_DO]  stderr:     TO_DOApp().run()
2025-11-07 09:46:04 | WARNING | logger.py:390 | [TO_DO]  stderr:     ~~~~~~~~~~~~~~^^
2025-11-07 09:46:04 | WARNING | logger.py:390 | [TO_DO]  stderr:   File "D:\Python\TO_DO_Kivy\.venv\Lib\site-packages\kivy\app.py", line 956, in run
2025-11-07 09:46:04 | WARNING | logger.py:390 | [TO_DO]  stderr:     runTouchApp()
2025-11-07 09:46:04 | WARNING | logger.py:390 | [TO_DO]  stderr:     ~~~~~~~~~~~^^
2025-11-07 09:46:04 | WARNING | logger.py:390 | [TO_DO]  stderr:   File "D:\Python\TO_DO_Kivy\.venv\Lib\site-packages\kivy\base.py", line 574, in runTouchApp
2025-11-07 09:46:04 | WARNING | logger.py:390 | [TO_DO]  stderr:     EventLoop.mainloop()
2025-11-07 09:46:04 | WARNING | logger.py:390 | [TO_DO]  stderr:     ~~~~~~~~~~~~~~~~~~^^
2025-11-07 09:46:04 | WARNING | logger.py:390 | [TO_DO]  stderr:   File "D:\Python\TO_DO_Kivy\.venv\Lib\site-packages\kivy\base.py", line 339, in mainloop
2025-11-07 09:46:04 | WARNING | logger.py:390 | [TO_DO]  stderr:     self.idle()
2025-11-07 09:46:04 | WARNING | logger.py:390 | [TO_DO]  stderr:     ~~~~~~~~~^^
2025-11-07 09:46:04 | WARNING | logger.py:390 | [TO_DO]  stderr:   File "D:\Python\TO_DO_Kivy\.venv\Lib\site-packages\kivy\base.py", line 379, in idle
2025-11-07 09:46:04 | WARNING | logger.py:390 | [TO_DO]  stderr:     Clock.tick()
2025-11-07 09:46:04 | WARNING | logger.py:390 | [TO_DO]  stderr:     ~~~~~~~~~~^^
2025-11-07 09:46:04 | WARNING | logger.py:390 | [TO_DO]  stderr:   File "D:\Python\TO_DO_Kivy\.venv\Lib\site-packages\kivy\clock.py", line 733, in tick
2025-11-07 09:46:04 | WARNING | logger.py:390 | [TO_DO]  stderr:     self.post_idle(ts, self.idle())
2025-11-07 09:46:04 | WARNING | logger.py:390 | [TO_DO]  stderr:     ~~~~~~~~~~~~~~^^^^^^^^^^^^^^^^^
2025-11-07 09:46:04 | WARNING | logger.py:390 | [TO_DO]  stderr:   File "D:\Python\TO_DO_Kivy\.venv\Lib\site-packages\kivy\clock.py", line 776, in post_idle
2025-11-07 09:46:04 | WARNING | logger.py:390 | [TO_DO]  stderr:     self._process_events()
2025-11-07 09:46:04 | WARNING | logger.py:390 | [TO_DO]  stderr:     ~~~~~~~~~~~~~~~~~~~~^^
2025-11-07 09:46:04 | WARNING | logger.py:390 | [TO_DO]  stderr:   File "kivy\\_clock.pyx", line 620, in kivy._clock.CyClockBase._process_events
2025-11-07 09:46:04 | WARNING | logger.py:390 | [TO_DO]  stderr:   File "kivy\\_clock.pyx", line 653, in kivy._clock.CyClockBase._process_events
2025-11-07 09:46:04 | WARNING | logger.py:390 | [TO_DO]  stderr:   File "kivy\\_clock.pyx", line 649, in kivy._clock.CyClockBase._process_events
2025-11-07 09:46:04 | WARNING | logger.py:390 | [TO_DO]  stderr:   File "kivy\\_clock.pyx", line 218, in kivy._clock.ClockEvent.tick
2025-11-07 09:46:04 | WARNING | logger.py:390 | [TO_DO]  stderr:   File "D:\Python\TO_DO_Kivy\screens\splash.py", line 98, in <lambda>
2025-11-07 09:46:04 | WARNING | logger.py:390 | [TO_DO]  stderr:     Clock.schedule_once(lambda *_: self.app.load_screens(),0.8)
2025-11-07 09:46:04 | WARNING | logger.py:390 | [TO_DO]  stderr:                                    ~~~~~~~~~~~~~~~~~~~~~^^
2025-11-07 09:46:04 | WARNING | logger.py:390 | [TO_DO]  stderr:   File "D:\Python\TO_DO_Kivy\main.py", line 64, in load_screens
2025-11-07 09:46:04 | WARNING | logger.py:390 | [TO_DO]  stderr:     self.root.add_widget(self.menu())
2025-11-07 09:46:04 | WARNING | logger.py:390 | [TO_DO]  stderr:                          ~~~~~~~~~^^
2025-11-07 09:46:04 | WARNING | logger.py:390 | [TO_DO]  stderr:   File "D:\Python\TO_DO_Kivy\.venv\Lib\site-packages\kivy\uix\boxlayout.py", line 145, in __init__
2025-11-07 09:46:04 | WARNING | logger.py:390 | [TO_DO]  stderr:     super(BoxLayout, self).__init__(**kwargs)
2025-11-07 09:46:04 | WARNING | logger.py:390 | [TO_DO]  stderr:     ~~~~~~~~~~~~~~~~~~~~~~~~~~~~~~~^^^^^^^^^^
2025-11-07 09:46:04 | WARNING | logger.py:390 | [TO_DO]  stderr:   File "D:\Python\TO_DO_Kivy\.venv\Lib\site-packages\kivy\uix\relativelayout.py", line 274, in __init__
2025-11-07 09:46:04 | WARNING | logger.py:390 | [TO_DO]  stderr:     super(RelativeLayout, self).__init__(**kw)
2025-11-07 09:46:04 | WARNING | logger.py:390 | [TO_DO]  stderr:     ~~~~~~~~~~~~~~~~~~~~~~~~~~~~~~~~~~~~^^^^^^
2025-11-07 09:46:04 | WARNING | logger.py:390 | [TO_DO]  stderr:   File "D:\Python\TO_DO_Kivy\.venv\Lib\site-packages\kivy\uix\floatlayout.py", line 65, in __init__
2025-11-07 09:46:04 | WARNING | logger.py:390 | [TO_DO]  stderr:     super(FloatLayout, self).__init__(**kwargs)
2025-11-07 09:46:04 | WARNING | logger.py:390 | [TO_DO]  stderr:     ~~~~~~~~~~~~~~~~~~~~~~~~~~~~~~~~~^^^^^^^^^^
2025-11-07 09:46:04 | WARNING | logger.py:390 | [TO_DO]  stderr:   File "D:\Python\TO_DO_Kivy\.venv\Lib\site-packages\kivy\uix\layout.py", line 76, in __init__
2025-11-07 09:46:04 | WARNING | logger.py:390 | [TO_DO]  stderr:     super(Layout, self).__init__(**kwargs)
2025-11-07 09:46:04 | WARNING | logger.py:390 | [TO_DO]  stderr:     ~~~~~~~~~~~~~~~~~~~~~~~~~~~~^^^^^^^^^^
2025-11-07 09:46:04 | WARNING | logger.py:390 | [TO_DO]  stderr:   File "D:\Python\TO_DO_Kivy\.venv\Lib\site-packages\kivy\uix\widget.py", line 366, in __init__
2025-11-07 09:46:04 | WARNING | logger.py:390 | [TO_DO]  stderr:     self.apply_class_lang_rules(
2025-11-07 09:46:04 | WARNING | logger.py:390 | [TO_DO]  stderr:     ~~~~~~~~~~~~~~~~~~~~~~~~~~~^
2025-11-07 09:46:04 | WARNING | logger.py:390 | [TO_DO]  stderr:         ignored_consts=self._kwargs_applied_init,
2025-11-07 09:46:04 | WARNING | logger.py:390 | [TO_DO]  stderr:         ^^^^^^^^^^^^^^^^^^^^^^^^^^^^^^^^^^^^^^^^^
2025-11-07 09:46:04 | WARNING | logger.py:390 | [TO_DO]  stderr:         rule_children=rule_children)
2025-11-07 09:46:04 | WARNING | logger.py:390 | [TO_DO]  stderr:         ^^^^^^^^^^^^^^^^^^^^^^^^^^^^
2025-11-07 09:46:04 | WARNING | logger.py:390 | [TO_DO]  stderr:   File "D:\Python\TO_DO_Kivy\.venv\Lib\site-packages\kivy\uix\widget.py", line 470, in apply_class_lang_rules
2025-11-07 09:46:04 | WARNING | logger.py:390 | [TO_DO]  stderr:     Builder.apply(
2025-11-07 09:46:04 | WARNING | logger.py:390 | [TO_DO]  stderr:     ~~~~~~~~~~~~~^
2025-11-07 09:46:04 | WARNING | logger.py:390 | [TO_DO]  stderr:         self, ignored_consts=ignored_consts,
2025-11-07 09:46:04 | WARNING | logger.py:390 | [TO_DO]  stderr:         ^^^^^^^^^^^^^^^^^^^^^^^^^^^^^^^^^^^^
2025-11-07 09:46:04 | WARNING | logger.py:390 | [TO_DO]  stderr:         rule_children=rule_children)
2025-11-07 09:46:04 | WARNING | logger.py:390 | [TO_DO]  stderr:         ^^^^^^^^^^^^^^^^^^^^^^^^^^^^
2025-11-07 09:46:04 | WARNING | logger.py:390 | [TO_DO]  stderr:   File "D:\Python\TO_DO_Kivy\.venv\Lib\site-packages\kivy\lang\builder.py", line 545, in apply
2025-11-07 09:46:04 | WARNING | logger.py:390 | [TO_DO]  stderr:     self._apply_rule(
2025-11-07 09:46:04 | WARNING | logger.py:390 | [TO_DO]  stderr:     ~~~~~~~~~~~~~~~~^
2025-11-07 09:46:04 | WARNING | logger.py:390 | [TO_DO]  stderr:         widget, rule, rule, ignored_consts=ignored_consts,
2025-11-07 09:46:04 | WARNING | logger.py:390 | [TO_DO]  stderr:         ^^^^^^^^^^^^^^^^^^^^^^^^^^^^^^^^^^^^^^^^^^^^^^^^^^
2025-11-07 09:46:04 | WARNING | logger.py:390 | [TO_DO]  stderr:         rule_children=rule_children)
2025-11-07 09:46:04 | WARNING | logger.py:390 | [TO_DO]  stderr:         ^^^^^^^^^^^^^^^^^^^^^^^^^^^^
2025-11-07 09:46:04 | WARNING | logger.py:390 | [TO_DO]  stderr:   File "D:\Python\TO_DO_Kivy\.venv\Lib\site-packages\kivy\lang\builder.py", line 714, in _apply_rule
2025-11-07 09:46:04 | WARNING | logger.py:390 | [TO_DO]  stderr:     raise BuilderException(rule.ctx, rule.line,
2025-11-07 09:46:04 | WARNING | logger.py:390 | [TO_DO]  stderr:                            '{}: {}'.format(e.__class__.__name__,
2025-11-07 09:46:04 | WARNING | logger.py:390 | [TO_DO]  stderr:                                            e), cause=tb)
2025-11-07 09:46:04 | WARNING | logger.py:390 | [TO_DO]  stderr: kivy.lang.builder.BuilderException: Parser: File "D:\Python\TO_DO_Kivy\kv\screens\main_menu.kv", line 29:
2025-11-07 09:46:04 | WARNING | logger.py:390 | [TO_DO]  stderr: ...
2025-11-07 09:46:04 | WARNING | logger.py:390 | [TO_DO]  stderr:      27:    Button_1:
2025-11-07 09:46:04 | WARNING | logger.py:390 | [TO_DO]  stderr:      28:        normal_color: app.color("secondary")
2025-11-07 09:46:04 | WARNING | logger.py:390 | [TO_DO]  stderr: >>   29:        color: app.colors("on_secondary")
2025-11-07 09:46:04 | WARNING | logger.py:390 | [TO_DO]  stderr:      30:        down_color: app.color("outline")
2025-11-07 09:46:04 | WARNING | logger.py:390 | [TO_DO]  stderr:      31:        id: btn_settings
2025-11-07 09:46:04 | WARNING | logger.py:390 | [TO_DO]  stderr: ...
2025-11-07 09:46:04 | WARNING | logger.py:390 | [TO_DO]  stderr: BuilderException: Parser: File "D:\Python\TO_DO_Kivy\kv\screens\main_menu.kv", line 29:
2025-11-07 09:46:04 | WARNING | logger.py:390 | [TO_DO]  stderr: ...
2025-11-07 09:46:04 | WARNING | logger.py:390 | [TO_DO]  stderr:      27:    Button_1:
2025-11-07 09:46:04 | WARNING | logger.py:390 | [TO_DO]  stderr:      28:        normal_color: app.color("secondary")
2025-11-07 09:46:04 | WARNING | logger.py:390 | [TO_DO]  stderr: >>   29:        color: app.colors("on_secondary")
2025-11-07 09:46:04 | WARNING | logger.py:390 | [TO_DO]  stderr:      30:        down_color: app.color("outline")
2025-11-07 09:46:04 | WARNING | logger.py:390 | [TO_DO]  stderr:      31:        id: btn_settings
2025-11-07 09:46:04 | WARNING | logger.py:390 | [TO_DO]  stderr: ...
2025-11-07 09:46:04 | WARNING | logger.py:390 | [TO_DO]  stderr: TypeError: 'ObservableDict' object is not callable
2025-11-07 09:46:04 | WARNING | logger.py:390 | [TO_DO]  stderr:   File "D:\Python\TO_DO_Kivy\.venv\Lib\site-packages\kivy\lang\builder.py", line 245, in create_handler
2025-11-07 09:46:04 | WARNING | logger.py:390 | [TO_DO]  stderr:     return eval(value, idmap), bound_list
2025-11-07 09:46:04 | WARNING | logger.py:390 | [TO_DO]  stderr:            ~~~~^^^^^^^^^^^^^^
2025-11-07 09:46:04 | WARNING | logger.py:390 | [TO_DO]  stderr:   File "D:\Python\TO_DO_Kivy\kv\screens\main_menu.kv", line 29, in <module>
2025-11-07 09:46:04 | WARNING | logger.py:390 | [TO_DO]  stderr:     color: app.colors("on_secondary")
2025-11-07 09:46:04 | WARNING | logger.py:390 | [TO_DO]  stderr:     ^^^^^^^^^^^^^^^^^^
2025-11-07 09:46:04 | WARNING | logger.py:390 | [TO_DO]  stderr: 
2025-11-07 09:46:04 | WARNING | logger.py:390 | [TO_DO]  stderr:   File "D:\Python\TO_DO_Kivy\.venv\Lib\site-packages\kivy\lang\builder.py", line 699, in _apply_rule
2025-11-07 09:46:04 | WARNING | logger.py:390 | [TO_DO]  stderr:     value, bound = create_handler(
2025-11-07 09:46:04 | WARNING | logger.py:390 | [TO_DO]  stderr:                    ~~~~~~~~~~~~~~^
2025-11-07 09:46:04 | WARNING | logger.py:390 | [TO_DO]  stderr:         widget_set, widget_set, key, value, rule,
2025-11-07 09:46:04 | WARNING | logger.py:390 | [TO_DO]  stderr:         ^^^^^^^^^^^^^^^^^^^^^^^^^^^^^^^^^^^^^^^^^
2025-11-07 09:46:04 | WARNING | logger.py:390 | [TO_DO]  stderr:         rctx['ids'])
2025-11-07 09:46:04 | WARNING | logger.py:390 | [TO_DO]  stderr:         ^^^^^^^^^^^^
2025-11-07 09:46:04 | WARNING | logger.py:390 | [TO_DO]  stderr:   File "D:\Python\TO_DO_Kivy\.venv\Lib\site-packages\kivy\lang\builder.py", line 248, in create_handler
2025-11-07 09:46:04 | WARNING | logger.py:390 | [TO_DO]  stderr:     raise BuilderException(rule.ctx, rule.line,
2025-11-07 09:46:04 | WARNING | logger.py:390 | [TO_DO]  stderr:                            '{}: {}'.format(e.__class__.__name__, e),
2025-11-07 09:46:04 | WARNING | logger.py:390 | [TO_DO]  stderr:                            cause=tb)
2025-11-07 09:46:04 | WARNING | logger.py:390 | [TO_DO]  stderr: 
2025-11-07 09:46:20 | WARNING | config_logger.py:43 | [TO_DO]  Application started with mode: debug
2025-11-07 09:46:22 | DEBUG | main_menu.py:63 | [TO_DO]  Init MainMenu
2025-11-07 09:46:24 | DEBUG | setting.py:40 | [TO_DO]  load settings screen
2025-11-07 09:46:28 | DEBUG | setting.py:70 | [TO_DO]  Change Theme on - dark
2025-11-07 09:46:31 | DEBUG | main_menu.py:63 | [TO_DO]  Init MainMenu
2025-11-07 09:46:37 | DEBUG | main_menu.py:102 | [TO_DO]  Open confirmation popup
2025-11-07 09:46:39 | INFO | base.py:616 | [TO_DO]  Base: Leaving application in progress...
2025-11-07 09:46:52 | WARNING | config_logger.py:43 | [TO_DO]  Application started with mode: debug
2025-11-07 09:46:54 | DEBUG | main_menu.py:63 | [TO_DO]  Init MainMenu
2025-11-07 09:47:00 | DEBUG | setting.py:40 | [TO_DO]  load settings screen
2025-11-07 09:47:03 | DEBUG | setting.py:70 | [TO_DO]  Change Theme on - light
2025-11-07 09:47:05 | DEBUG | main_menu.py:63 | [TO_DO]  Init MainMenu
2025-11-07 09:47:10 | INFO | base.py:616 | [TO_DO]  Base: Leaving application in progress...
2025-11-07 09:47:35 | WARNING | config_logger.py:43 | [TO_DO]  Application started with mode: debug
2025-11-07 09:47:37 | DEBUG | main_menu.py:63 | [TO_DO]  Init MainMenu
2025-11-07 09:47:39 | DEBUG | setting.py:40 | [TO_DO]  load settings screen
2025-11-07 09:47:43 | DEBUG | setting.py:70 | [TO_DO]  Change Theme on - dark
2025-11-07 09:47:47 | INFO | base.py:616 | [TO_DO]  Base: Leaving application in progress...
2025-11-07 09:48:25 | WARNING | config_logger.py:43 | [TO_DO]  Application started with mode: debug
2025-11-07 09:48:27 | DEBUG | main_menu.py:63 | [TO_DO]  Init MainMenu
2025-11-07 09:48:30 | DEBUG | setting.py:40 | [TO_DO]  load settings screen
2025-11-07 09:48:33 | DEBUG | setting.py:70 | [TO_DO]  Change Theme on - light
2025-11-07 09:48:37 | DEBUG | setting.py:70 | [TO_DO]  Change Theme on - dark
2025-11-07 09:48:40 | INFO | base.py:616 | [TO_DO]  Base: Leaving application in progress...
2025-11-07 09:49:28 | WARNING | config_logger.py:43 | [TO_DO]  Application started with mode: debug
2025-11-07 09:49:30 | DEBUG | main_menu.py:63 | [TO_DO]  Init MainMenu
2025-11-07 09:49:32 | DEBUG | setting.py:40 | [TO_DO]  load settings screen
2025-11-07 09:49:35 | DEBUG | setting.py:70 | [TO_DO]  Change Theme on - light
2025-11-07 09:49:39 | DEBUG | setting.py:70 | [TO_DO]  Change Theme on - dark
2025-11-07 09:49:44 | DEBUG | setting.py:70 | [TO_DO]  Change Theme on - light
2025-11-07 09:49:46 | DEBUG | main_menu.py:63 | [TO_DO]  Init MainMenu
2025-11-07 09:49:49 | INFO | base.py:616 | [TO_DO]  Base: Leaving application in progress...
2025-11-07 09:51:00 | WARNING | config_logger.py:43 | [TO_DO]  Application started with mode: debug
2025-11-07 09:51:02 | DEBUG | main_menu.py:63 | [TO_DO]  Init MainMenu
2025-11-07 09:51:04 | DEBUG | setting.py:40 | [TO_DO]  load settings screen
2025-11-07 09:51:08 | DEBUG | setting.py:70 | [TO_DO]  Change Theme on - dark
2025-11-07 09:51:13 | DEBUG | setting.py:70 | [TO_DO]  Change Theme on - light
2025-11-07 09:51:18 | INFO | base.py:616 | [TO_DO]  Base: Leaving application in progress...
2025-11-07 09:53:33 | WARNING | config_logger.py:43 | [TO_DO]  Application started with mode: debug
2025-11-07 09:53:36 | DEBUG | main_menu.py:63 | [TO_DO]  Init MainMenu
2025-11-07 09:53:38 | DEBUG | setting.py:40 | [TO_DO]  load settings screen
2025-11-07 09:53:41 | DEBUG | setting.py:70 | [TO_DO]  Change Theme on - dark
2025-11-07 09:53:46 | DEBUG | setting.py:70 | [TO_DO]  Change Theme on - light
2025-11-07 09:53:51 | INFO | base.py:616 | [TO_DO]  Base: Leaving application in progress...
2025-11-07 09:54:23 | WARNING | config_logger.py:43 | [TO_DO]  Application started with mode: debug
2025-11-07 09:54:25 | DEBUG | main_menu.py:63 | [TO_DO]  Init MainMenu
2025-11-07 09:54:27 | DEBUG | setting.py:40 | [TO_DO]  load settings screen
2025-11-07 09:54:30 | DEBUG | setting.py:70 | [TO_DO]  Change Theme on - dark
2025-11-07 09:54:36 | INFO | base.py:616 | [TO_DO]  Base: Leaving application in progress...
2025-11-07 09:55:20 | WARNING | config_logger.py:43 | [TO_DO]  Application started with mode: debug
2025-11-07 09:55:23 | DEBUG | main_menu.py:63 | [TO_DO]  Init MainMenu
2025-11-07 09:55:24 | DEBUG | setting.py:40 | [TO_DO]  load settings screen
2025-11-07 09:55:28 | DEBUG | setting.py:70 | [TO_DO]  Change Theme on - light
2025-11-07 09:55:32 | DEBUG | setting.py:70 | [TO_DO]  Change Theme on - dark
2025-11-07 09:55:35 | INFO | base.py:616 | [TO_DO]  Base: Leaving application in progress...
2025-11-07 10:05:15 | WARNING | config_logger.py:43 | [TO_DO]  Application started with mode: debug
2025-11-07 10:05:17 | DEBUG | main_menu.py:63 | [TO_DO]  Init MainMenu
2025-11-07 10:05:20 | DEBUG | setting.py:40 | [TO_DO]  load settings screen
2025-11-07 10:05:23 | DEBUG | setting.py:70 | [TO_DO]  Change Theme on - light
2025-11-07 10:05:28 | DEBUG | setting.py:70 | [TO_DO]  Change Theme on - dark
2025-11-07 10:05:31 | DEBUG | setting.py:70 | [TO_DO]  Change Theme on - light
2025-11-07 10:05:38 | INFO | base.py:616 | [TO_DO]  Base: Leaving application in progress...
2025-11-07 10:06:14 | WARNING | config_logger.py:43 | [TO_DO]  Application started with mode: debug
2025-11-07 10:06:17 | DEBUG | main_menu.py:63 | [TO_DO]  Init MainMenu
2025-11-07 10:06:19 | DEBUG | setting.py:40 | [TO_DO]  load settings screen
2025-11-07 10:06:22 | DEBUG | setting.py:70 | [TO_DO]  Change Theme on - dark
2025-11-07 10:06:29 | DEBUG | setting.py:70 | [TO_DO]  Change Theme on - light
2025-11-07 10:06:31 | INFO | base.py:616 | [TO_DO]  Base: Leaving application in progress...
2025-11-07 10:09:29 | WARNING | config_logger.py:43 | [TO_DO]  Application started with mode: debug
2025-11-07 10:09:32 | DEBUG | main_menu.py:63 | [TO_DO]  Init MainMenu
2025-11-07 10:09:34 | DEBUG | setting.py:40 | [TO_DO]  load settings screen
2025-11-07 10:09:36 | DEBUG | setting.py:70 | [TO_DO]  Change Theme on - dark
2025-11-07 10:09:40 | DEBUG | main_menu.py:63 | [TO_DO]  Init MainMenu
2025-11-07 10:09:48 | DEBUG | setting.py:40 | [TO_DO]  load settings screen
2025-11-07 10:09:52 | DEBUG | setting.py:70 | [TO_DO]  Change Theme on - dark
2025-11-07 10:09:54 | INFO | base.py:616 | [TO_DO]  Base: Leaving application in progress...
2025-11-07 10:12:24 | WARNING | config_logger.py:43 | [TO_DO]  Application started with mode: debug
2025-11-07 10:12:26 | DEBUG | main_menu.py:63 | [TO_DO]  Init MainMenu
2025-11-07 10:12:28 | DEBUG | setting.py:41 | [TO_DO]  load settings screen
2025-11-07 10:12:31 | DEBUG | setting.py:71 | [TO_DO]  Change Theme on - light
2025-11-07 10:12:38 | DEBUG | setting.py:71 | [TO_DO]  Change Theme on - dark
2025-11-07 10:12:41 | INFO | base.py:616 | [TO_DO]  Base: Leaving application in progress...
2025-11-07 10:13:38 | WARNING | config_logger.py:43 | [TO_DO]  Application started with mode: debug
2025-11-07 10:13:40 | DEBUG | main_menu.py:63 | [TO_DO]  Init MainMenu
2025-11-07 10:13:42 | DEBUG | setting.py:41 | [TO_DO]  load settings screen
2025-11-07 10:13:45 | DEBUG | setting.py:71 | [TO_DO]  Change Theme on - light
2025-11-07 10:13:49 | INFO | base.py:616 | [TO_DO]  Base: Leaving application in progress...
2025-11-07 10:14:45 | WARNING | config_logger.py:43 | [TO_DO]  Application started with mode: debug
2025-11-07 10:14:48 | DEBUG | main_menu.py:63 | [TO_DO]  Init MainMenu
2025-11-07 10:14:49 | DEBUG | setting.py:40 | [TO_DO]  load settings screen
2025-11-07 10:14:53 | DEBUG | setting.py:70 | [TO_DO]  Change Theme on - dark
2025-11-07 10:15:07 | DEBUG | setting.py:70 | [TO_DO]  Change Theme on - light
2025-11-07 10:15:12 | DEBUG | main_menu.py:63 | [TO_DO]  Init MainMenu
2025-11-07 10:15:15 | INFO | base.py:616 | [TO_DO]  Base: Leaving application in progress...
2025-11-07 10:15:38 | WARNING | config_logger.py:43 | [TO_DO]  Application started with mode: debug
2025-11-07 10:15:40 | DEBUG | main_menu.py:63 | [TO_DO]  Init MainMenu
2025-11-07 10:15:42 | DEBUG | setting.py:40 | [TO_DO]  load settings screen
2025-11-07 10:15:46 | DEBUG | setting.py:70 | [TO_DO]  Change Theme on - dark
2025-11-07 10:15:53 | DEBUG | main_menu.py:63 | [TO_DO]  Init MainMenu
2025-11-07 10:15:56 | INFO | base.py:616 | [TO_DO]  Base: Leaving application in progress...
2025-11-07 10:17:16 | WARNING | config_logger.py:43 | [TO_DO]  Application started with mode: debug
2025-11-07 10:17:18 | DEBUG | main_menu.py:63 | [TO_DO]  Init MainMenu
2025-11-07 10:17:20 | DEBUG | setting.py:40 | [TO_DO]  load settings screen
2025-11-07 10:17:27 | DEBUG | main_menu.py:63 | [TO_DO]  Init MainMenu
2025-11-07 10:17:40 | DEBUG | setting.py:40 | [TO_DO]  load settings screen
2025-11-07 10:17:43 | DEBUG | setting.py:70 | [TO_DO]  Change Theme on - light
2025-11-07 10:18:01 | INFO | base.py:616 | [TO_DO]  Base: Leaving application in progress...
2025-11-07 10:19:00 | WARNING | config_logger.py:43 | [TO_DO]  Application started with mode: debug
2025-11-07 10:19:03 | DEBUG | main_menu.py:63 | [TO_DO]  Init MainMenu
2025-11-07 10:19:07 | DEBUG | setting.py:40 | [TO_DO]  load settings screen
2025-11-07 10:19:11 | DEBUG | setting.py:70 | [TO_DO]  Change Theme on - dark
2025-11-07 10:19:14 | DEBUG | setting.py:70 | [TO_DO]  Change Theme on - light
2025-11-07 10:19:19 | INFO | base.py:616 | [TO_DO]  Base: Leaving application in progress...
2025-11-07 10:42:17 | WARNING | config_logger.py:43 | [TO_DO]  Application started with mode: debug
2025-11-07 10:42:19 | DEBUG | main_menu.py:63 | [TO_DO]  Init MainMenu
2025-11-07 10:42:24 | DEBUG | setting.py:40 | [TO_DO]  load settings screen
2025-11-07 10:42:28 | DEBUG | setting.py:70 | [TO_DO]  Change Theme on - dark
2025-11-07 10:42:42 | INFO | base.py:616 | [TO_DO]  Base: Leaving application in progress...
2025-11-07 10:42:42 | WARNING | logger.py:390 | [TO_DO]  stderr: Traceback (most recent call last):
2025-11-07 10:42:42 | WARNING | logger.py:390 | [TO_DO]  stderr:   File "D:\Python\TO_DO_Kivy\main.py", line 69, in <module>
2025-11-07 10:42:42 | WARNING | logger.py:390 | [TO_DO]  stderr:     TO_DOApp().run()
2025-11-07 10:42:42 | WARNING | logger.py:390 | [TO_DO]  stderr:     ~~~~~~~~~~~~~~^^
2025-11-07 10:42:42 | WARNING | logger.py:390 | [TO_DO]  stderr:   File "D:\Python\TO_DO_Kivy\.venv\Lib\site-packages\kivy\app.py", line 956, in run
2025-11-07 10:42:42 | WARNING | logger.py:390 | [TO_DO]  stderr:     runTouchApp()
2025-11-07 10:42:42 | WARNING | logger.py:390 | [TO_DO]  stderr:     ~~~~~~~~~~~^^
2025-11-07 10:42:42 | WARNING | logger.py:390 | [TO_DO]  stderr:   File "D:\Python\TO_DO_Kivy\.venv\Lib\site-packages\kivy\base.py", line 574, in runTouchApp
2025-11-07 10:42:42 | WARNING | logger.py:390 | [TO_DO]  stderr:     EventLoop.mainloop()
2025-11-07 10:42:42 | WARNING | logger.py:390 | [TO_DO]  stderr:     ~~~~~~~~~~~~~~~~~~^^
2025-11-07 10:42:42 | WARNING | logger.py:390 | [TO_DO]  stderr:   File "D:\Python\TO_DO_Kivy\.venv\Lib\site-packages\kivy\base.py", line 339, in mainloop
2025-11-07 10:42:42 | WARNING | logger.py:390 | [TO_DO]  stderr:     self.idle()
2025-11-07 10:42:42 | WARNING | logger.py:390 | [TO_DO]  stderr:     ~~~~~~~~~^^
2025-11-07 10:42:42 | WARNING | logger.py:390 | [TO_DO]  stderr:   File "D:\Python\TO_DO_Kivy\.venv\Lib\site-packages\kivy\base.py", line 383, in idle
2025-11-07 10:42:42 | WARNING | logger.py:390 | [TO_DO]  stderr:     self.dispatch_input()
2025-11-07 10:42:42 | WARNING | logger.py:390 | [TO_DO]  stderr:     ~~~~~~~~~~~~~~~~~~~^^
2025-11-07 10:42:42 | WARNING | logger.py:390 | [TO_DO]  stderr:   File "D:\Python\TO_DO_Kivy\.venv\Lib\site-packages\kivy\base.py", line 334, in dispatch_input
2025-11-07 10:42:42 | WARNING | logger.py:390 | [TO_DO]  stderr:     post_dispatch_input(*pop(0))
2025-11-07 10:42:42 | WARNING | logger.py:390 | [TO_DO]  stderr:     ~~~~~~~~~~~~~~~~~~~^^^^^^^^^
2025-11-07 10:42:42 | WARNING | logger.py:390 | [TO_DO]  stderr:   File "D:\Python\TO_DO_Kivy\.venv\Lib\site-packages\kivy\base.py", line 302, in post_dispatch_input
2025-11-07 10:42:42 | WARNING | logger.py:390 | [TO_DO]  stderr:     wid.dispatch('on_touch_up', me)
2025-11-07 10:42:42 | WARNING | logger.py:390 | [TO_DO]  stderr:     ~~~~~~~~~~~~^^^^^^^^^^^^^^^^^^^
2025-11-07 10:42:42 | WARNING | logger.py:390 | [TO_DO]  stderr:   File "kivy\\_event.pyx", line 731, in kivy._event.EventDispatcher.dispatch
2025-11-07 10:42:42 | WARNING | logger.py:390 | [TO_DO]  stderr:   File "D:\Python\TO_DO_Kivy\.venv\Lib\site-packages\kivy\uix\behaviors\button.py", line 179, in on_touch_up
2025-11-07 10:42:42 | WARNING | logger.py:390 | [TO_DO]  stderr:     self.dispatch('on_release')
2025-11-07 10:42:42 | WARNING | logger.py:390 | [TO_DO]  stderr:     ~~~~~~~~~~~~~^^^^^^^^^^^^^^
2025-11-07 10:42:42 | WARNING | logger.py:390 | [TO_DO]  stderr:   File "kivy\\_event.pyx", line 727, in kivy._event.EventDispatcher.dispatch
2025-11-07 10:42:42 | WARNING | logger.py:390 | [TO_DO]  stderr:   File "kivy\\_event.pyx", line 1307, in kivy._event.EventObservers.dispatch
2025-11-07 10:42:42 | WARNING | logger.py:390 | [TO_DO]  stderr:   File "kivy\\_event.pyx", line 1191, in kivy._event.EventObservers._dispatch
2025-11-07 10:42:42 | WARNING | logger.py:390 | [TO_DO]  stderr:   File "D:\Python\TO_DO_Kivy\.venv\Lib\site-packages\kivy\lang\builder.py", line 60, in custom_callback
2025-11-07 10:42:42 | WARNING | logger.py:390 | [TO_DO]  stderr:     exec(__kvlang__.co_value, idmap)
2025-11-07 10:42:42 | WARNING | logger.py:390 | [TO_DO]  stderr:     ~~~~^^^^^^^^^^^^^^^^^^^^^^^^^^^^
2025-11-07 10:42:42 | WARNING | logger.py:390 | [TO_DO]  stderr:   File "D:\Python\TO_DO_Kivy\kv\components\dropdown.kv", line 30, in <module>
2025-11-07 10:42:42 | WARNING | logger.py:390 | [TO_DO]  stderr:     root.root_screen.change_lang() if app.config.get_param("app", "language") == "ru" else ""
2025-11-07 10:42:42 | WARNING | logger.py:390 | [TO_DO]  stderr:     ^^^^^^^^^^^^
2025-11-07 10:42:42 | WARNING | logger.py:390 | [TO_DO]  stderr: AttributeError: 'SettingsScreen' object has no attribute 'change_lang'
2025-11-07 10:42:48 | WARNING | config_logger.py:43 | [TO_DO]  Application started with mode: debug
2025-11-07 10:42:50 | DEBUG | main_menu.py:63 | [TO_DO]  Init MainMenu
2025-11-07 10:42:52 | DEBUG | setting.py:40 | [TO_DO]  load settings screen
2025-11-07 10:42:55 | INFO | base.py:616 | [TO_DO]  Base: Leaving application in progress...
2025-11-07 10:42:55 | WARNING | logger.py:390 | [TO_DO]  stderr: Traceback (most recent call last):
2025-11-07 10:42:55 | WARNING | logger.py:390 | [TO_DO]  stderr:   File "D:\Python\TO_DO_Kivy\main.py", line 69, in <module>
2025-11-07 10:42:55 | WARNING | logger.py:390 | [TO_DO]  stderr:     TO_DOApp().run()
2025-11-07 10:42:55 | WARNING | logger.py:390 | [TO_DO]  stderr:     ~~~~~~~~~~~~~~^^
2025-11-07 10:42:55 | WARNING | logger.py:390 | [TO_DO]  stderr:   File "D:\Python\TO_DO_Kivy\.venv\Lib\site-packages\kivy\app.py", line 956, in run
2025-11-07 10:42:55 | WARNING | logger.py:390 | [TO_DO]  stderr:     runTouchApp()
2025-11-07 10:42:55 | WARNING | logger.py:390 | [TO_DO]  stderr:     ~~~~~~~~~~~^^
2025-11-07 10:42:55 | WARNING | logger.py:390 | [TO_DO]  stderr:   File "D:\Python\TO_DO_Kivy\.venv\Lib\site-packages\kivy\base.py", line 574, in runTouchApp
2025-11-07 10:42:55 | WARNING | logger.py:390 | [TO_DO]  stderr:     EventLoop.mainloop()
2025-11-07 10:42:55 | WARNING | logger.py:390 | [TO_DO]  stderr:     ~~~~~~~~~~~~~~~~~~^^
2025-11-07 10:42:55 | WARNING | logger.py:390 | [TO_DO]  stderr:   File "D:\Python\TO_DO_Kivy\.venv\Lib\site-packages\kivy\base.py", line 339, in mainloop
2025-11-07 10:42:55 | WARNING | logger.py:390 | [TO_DO]  stderr:     self.idle()
2025-11-07 10:42:55 | WARNING | logger.py:390 | [TO_DO]  stderr:     ~~~~~~~~~^^
2025-11-07 10:42:55 | WARNING | logger.py:390 | [TO_DO]  stderr:   File "D:\Python\TO_DO_Kivy\.venv\Lib\site-packages\kivy\base.py", line 383, in idle
2025-11-07 10:42:55 | WARNING | logger.py:390 | [TO_DO]  stderr:     self.dispatch_input()
2025-11-07 10:42:55 | WARNING | logger.py:390 | [TO_DO]  stderr:     ~~~~~~~~~~~~~~~~~~~^^
2025-11-07 10:42:55 | WARNING | logger.py:390 | [TO_DO]  stderr:   File "D:\Python\TO_DO_Kivy\.venv\Lib\site-packages\kivy\base.py", line 334, in dispatch_input
2025-11-07 10:42:55 | WARNING | logger.py:390 | [TO_DO]  stderr:     post_dispatch_input(*pop(0))
2025-11-07 10:42:55 | WARNING | logger.py:390 | [TO_DO]  stderr:     ~~~~~~~~~~~~~~~~~~~^^^^^^^^^
2025-11-07 10:42:55 | WARNING | logger.py:390 | [TO_DO]  stderr:   File "D:\Python\TO_DO_Kivy\.venv\Lib\site-packages\kivy\base.py", line 302, in post_dispatch_input
2025-11-07 10:42:55 | WARNING | logger.py:390 | [TO_DO]  stderr:     wid.dispatch('on_touch_up', me)
2025-11-07 10:42:55 | WARNING | logger.py:390 | [TO_DO]  stderr:     ~~~~~~~~~~~~^^^^^^^^^^^^^^^^^^^
2025-11-07 10:42:55 | WARNING | logger.py:390 | [TO_DO]  stderr:   File "kivy\\_event.pyx", line 731, in kivy._event.EventDispatcher.dispatch
2025-11-07 10:42:55 | WARNING | logger.py:390 | [TO_DO]  stderr:   File "D:\Python\TO_DO_Kivy\.venv\Lib\site-packages\kivy\uix\behaviors\button.py", line 179, in on_touch_up
2025-11-07 10:42:55 | WARNING | logger.py:390 | [TO_DO]  stderr:     self.dispatch('on_release')
2025-11-07 10:42:55 | WARNING | logger.py:390 | [TO_DO]  stderr:     ~~~~~~~~~~~~~^^^^^^^^^^^^^^
2025-11-07 10:42:55 | WARNING | logger.py:390 | [TO_DO]  stderr:   File "kivy\\_event.pyx", line 727, in kivy._event.EventDispatcher.dispatch
2025-11-07 10:42:55 | WARNING | logger.py:390 | [TO_DO]  stderr:   File "kivy\\_event.pyx", line 1307, in kivy._event.EventObservers.dispatch
2025-11-07 10:42:55 | WARNING | logger.py:390 | [TO_DO]  stderr:   File "kivy\\_event.pyx", line 1191, in kivy._event.EventObservers._dispatch
2025-11-07 10:42:55 | WARNING | logger.py:390 | [TO_DO]  stderr:   File "D:\Python\TO_DO_Kivy\.venv\Lib\site-packages\kivy\lang\builder.py", line 60, in custom_callback
2025-11-07 10:42:55 | WARNING | logger.py:390 | [TO_DO]  stderr:     exec(__kvlang__.co_value, idmap)
2025-11-07 10:42:55 | WARNING | logger.py:390 | [TO_DO]  stderr:     ~~~~^^^^^^^^^^^^^^^^^^^^^^^^^^^^
2025-11-07 10:42:55 | WARNING | logger.py:390 | [TO_DO]  stderr:   File "D:\Python\TO_DO_Kivy\kv\components\dropdown.kv", line 30, in <module>
2025-11-07 10:42:55 | WARNING | logger.py:390 | [TO_DO]  stderr:     root.root_screen.change_lang() if app.config.get_param("app", "language") == "ru" else ""
2025-11-07 10:42:55 | WARNING | logger.py:390 | [TO_DO]  stderr:     ^^^^^^^^^^^^
2025-11-07 10:42:55 | WARNING | logger.py:390 | [TO_DO]  stderr: AttributeError: 'SettingsScreen' object has no attribute 'change_lang'
2025-11-07 10:44:28 | WARNING | config_logger.py:43 | [TO_DO]  Application started with mode: debug
2025-11-07 10:44:30 | DEBUG | main_menu.py:63 | [TO_DO]  Init MainMenu
2025-11-07 10:44:32 | DEBUG | setting.py:40 | [TO_DO]  load settings screen
2025-11-07 10:44:36 | INFO | base.py:616 | [TO_DO]  Base: Leaving application in progress...
2025-11-07 10:44:36 | WARNING | logger.py:390 | [TO_DO]  stderr: Traceback (most recent call last):
2025-11-07 10:44:36 | WARNING | logger.py:390 | [TO_DO]  stderr:   File "D:\Python\TO_DO_Kivy\main.py", line 69, in <module>
2025-11-07 10:44:36 | WARNING | logger.py:390 | [TO_DO]  stderr:     TO_DOApp().run()
2025-11-07 10:44:36 | WARNING | logger.py:390 | [TO_DO]  stderr:     ~~~~~~~~~~~~~~^^
2025-11-07 10:44:36 | WARNING | logger.py:390 | [TO_DO]  stderr:   File "D:\Python\TO_DO_Kivy\.venv\Lib\site-packages\kivy\app.py", line 956, in run
2025-11-07 10:44:36 | WARNING | logger.py:390 | [TO_DO]  stderr:     runTouchApp()
2025-11-07 10:44:36 | WARNING | logger.py:390 | [TO_DO]  stderr:     ~~~~~~~~~~~^^
2025-11-07 10:44:36 | WARNING | logger.py:390 | [TO_DO]  stderr:   File "D:\Python\TO_DO_Kivy\.venv\Lib\site-packages\kivy\base.py", line 574, in runTouchApp
2025-11-07 10:44:36 | WARNING | logger.py:390 | [TO_DO]  stderr:     EventLoop.mainloop()
2025-11-07 10:44:36 | WARNING | logger.py:390 | [TO_DO]  stderr:     ~~~~~~~~~~~~~~~~~~^^
2025-11-07 10:44:36 | WARNING | logger.py:390 | [TO_DO]  stderr:   File "D:\Python\TO_DO_Kivy\.venv\Lib\site-packages\kivy\base.py", line 339, in mainloop
2025-11-07 10:44:36 | WARNING | logger.py:390 | [TO_DO]  stderr:     self.idle()
2025-11-07 10:44:36 | WARNING | logger.py:390 | [TO_DO]  stderr:     ~~~~~~~~~^^
2025-11-07 10:44:36 | WARNING | logger.py:390 | [TO_DO]  stderr:   File "D:\Python\TO_DO_Kivy\.venv\Lib\site-packages\kivy\base.py", line 383, in idle
2025-11-07 10:44:36 | WARNING | logger.py:390 | [TO_DO]  stderr:     self.dispatch_input()
2025-11-07 10:44:36 | WARNING | logger.py:390 | [TO_DO]  stderr:     ~~~~~~~~~~~~~~~~~~~^^
2025-11-07 10:44:36 | WARNING | logger.py:390 | [TO_DO]  stderr:   File "D:\Python\TO_DO_Kivy\.venv\Lib\site-packages\kivy\base.py", line 334, in dispatch_input
2025-11-07 10:44:36 | WARNING | logger.py:390 | [TO_DO]  stderr:     post_dispatch_input(*pop(0))
2025-11-07 10:44:36 | WARNING | logger.py:390 | [TO_DO]  stderr:     ~~~~~~~~~~~~~~~~~~~^^^^^^^^^
2025-11-07 10:44:36 | WARNING | logger.py:390 | [TO_DO]  stderr:   File "D:\Python\TO_DO_Kivy\.venv\Lib\site-packages\kivy\base.py", line 302, in post_dispatch_input
2025-11-07 10:44:36 | WARNING | logger.py:390 | [TO_DO]  stderr:     wid.dispatch('on_touch_up', me)
2025-11-07 10:44:36 | WARNING | logger.py:390 | [TO_DO]  stderr:     ~~~~~~~~~~~~^^^^^^^^^^^^^^^^^^^
2025-11-07 10:44:36 | WARNING | logger.py:390 | [TO_DO]  stderr:   File "kivy\\_event.pyx", line 731, in kivy._event.EventDispatcher.dispatch
2025-11-07 10:44:36 | WARNING | logger.py:390 | [TO_DO]  stderr:   File "D:\Python\TO_DO_Kivy\.venv\Lib\site-packages\kivy\uix\behaviors\button.py", line 179, in on_touch_up
2025-11-07 10:44:36 | WARNING | logger.py:390 | [TO_DO]  stderr:     self.dispatch('on_release')
2025-11-07 10:44:36 | WARNING | logger.py:390 | [TO_DO]  stderr:     ~~~~~~~~~~~~~^^^^^^^^^^^^^^
2025-11-07 10:44:36 | WARNING | logger.py:390 | [TO_DO]  stderr:   File "kivy\\_event.pyx", line 727, in kivy._event.EventDispatcher.dispatch
2025-11-07 10:44:36 | WARNING | logger.py:390 | [TO_DO]  stderr:   File "kivy\\_event.pyx", line 1307, in kivy._event.EventObservers.dispatch
2025-11-07 10:44:36 | WARNING | logger.py:390 | [TO_DO]  stderr:   File "kivy\\_event.pyx", line 1191, in kivy._event.EventObservers._dispatch
2025-11-07 10:44:36 | WARNING | logger.py:390 | [TO_DO]  stderr:   File "D:\Python\TO_DO_Kivy\.venv\Lib\site-packages\kivy\lang\builder.py", line 60, in custom_callback
2025-11-07 10:44:36 | WARNING | logger.py:390 | [TO_DO]  stderr:     exec(__kvlang__.co_value, idmap)
2025-11-07 10:44:36 | WARNING | logger.py:390 | [TO_DO]  stderr:     ~~~~^^^^^^^^^^^^^^^^^^^^^^^^^^^^
2025-11-07 10:44:36 | WARNING | logger.py:390 | [TO_DO]  stderr:   File "D:\Python\TO_DO_Kivy\kv\components\dropdown.kv", line 30, in <module>
2025-11-07 10:44:36 | WARNING | logger.py:390 | [TO_DO]  stderr:     root.root_screen._change_lang() if app.config.get_param("app", "language") == "ru" else ""
2025-11-07 10:44:36 | WARNING | logger.py:390 | [TO_DO]  stderr:     ^^^^^^^^^^^^^^^
2025-11-07 10:44:36 | WARNING | logger.py:390 | [TO_DO]  stderr: TypeError: SettingsScreen._change_lang() missing 1 required positional argument: 'lang'
2025-11-07 10:45:36 | WARNING | config_logger.py:43 | [TO_DO]  Application started with mode: debug
2025-11-07 10:45:38 | DEBUG | main_menu.py:63 | [TO_DO]  Init MainMenu
2025-11-07 10:45:40 | DEBUG | setting.py:40 | [TO_DO]  load settings screen
2025-11-07 10:45:44 | DEBUG | setting.py:57 | [TO_DO]  Change language on - en
2025-11-07 10:45:47 | DEBUG | main_menu.py:63 | [TO_DO]  Init MainMenu
2025-11-07 10:45:49 | INFO | base.py:616 | [TO_DO]  Base: Leaving application in progress...
2025-11-07 13:20:53 | WARNING | config_logger.py:43 | [TO_DO]  Application started with mode: debug
2025-11-07 13:20:54 | ERROR | splash.py:91 | [TO_DO]   _load_colors: 'dict' object has no attribute 'startswith'
Traceback (most recent call last):
  File "D:\Python\TO_DO_Kivy\screens\splash.py", line 87, in _load
    fn()
    ~~^^
  File "D:\Python\TO_DO_Kivy\screens\splash.py", line 40, in wrapper
    func(*args, **kwargs)
    ~~~~^^^^^^^^^^^^^^^^^
  File "D:\Python\TO_DO_Kivy\screens\splash.py", line 123, in _load_colors
    self.app.colors = color.get_color()
                      ~~~~~~~~~~~~~~~^^
  File "D:\Python\TO_DO_Kivy\utils\getcolor.py", line 31, in get_color
    return {k: get_color_from_hex(v) for k, v in colors.items()}
               ~~~~~~~~~~~~~~~~~~^^^
  File "D:\Python\TO_DO_Kivy\.venv\Lib\site-packages\kivy\utils.py", line 95, in get_color_from_hex
    if s.startswith('#'):
       ^^^^^^^^^^^^
AttributeError: 'dict' object has no attribute 'startswith'
2025-11-07 13:21:06 | INFO | base.py:616 | [TO_DO]  Base: Leaving application in progress...
2025-11-07 13:31:56 | WARNING | config_logger.py:43 | [TO_DO]  Application started with mode: debug
2025-11-07 13:31:59 | DEBUG | main_menu.py:63 | [TO_DO]  Init MainMenu
2025-11-07 13:31:59 | INFO | base.py:616 | [TO_DO]  Base: Leaving application in progress...
2025-11-07 14:05:07 | WARNING | config_logger.py:43 | [TO_DO]  Application started with mode: debug
2025-11-07 14:05:10 | DEBUG | main_menu.py:63 | [TO_DO]  Init MainMenu
2025-11-07 14:05:13 | INFO | base.py:616 | [TO_DO]  Base: Leaving application in progress...
2025-11-07 14:05:29 | WARNING | config_logger.py:43 | [TO_DO]  Application started with mode: debug
2025-11-07 14:05:31 | DEBUG | main_menu.py:63 | [TO_DO]  Init MainMenu
2025-11-07 14:05:35 | DEBUG | setting.py:40 | [TO_DO]  load settings screen
2025-11-07 14:05:39 | DEBUG | setting.py:70 | [TO_DO]  Change Theme on - light
2025-11-07 14:05:43 | DEBUG | setting.py:70 | [TO_DO]  Change Theme on - dark
2025-11-07 14:05:47 | DEBUG | main_menu.py:63 | [TO_DO]  Init MainMenu
2025-11-07 14:05:49 | INFO | base.py:616 | [TO_DO]  Base: Leaving application in progress...
2025-11-07 14:13:17 | WARNING | config_logger.py:43 | [TO_DO]  Application started with mode: debug
2025-11-07 14:13:19 | INFO | base.py:616 | [TO_DO]  Base: Leaving application in progress...
2025-11-07 14:13:19 | WARNING | logger.py:390 | [TO_DO]  stderr: Traceback (most recent call last):
2025-11-07 14:13:19 | WARNING | logger.py:390 | [TO_DO]  stderr:   File "D:\Python\TO_DO_Kivy\.venv\Lib\site-packages\kivy\lang\builder.py", line 930, in _build_canvas
2025-11-07 14:13:19 | WARNING | logger.py:390 | [TO_DO]  stderr:     setattr(instr, key, value)
2025-11-07 14:13:19 | WARNING | logger.py:390 | [TO_DO]  stderr:     ~~~~~~~^^^^^^^^^^^^^^^^^^^
2025-11-07 14:13:19 | WARNING | logger.py:390 | [TO_DO]  stderr:   File "kivy\\graphics\\vertex_instructions.pyx", line 1626, in kivy.graphics.vertex_instructions.RoundedRectangle.radius.__set__
2025-11-07 14:13:19 | WARNING | logger.py:390 | [TO_DO]  stderr:   File "kivy\\graphics\\vertex_instructions.pyx", line 1376, in kivy.graphics.vertex_instructions.RoundedRectangle._check_radius
2025-11-07 14:13:19 | WARNING | logger.py:390 | [TO_DO]  stderr: TypeError: 'NoneType' object is not iterable
2025-11-07 14:13:19 | WARNING | logger.py:390 | [TO_DO]  stderr: 
2025-11-07 14:13:19 | WARNING | logger.py:390 | [TO_DO]  stderr: During handling of the above exception, another exception occurred:
2025-11-07 14:13:19 | WARNING | logger.py:390 | [TO_DO]  stderr: 
2025-11-07 14:13:19 | WARNING | logger.py:390 | [TO_DO]  stderr: Traceback (most recent call last):
2025-11-07 14:13:19 | WARNING | logger.py:390 | [TO_DO]  stderr:   File "D:\Python\TO_DO_Kivy\main.py", line 69, in <module>
2025-11-07 14:13:19 | WARNING | logger.py:390 | [TO_DO]  stderr:     TO_DOApp().run()
2025-11-07 14:13:19 | WARNING | logger.py:390 | [TO_DO]  stderr:     ~~~~~~~~~~~~~~^^
2025-11-07 14:13:19 | WARNING | logger.py:390 | [TO_DO]  stderr:   File "D:\Python\TO_DO_Kivy\.venv\Lib\site-packages\kivy\app.py", line 956, in run
2025-11-07 14:13:19 | WARNING | logger.py:390 | [TO_DO]  stderr:     runTouchApp()
2025-11-07 14:13:19 | WARNING | logger.py:390 | [TO_DO]  stderr:     ~~~~~~~~~~~^^
2025-11-07 14:13:19 | WARNING | logger.py:390 | [TO_DO]  stderr:   File "D:\Python\TO_DO_Kivy\.venv\Lib\site-packages\kivy\base.py", line 574, in runTouchApp
2025-11-07 14:13:19 | WARNING | logger.py:390 | [TO_DO]  stderr:     EventLoop.mainloop()
2025-11-07 14:13:19 | WARNING | logger.py:390 | [TO_DO]  stderr:     ~~~~~~~~~~~~~~~~~~^^
2025-11-07 14:13:19 | WARNING | logger.py:390 | [TO_DO]  stderr:   File "D:\Python\TO_DO_Kivy\.venv\Lib\site-packages\kivy\base.py", line 339, in mainloop
2025-11-07 14:13:19 | WARNING | logger.py:390 | [TO_DO]  stderr:     self.idle()
2025-11-07 14:13:19 | WARNING | logger.py:390 | [TO_DO]  stderr:     ~~~~~~~~~^^
2025-11-07 14:13:19 | WARNING | logger.py:390 | [TO_DO]  stderr:   File "D:\Python\TO_DO_Kivy\.venv\Lib\site-packages\kivy\base.py", line 379, in idle
2025-11-07 14:13:19 | WARNING | logger.py:390 | [TO_DO]  stderr:     Clock.tick()
2025-11-07 14:13:19 | WARNING | logger.py:390 | [TO_DO]  stderr:     ~~~~~~~~~~^^
2025-11-07 14:13:19 | WARNING | logger.py:390 | [TO_DO]  stderr:   File "D:\Python\TO_DO_Kivy\.venv\Lib\site-packages\kivy\clock.py", line 733, in tick
2025-11-07 14:13:19 | WARNING | logger.py:390 | [TO_DO]  stderr:     self.post_idle(ts, self.idle())
2025-11-07 14:13:19 | WARNING | logger.py:390 | [TO_DO]  stderr:     ~~~~~~~~~~~~~~^^^^^^^^^^^^^^^^^
2025-11-07 14:13:19 | WARNING | logger.py:390 | [TO_DO]  stderr:   File "D:\Python\TO_DO_Kivy\.venv\Lib\site-packages\kivy\clock.py", line 776, in post_idle
2025-11-07 14:13:19 | WARNING | logger.py:390 | [TO_DO]  stderr:     self._process_events()
2025-11-07 14:13:19 | WARNING | logger.py:390 | [TO_DO]  stderr:     ~~~~~~~~~~~~~~~~~~~~^^
2025-11-07 14:13:19 | WARNING | logger.py:390 | [TO_DO]  stderr:   File "kivy\\_clock.pyx", line 620, in kivy._clock.CyClockBase._process_events
2025-11-07 14:13:19 | WARNING | logger.py:390 | [TO_DO]  stderr:   File "kivy\\_clock.pyx", line 653, in kivy._clock.CyClockBase._process_events
2025-11-07 14:13:19 | WARNING | logger.py:390 | [TO_DO]  stderr:   File "kivy\\_clock.pyx", line 649, in kivy._clock.CyClockBase._process_events
2025-11-07 14:13:19 | WARNING | logger.py:390 | [TO_DO]  stderr:   File "kivy\\_clock.pyx", line 218, in kivy._clock.ClockEvent.tick
2025-11-07 14:13:19 | WARNING | logger.py:390 | [TO_DO]  stderr:   File "D:\Python\TO_DO_Kivy\screens\splash.py", line 98, in <lambda>
2025-11-07 14:13:19 | WARNING | logger.py:390 | [TO_DO]  stderr:     Clock.schedule_once(lambda *_: self.app.load_screens(),0.8)
2025-11-07 14:13:19 | WARNING | logger.py:390 | [TO_DO]  stderr:                                    ~~~~~~~~~~~~~~~~~~~~~^^
2025-11-07 14:13:19 | WARNING | logger.py:390 | [TO_DO]  stderr:   File "D:\Python\TO_DO_Kivy\main.py", line 64, in load_screens
2025-11-07 14:13:19 | WARNING | logger.py:390 | [TO_DO]  stderr:     self.root.add_widget(self.menu())
2025-11-07 14:13:19 | WARNING | logger.py:390 | [TO_DO]  stderr:                          ~~~~~~~~~^^
2025-11-07 14:13:19 | WARNING | logger.py:390 | [TO_DO]  stderr:   File "D:\Python\TO_DO_Kivy\.venv\Lib\site-packages\kivy\uix\boxlayout.py", line 145, in __init__
2025-11-07 14:13:19 | WARNING | logger.py:390 | [TO_DO]  stderr:     super(BoxLayout, self).__init__(**kwargs)
2025-11-07 14:13:19 | WARNING | logger.py:390 | [TO_DO]  stderr:     ~~~~~~~~~~~~~~~~~~~~~~~~~~~~~~~^^^^^^^^^^
2025-11-07 14:13:19 | WARNING | logger.py:390 | [TO_DO]  stderr:   File "D:\Python\TO_DO_Kivy\.venv\Lib\site-packages\kivy\uix\relativelayout.py", line 274, in __init__
2025-11-07 14:13:19 | WARNING | logger.py:390 | [TO_DO]  stderr:     super(RelativeLayout, self).__init__(**kw)
2025-11-07 14:13:19 | WARNING | logger.py:390 | [TO_DO]  stderr:     ~~~~~~~~~~~~~~~~~~~~~~~~~~~~~~~~~~~~^^^^^^
2025-11-07 14:13:19 | WARNING | logger.py:390 | [TO_DO]  stderr:   File "D:\Python\TO_DO_Kivy\.venv\Lib\site-packages\kivy\uix\floatlayout.py", line 65, in __init__
2025-11-07 14:13:19 | WARNING | logger.py:390 | [TO_DO]  stderr:     super(FloatLayout, self).__init__(**kwargs)
2025-11-07 14:13:19 | WARNING | logger.py:390 | [TO_DO]  stderr:     ~~~~~~~~~~~~~~~~~~~~~~~~~~~~~~~~~^^^^^^^^^^
2025-11-07 14:13:19 | WARNING | logger.py:390 | [TO_DO]  stderr:   File "D:\Python\TO_DO_Kivy\.venv\Lib\site-packages\kivy\uix\layout.py", line 76, in __init__
2025-11-07 14:13:19 | WARNING | logger.py:390 | [TO_DO]  stderr:     super(Layout, self).__init__(**kwargs)
2025-11-07 14:13:19 | WARNING | logger.py:390 | [TO_DO]  stderr:     ~~~~~~~~~~~~~~~~~~~~~~~~~~~~^^^^^^^^^^
2025-11-07 14:13:19 | WARNING | logger.py:390 | [TO_DO]  stderr:   File "D:\Python\TO_DO_Kivy\.venv\Lib\site-packages\kivy\uix\widget.py", line 366, in __init__
2025-11-07 14:13:19 | WARNING | logger.py:390 | [TO_DO]  stderr:     self.apply_class_lang_rules(
2025-11-07 14:13:19 | WARNING | logger.py:390 | [TO_DO]  stderr:     ~~~~~~~~~~~~~~~~~~~~~~~~~~~^
2025-11-07 14:13:19 | WARNING | logger.py:390 | [TO_DO]  stderr:         ignored_consts=self._kwargs_applied_init,
2025-11-07 14:13:19 | WARNING | logger.py:390 | [TO_DO]  stderr:         ^^^^^^^^^^^^^^^^^^^^^^^^^^^^^^^^^^^^^^^^^
2025-11-07 14:13:19 | WARNING | logger.py:390 | [TO_DO]  stderr:         rule_children=rule_children)
2025-11-07 14:13:19 | WARNING | logger.py:390 | [TO_DO]  stderr:         ^^^^^^^^^^^^^^^^^^^^^^^^^^^^
2025-11-07 14:13:19 | WARNING | logger.py:390 | [TO_DO]  stderr:   File "D:\Python\TO_DO_Kivy\.venv\Lib\site-packages\kivy\uix\widget.py", line 470, in apply_class_lang_rules
2025-11-07 14:13:19 | WARNING | logger.py:390 | [TO_DO]  stderr:     Builder.apply(
2025-11-07 14:13:19 | WARNING | logger.py:390 | [TO_DO]  stderr:     ~~~~~~~~~~~~~^
2025-11-07 14:13:19 | WARNING | logger.py:390 | [TO_DO]  stderr:         self, ignored_consts=ignored_consts,
2025-11-07 14:13:19 | WARNING | logger.py:390 | [TO_DO]  stderr:         ^^^^^^^^^^^^^^^^^^^^^^^^^^^^^^^^^^^^
2025-11-07 14:13:19 | WARNING | logger.py:390 | [TO_DO]  stderr:         rule_children=rule_children)
2025-11-07 14:13:19 | WARNING | logger.py:390 | [TO_DO]  stderr:         ^^^^^^^^^^^^^^^^^^^^^^^^^^^^
2025-11-07 14:13:19 | WARNING | logger.py:390 | [TO_DO]  stderr:   File "D:\Python\TO_DO_Kivy\.venv\Lib\site-packages\kivy\lang\builder.py", line 545, in apply
2025-11-07 14:13:19 | WARNING | logger.py:390 | [TO_DO]  stderr:     self._apply_rule(
2025-11-07 14:13:19 | WARNING | logger.py:390 | [TO_DO]  stderr:     ~~~~~~~~~~~~~~~~^
2025-11-07 14:13:19 | WARNING | logger.py:390 | [TO_DO]  stderr:         widget, rule, rule, ignored_consts=ignored_consts,
2025-11-07 14:13:19 | WARNING | logger.py:390 | [TO_DO]  stderr:         ^^^^^^^^^^^^^^^^^^^^^^^^^^^^^^^^^^^^^^^^^^^^^^^^^^
2025-11-07 14:13:19 | WARNING | logger.py:390 | [TO_DO]  stderr:         rule_children=rule_children)
2025-11-07 14:13:19 | WARNING | logger.py:390 | [TO_DO]  stderr:         ^^^^^^^^^^^^^^^^^^^^^^^^^^^^
2025-11-07 14:13:19 | WARNING | logger.py:390 | [TO_DO]  stderr:   File "D:\Python\TO_DO_Kivy\.venv\Lib\site-packages\kivy\lang\builder.py", line 665, in _apply_rule
2025-11-07 14:13:19 | WARNING | logger.py:390 | [TO_DO]  stderr:     child.apply_class_lang_rules(
2025-11-07 14:13:19 | WARNING | logger.py:390 | [TO_DO]  stderr:     ~~~~~~~~~~~~~~~~~~~~~~~~~~~~^
2025-11-07 14:13:19 | WARNING | logger.py:390 | [TO_DO]  stderr:         root=rctx['ids']['root'], rule_children=rule_children)
2025-11-07 14:13:19 | WARNING | logger.py:390 | [TO_DO]  stderr:         ^^^^^^^^^^^^^^^^^^^^^^^^^^^^^^^^^^^^^^^^^^^^^^^^^^^^^^
2025-11-07 14:13:19 | WARNING | logger.py:390 | [TO_DO]  stderr:   File "D:\Python\TO_DO_Kivy\.venv\Lib\site-packages\kivy\uix\widget.py", line 470, in apply_class_lang_rules
2025-11-07 14:13:19 | WARNING | logger.py:390 | [TO_DO]  stderr:     Builder.apply(
2025-11-07 14:13:19 | WARNING | logger.py:390 | [TO_DO]  stderr:     ~~~~~~~~~~~~~^
2025-11-07 14:13:19 | WARNING | logger.py:390 | [TO_DO]  stderr:         self, ignored_consts=ignored_consts,
2025-11-07 14:13:19 | WARNING | logger.py:390 | [TO_DO]  stderr:         ^^^^^^^^^^^^^^^^^^^^^^^^^^^^^^^^^^^^
2025-11-07 14:13:19 | WARNING | logger.py:390 | [TO_DO]  stderr:         rule_children=rule_children)
2025-11-07 14:13:19 | WARNING | logger.py:390 | [TO_DO]  stderr:         ^^^^^^^^^^^^^^^^^^^^^^^^^^^^
2025-11-07 14:13:19 | WARNING | logger.py:390 | [TO_DO]  stderr:   File "D:\Python\TO_DO_Kivy\.venv\Lib\site-packages\kivy\lang\builder.py", line 545, in apply
2025-11-07 14:13:19 | WARNING | logger.py:390 | [TO_DO]  stderr:     self._apply_rule(
2025-11-07 14:13:19 | WARNING | logger.py:390 | [TO_DO]  stderr:     ~~~~~~~~~~~~~~~~^
2025-11-07 14:13:19 | WARNING | logger.py:390 | [TO_DO]  stderr:         widget, rule, rule, ignored_consts=ignored_consts,
2025-11-07 14:13:19 | WARNING | logger.py:390 | [TO_DO]  stderr:         ^^^^^^^^^^^^^^^^^^^^^^^^^^^^^^^^^^^^^^^^^^^^^^^^^^
2025-11-07 14:13:19 | WARNING | logger.py:390 | [TO_DO]  stderr:         rule_children=rule_children)
2025-11-07 14:13:19 | WARNING | logger.py:390 | [TO_DO]  stderr:         ^^^^^^^^^^^^^^^^^^^^^^^^^^^^
2025-11-07 14:13:19 | WARNING | logger.py:390 | [TO_DO]  stderr:   File "D:\Python\TO_DO_Kivy\.venv\Lib\site-packages\kivy\lang\builder.py", line 600, in _apply_rule
2025-11-07 14:13:19 | WARNING | logger.py:390 | [TO_DO]  stderr:     self._build_canvas(widget.canvas.before, widget,
2025-11-07 14:13:19 | WARNING | logger.py:390 | [TO_DO]  stderr:     ~~~~~~~~~~~~~~~~~~^^^^^^^^^^^^^^^^^^^^^^^^^^^^^^
2025-11-07 14:13:19 | WARNING | logger.py:390 | [TO_DO]  stderr:                        rule.canvas_before, rootrule)
2025-11-07 14:13:19 | WARNING | logger.py:390 | [TO_DO]  stderr:                        ^^^^^^^^^^^^^^^^^^^^^^^^^^^^^
2025-11-07 14:13:19 | WARNING | logger.py:390 | [TO_DO]  stderr:   File "D:\Python\TO_DO_Kivy\.venv\Lib\site-packages\kivy\lang\builder.py", line 933, in _build_canvas
2025-11-07 14:13:19 | WARNING | logger.py:390 | [TO_DO]  stderr:     raise BuilderException(
2025-11-07 14:13:19 | WARNING | logger.py:390 | [TO_DO]  stderr:         prule.ctx, prule.line,
2025-11-07 14:13:19 | WARNING | logger.py:390 | [TO_DO]  stderr:         '{}: {}'.format(e.__class__.__name__, e), cause=tb)
2025-11-07 14:13:19 | WARNING | logger.py:390 | [TO_DO]  stderr: kivy.lang.builder.BuilderException: Parser: File "D:\Python\TO_DO_Kivy\kv\components\button.kv", line 19:
2025-11-07 14:13:19 | WARNING | logger.py:390 | [TO_DO]  stderr: ...
2025-11-07 14:13:19 | WARNING | logger.py:390 | [TO_DO]  stderr:      17:            pos: self.x, self.y - (dp(2) if self.state == 'normal' else 0)
2025-11-07 14:13:19 | WARNING | logger.py:390 | [TO_DO]  stderr:      18:            size: self.size
2025-11-07 14:13:19 | WARNING | logger.py:390 | [TO_DO]  stderr: >>   19:            radius: root.radius
2025-11-07 14:13:19 | WARNING | logger.py:390 | [TO_DO]  stderr:      20:        Color:
2025-11-07 14:13:19 | WARNING | logger.py:390 | [TO_DO]  stderr:      21:            rgba: app.colors['highlight'] if self.state == 'normal' else (0,0,0,0)
2025-11-07 14:13:19 | WARNING | logger.py:390 | [TO_DO]  stderr: ...
2025-11-07 14:13:19 | WARNING | logger.py:390 | [TO_DO]  stderr: TypeError: 'NoneType' object is not iterable
2025-11-07 14:13:19 | WARNING | logger.py:390 | [TO_DO]  stderr:   File "D:\Python\TO_DO_Kivy\.venv\Lib\site-packages\kivy\lang\builder.py", line 930, in _build_canvas
2025-11-07 14:13:19 | WARNING | logger.py:390 | [TO_DO]  stderr:     setattr(instr, key, value)
2025-11-07 14:13:19 | WARNING | logger.py:390 | [TO_DO]  stderr:     ~~~~~~~^^^^^^^^^^^^^^^^^^^
2025-11-07 14:13:19 | WARNING | logger.py:390 | [TO_DO]  stderr:   File "kivy\\graphics\\vertex_instructions.pyx", line 1626, in kivy.graphics.vertex_instructions.RoundedRectangle.radius.__set__
2025-11-07 14:13:19 | WARNING | logger.py:390 | [TO_DO]  stderr:   File "kivy\\graphics\\vertex_instructions.pyx", line 1376, in kivy.graphics.vertex_instructions.RoundedRectangle._check_radius
2025-11-07 14:13:19 | WARNING | logger.py:390 | [TO_DO]  stderr: 
2025-11-07 14:15:54 | WARNING | config_logger.py:43 | [TO_DO]  Application started with mode: debug
2025-11-07 14:15:56 | INFO | base.py:616 | [TO_DO]  Base: Leaving application in progress...
2025-11-07 14:15:56 | WARNING | logger.py:390 | [TO_DO]  stderr: Traceback (most recent call last):
2025-11-07 14:15:56 | WARNING | logger.py:390 | [TO_DO]  stderr:   File "D:\Python\TO_DO_Kivy\.venv\Lib\site-packages\kivy\lang\builder.py", line 245, in create_handler
2025-11-07 14:15:56 | WARNING | logger.py:390 | [TO_DO]  stderr:     return eval(value, idmap), bound_list
2025-11-07 14:15:56 | WARNING | logger.py:390 | [TO_DO]  stderr:            ~~~~^^^^^^^^^^^^^^
2025-11-07 14:15:56 | WARNING | logger.py:390 | [TO_DO]  stderr:   File "D:\Python\TO_DO_Kivy\kv\components\button.kv", line 41, in <module>
2025-11-07 14:15:56 | WARNING | logger.py:390 | [TO_DO]  stderr:     rounded_rectangle: (self.x, self.y, self.width, self.height, root.radius[0], root.radius[1], root.radius[2], root.radius[3])
2025-11-07 14:15:56 | WARNING | logger.py:390 | [TO_DO]  stderr:                                   ^^^^^^^^^^^^^^
2025-11-07 14:15:56 | WARNING | logger.py:390 | [TO_DO]  stderr: TypeError: 'NoneType' object is not subscriptable
2025-11-07 14:15:56 | WARNING | logger.py:390 | [TO_DO]  stderr: 
2025-11-07 14:15:56 | WARNING | logger.py:390 | [TO_DO]  stderr: During handling of the above exception, another exception occurred:
2025-11-07 14:15:56 | WARNING | logger.py:390 | [TO_DO]  stderr: 
2025-11-07 14:15:56 | WARNING | logger.py:390 | [TO_DO]  stderr: Traceback (most recent call last):
2025-11-07 14:15:56 | WARNING | logger.py:390 | [TO_DO]  stderr:   File "D:\Python\TO_DO_Kivy\.venv\Lib\site-packages\kivy\lang\builder.py", line 927, in _build_canvas
2025-11-07 14:15:56 | WARNING | logger.py:390 | [TO_DO]  stderr:     value, _ = create_handler(
2025-11-07 14:15:56 | WARNING | logger.py:390 | [TO_DO]  stderr:                ~~~~~~~~~~~~~~^
2025-11-07 14:15:56 | WARNING | logger.py:390 | [TO_DO]  stderr:         widget, instr.proxy_ref,
2025-11-07 14:15:56 | WARNING | logger.py:390 | [TO_DO]  stderr:         ^^^^^^^^^^^^^^^^^^^^^^^^
2025-11-07 14:15:56 | WARNING | logger.py:390 | [TO_DO]  stderr:         key, value, prule, idmap, True)
2025-11-07 14:15:56 | WARNING | logger.py:390 | [TO_DO]  stderr:         ^^^^^^^^^^^^^^^^^^^^^^^^^^^^^^^
2025-11-07 14:15:56 | WARNING | logger.py:390 | [TO_DO]  stderr:   File "D:\Python\TO_DO_Kivy\.venv\Lib\site-packages\kivy\lang\builder.py", line 248, in create_handler
2025-11-07 14:15:56 | WARNING | logger.py:390 | [TO_DO]  stderr:     raise BuilderException(rule.ctx, rule.line,
2025-11-07 14:15:56 | WARNING | logger.py:390 | [TO_DO]  stderr:                            '{}: {}'.format(e.__class__.__name__, e),
2025-11-07 14:15:56 | WARNING | logger.py:390 | [TO_DO]  stderr:                            cause=tb)
2025-11-07 14:15:56 | WARNING | logger.py:390 | [TO_DO]  stderr: kivy.lang.builder.BuilderException: Parser: File "D:\Python\TO_DO_Kivy\kv\components\button.kv", line 41:
2025-11-07 14:15:56 | WARNING | logger.py:390 | [TO_DO]  stderr: ...
2025-11-07 14:15:56 | WARNING | logger.py:390 | [TO_DO]  stderr:      39:            rgba: app.colors['stroke']
2025-11-07 14:15:56 | WARNING | logger.py:390 | [TO_DO]  stderr:      40:        Line:
2025-11-07 14:15:56 | WARNING | logger.py:390 | [TO_DO]  stderr: >>   41:            rounded_rectangle: (self.x, self.y, self.width, self.height, root.radius[0], root.radius[1], root.radius[2], root.radius[3])
2025-11-07 14:15:56 | WARNING | logger.py:390 | [TO_DO]  stderr:      42:            width: dp(1)
2025-11-07 14:15:56 | WARNING | logger.py:390 | [TO_DO]  stderr:      43:
2025-11-07 14:15:56 | WARNING | logger.py:390 | [TO_DO]  stderr: ...
2025-11-07 14:15:56 | WARNING | logger.py:390 | [TO_DO]  stderr: TypeError: 'NoneType' object is not subscriptable
2025-11-07 14:15:56 | WARNING | logger.py:390 | [TO_DO]  stderr:   File "D:\Python\TO_DO_Kivy\.venv\Lib\site-packages\kivy\lang\builder.py", line 245, in create_handler
2025-11-07 14:15:56 | WARNING | logger.py:390 | [TO_DO]  stderr:     return eval(value, idmap), bound_list
2025-11-07 14:15:56 | WARNING | logger.py:390 | [TO_DO]  stderr:            ~~~~^^^^^^^^^^^^^^
2025-11-07 14:15:56 | WARNING | logger.py:390 | [TO_DO]  stderr:   File "D:\Python\TO_DO_Kivy\kv\components\button.kv", line 41, in <module>
2025-11-07 14:15:56 | WARNING | logger.py:390 | [TO_DO]  stderr:     rounded_rectangle: (self.x, self.y, self.width, self.height, root.radius[0], root.radius[1], root.radius[2], root.radius[3])
2025-11-07 14:15:56 | WARNING | logger.py:390 | [TO_DO]  stderr:                                   ^^^^^^^^^^^^^^
2025-11-07 14:15:56 | WARNING | logger.py:390 | [TO_DO]  stderr: 
2025-11-07 14:15:56 | WARNING | logger.py:390 | [TO_DO]  stderr: 
2025-11-07 14:15:56 | WARNING | logger.py:390 | [TO_DO]  stderr: During handling of the above exception, another exception occurred:
2025-11-07 14:15:56 | WARNING | logger.py:390 | [TO_DO]  stderr: 
2025-11-07 14:15:56 | WARNING | logger.py:390 | [TO_DO]  stderr: Traceback (most recent call last):
2025-11-07 14:15:56 | WARNING | logger.py:390 | [TO_DO]  stderr:   File "D:\Python\TO_DO_Kivy\main.py", line 69, in <module>
2025-11-07 14:15:56 | WARNING | logger.py:390 | [TO_DO]  stderr:     TO_DOApp().run()
2025-11-07 14:15:56 | WARNING | logger.py:390 | [TO_DO]  stderr:     ~~~~~~~~~~~~~~^^
2025-11-07 14:15:56 | WARNING | logger.py:390 | [TO_DO]  stderr:   File "D:\Python\TO_DO_Kivy\.venv\Lib\site-packages\kivy\app.py", line 956, in run
2025-11-07 14:15:56 | WARNING | logger.py:390 | [TO_DO]  stderr:     runTouchApp()
2025-11-07 14:15:56 | WARNING | logger.py:390 | [TO_DO]  stderr:     ~~~~~~~~~~~^^
2025-11-07 14:15:56 | WARNING | logger.py:390 | [TO_DO]  stderr:   File "D:\Python\TO_DO_Kivy\.venv\Lib\site-packages\kivy\base.py", line 574, in runTouchApp
2025-11-07 14:15:56 | WARNING | logger.py:390 | [TO_DO]  stderr:     EventLoop.mainloop()
2025-11-07 14:15:56 | WARNING | logger.py:390 | [TO_DO]  stderr:     ~~~~~~~~~~~~~~~~~~^^
2025-11-07 14:15:56 | WARNING | logger.py:390 | [TO_DO]  stderr:   File "D:\Python\TO_DO_Kivy\.venv\Lib\site-packages\kivy\base.py", line 339, in mainloop
2025-11-07 14:15:56 | WARNING | logger.py:390 | [TO_DO]  stderr:     self.idle()
2025-11-07 14:15:56 | WARNING | logger.py:390 | [TO_DO]  stderr:     ~~~~~~~~~^^
2025-11-07 14:15:56 | WARNING | logger.py:390 | [TO_DO]  stderr:   File "D:\Python\TO_DO_Kivy\.venv\Lib\site-packages\kivy\base.py", line 379, in idle
2025-11-07 14:15:56 | WARNING | logger.py:390 | [TO_DO]  stderr:     Clock.tick()
2025-11-07 14:15:56 | WARNING | logger.py:390 | [TO_DO]  stderr:     ~~~~~~~~~~^^
2025-11-07 14:15:56 | WARNING | logger.py:390 | [TO_DO]  stderr:   File "D:\Python\TO_DO_Kivy\.venv\Lib\site-packages\kivy\clock.py", line 733, in tick
2025-11-07 14:15:56 | WARNING | logger.py:390 | [TO_DO]  stderr:     self.post_idle(ts, self.idle())
2025-11-07 14:15:56 | WARNING | logger.py:390 | [TO_DO]  stderr:     ~~~~~~~~~~~~~~^^^^^^^^^^^^^^^^^
2025-11-07 14:15:56 | WARNING | logger.py:390 | [TO_DO]  stderr:   File "D:\Python\TO_DO_Kivy\.venv\Lib\site-packages\kivy\clock.py", line 776, in post_idle
2025-11-07 14:15:56 | WARNING | logger.py:390 | [TO_DO]  stderr:     self._process_events()
2025-11-07 14:15:56 | WARNING | logger.py:390 | [TO_DO]  stderr:     ~~~~~~~~~~~~~~~~~~~~^^
2025-11-07 14:15:56 | WARNING | logger.py:390 | [TO_DO]  stderr:   File "kivy\\_clock.pyx", line 620, in kivy._clock.CyClockBase._process_events
2025-11-07 14:15:56 | WARNING | logger.py:390 | [TO_DO]  stderr:   File "kivy\\_clock.pyx", line 653, in kivy._clock.CyClockBase._process_events
2025-11-07 14:15:56 | WARNING | logger.py:390 | [TO_DO]  stderr:   File "kivy\\_clock.pyx", line 649, in kivy._clock.CyClockBase._process_events
2025-11-07 14:15:56 | WARNING | logger.py:390 | [TO_DO]  stderr:   File "kivy\\_clock.pyx", line 218, in kivy._clock.ClockEvent.tick
2025-11-07 14:15:56 | WARNING | logger.py:390 | [TO_DO]  stderr:   File "D:\Python\TO_DO_Kivy\screens\splash.py", line 98, in <lambda>
2025-11-07 14:15:56 | WARNING | logger.py:390 | [TO_DO]  stderr:     Clock.schedule_once(lambda *_: self.app.load_screens(),0.8)
2025-11-07 14:15:56 | WARNING | logger.py:390 | [TO_DO]  stderr:                                    ~~~~~~~~~~~~~~~~~~~~~^^
2025-11-07 14:15:56 | WARNING | logger.py:390 | [TO_DO]  stderr:   File "D:\Python\TO_DO_Kivy\main.py", line 64, in load_screens
2025-11-07 14:15:56 | WARNING | logger.py:390 | [TO_DO]  stderr:     self.root.add_widget(self.menu())
2025-11-07 14:15:56 | WARNING | logger.py:390 | [TO_DO]  stderr:                          ~~~~~~~~~^^
2025-11-07 14:15:56 | WARNING | logger.py:390 | [TO_DO]  stderr:   File "D:\Python\TO_DO_Kivy\.venv\Lib\site-packages\kivy\uix\boxlayout.py", line 145, in __init__
2025-11-07 14:15:56 | WARNING | logger.py:390 | [TO_DO]  stderr:     super(BoxLayout, self).__init__(**kwargs)
2025-11-07 14:15:56 | WARNING | logger.py:390 | [TO_DO]  stderr:     ~~~~~~~~~~~~~~~~~~~~~~~~~~~~~~~^^^^^^^^^^
2025-11-07 14:15:56 | WARNING | logger.py:390 | [TO_DO]  stderr:   File "D:\Python\TO_DO_Kivy\.venv\Lib\site-packages\kivy\uix\relativelayout.py", line 274, in __init__
2025-11-07 14:15:56 | WARNING | logger.py:390 | [TO_DO]  stderr:     super(RelativeLayout, self).__init__(**kw)
2025-11-07 14:15:56 | WARNING | logger.py:390 | [TO_DO]  stderr:     ~~~~~~~~~~~~~~~~~~~~~~~~~~~~~~~~~~~~^^^^^^
2025-11-07 14:15:56 | WARNING | logger.py:390 | [TO_DO]  stderr:   File "D:\Python\TO_DO_Kivy\.venv\Lib\site-packages\kivy\uix\floatlayout.py", line 65, in __init__
2025-11-07 14:15:56 | WARNING | logger.py:390 | [TO_DO]  stderr:     super(FloatLayout, self).__init__(**kwargs)
2025-11-07 14:15:56 | WARNING | logger.py:390 | [TO_DO]  stderr:     ~~~~~~~~~~~~~~~~~~~~~~~~~~~~~~~~~^^^^^^^^^^
2025-11-07 14:15:56 | WARNING | logger.py:390 | [TO_DO]  stderr:   File "D:\Python\TO_DO_Kivy\.venv\Lib\site-packages\kivy\uix\layout.py", line 76, in __init__
2025-11-07 14:15:56 | WARNING | logger.py:390 | [TO_DO]  stderr:     super(Layout, self).__init__(**kwargs)
2025-11-07 14:15:56 | WARNING | logger.py:390 | [TO_DO]  stderr:     ~~~~~~~~~~~~~~~~~~~~~~~~~~~~^^^^^^^^^^
2025-11-07 14:15:56 | WARNING | logger.py:390 | [TO_DO]  stderr:   File "D:\Python\TO_DO_Kivy\.venv\Lib\site-packages\kivy\uix\widget.py", line 366, in __init__
2025-11-07 14:15:56 | WARNING | logger.py:390 | [TO_DO]  stderr:     self.apply_class_lang_rules(
2025-11-07 14:15:56 | WARNING | logger.py:390 | [TO_DO]  stderr:     ~~~~~~~~~~~~~~~~~~~~~~~~~~~^
2025-11-07 14:15:56 | WARNING | logger.py:390 | [TO_DO]  stderr:         ignored_consts=self._kwargs_applied_init,
2025-11-07 14:15:56 | WARNING | logger.py:390 | [TO_DO]  stderr:         ^^^^^^^^^^^^^^^^^^^^^^^^^^^^^^^^^^^^^^^^^
2025-11-07 14:15:56 | WARNING | logger.py:390 | [TO_DO]  stderr:         rule_children=rule_children)
2025-11-07 14:15:56 | WARNING | logger.py:390 | [TO_DO]  stderr:         ^^^^^^^^^^^^^^^^^^^^^^^^^^^^
2025-11-07 14:15:56 | WARNING | logger.py:390 | [TO_DO]  stderr:   File "D:\Python\TO_DO_Kivy\.venv\Lib\site-packages\kivy\uix\widget.py", line 470, in apply_class_lang_rules
2025-11-07 14:15:56 | WARNING | logger.py:390 | [TO_DO]  stderr:     Builder.apply(
2025-11-07 14:15:56 | WARNING | logger.py:390 | [TO_DO]  stderr:     ~~~~~~~~~~~~~^
2025-11-07 14:15:56 | WARNING | logger.py:390 | [TO_DO]  stderr:         self, ignored_consts=ignored_consts,
2025-11-07 14:15:56 | WARNING | logger.py:390 | [TO_DO]  stderr:         ^^^^^^^^^^^^^^^^^^^^^^^^^^^^^^^^^^^^
2025-11-07 14:15:56 | WARNING | logger.py:390 | [TO_DO]  stderr:         rule_children=rule_children)
2025-11-07 14:15:56 | WARNING | logger.py:390 | [TO_DO]  stderr:         ^^^^^^^^^^^^^^^^^^^^^^^^^^^^
2025-11-07 14:15:56 | WARNING | logger.py:390 | [TO_DO]  stderr:   File "D:\Python\TO_DO_Kivy\.venv\Lib\site-packages\kivy\lang\builder.py", line 545, in apply
2025-11-07 14:15:56 | WARNING | logger.py:390 | [TO_DO]  stderr:     self._apply_rule(
2025-11-07 14:15:56 | WARNING | logger.py:390 | [TO_DO]  stderr:     ~~~~~~~~~~~~~~~~^
2025-11-07 14:15:56 | WARNING | logger.py:390 | [TO_DO]  stderr:         widget, rule, rule, ignored_consts=ignored_consts,
2025-11-07 14:15:56 | WARNING | logger.py:390 | [TO_DO]  stderr:         ^^^^^^^^^^^^^^^^^^^^^^^^^^^^^^^^^^^^^^^^^^^^^^^^^^
2025-11-07 14:15:56 | WARNING | logger.py:390 | [TO_DO]  stderr:         rule_children=rule_children)
2025-11-07 14:15:56 | WARNING | logger.py:390 | [TO_DO]  stderr:         ^^^^^^^^^^^^^^^^^^^^^^^^^^^^
2025-11-07 14:15:56 | WARNING | logger.py:390 | [TO_DO]  stderr:   File "D:\Python\TO_DO_Kivy\.venv\Lib\site-packages\kivy\lang\builder.py", line 665, in _apply_rule
2025-11-07 14:15:56 | WARNING | logger.py:390 | [TO_DO]  stderr:     child.apply_class_lang_rules(
2025-11-07 14:15:56 | WARNING | logger.py:390 | [TO_DO]  stderr:     ~~~~~~~~~~~~~~~~~~~~~~~~~~~~^
2025-11-07 14:15:56 | WARNING | logger.py:390 | [TO_DO]  stderr:         root=rctx['ids']['root'], rule_children=rule_children)
2025-11-07 14:15:56 | WARNING | logger.py:390 | [TO_DO]  stderr:         ^^^^^^^^^^^^^^^^^^^^^^^^^^^^^^^^^^^^^^^^^^^^^^^^^^^^^^
2025-11-07 14:15:56 | WARNING | logger.py:390 | [TO_DO]  stderr:   File "D:\Python\TO_DO_Kivy\.venv\Lib\site-packages\kivy\uix\widget.py", line 470, in apply_class_lang_rules
2025-11-07 14:15:56 | WARNING | logger.py:390 | [TO_DO]  stderr:     Builder.apply(
2025-11-07 14:15:56 | WARNING | logger.py:390 | [TO_DO]  stderr:     ~~~~~~~~~~~~~^
2025-11-07 14:15:56 | WARNING | logger.py:390 | [TO_DO]  stderr:         self, ignored_consts=ignored_consts,
2025-11-07 14:15:56 | WARNING | logger.py:390 | [TO_DO]  stderr:         ^^^^^^^^^^^^^^^^^^^^^^^^^^^^^^^^^^^^
2025-11-07 14:15:56 | WARNING | logger.py:390 | [TO_DO]  stderr:         rule_children=rule_children)
2025-11-07 14:15:56 | WARNING | logger.py:390 | [TO_DO]  stderr:         ^^^^^^^^^^^^^^^^^^^^^^^^^^^^
2025-11-07 14:15:56 | WARNING | logger.py:390 | [TO_DO]  stderr:   File "D:\Python\TO_DO_Kivy\.venv\Lib\site-packages\kivy\lang\builder.py", line 545, in apply
2025-11-07 14:15:56 | WARNING | logger.py:390 | [TO_DO]  stderr:     self._apply_rule(
2025-11-07 14:15:56 | WARNING | logger.py:390 | [TO_DO]  stderr:     ~~~~~~~~~~~~~~~~^
2025-11-07 14:15:56 | WARNING | logger.py:390 | [TO_DO]  stderr:         widget, rule, rule, ignored_consts=ignored_consts,
2025-11-07 14:15:56 | WARNING | logger.py:390 | [TO_DO]  stderr:         ^^^^^^^^^^^^^^^^^^^^^^^^^^^^^^^^^^^^^^^^^^^^^^^^^^
2025-11-07 14:15:56 | WARNING | logger.py:390 | [TO_DO]  stderr:         rule_children=rule_children)
2025-11-07 14:15:56 | WARNING | logger.py:390 | [TO_DO]  stderr:         ^^^^^^^^^^^^^^^^^^^^^^^^^^^^
2025-11-07 14:15:56 | WARNING | logger.py:390 | [TO_DO]  stderr:   File "D:\Python\TO_DO_Kivy\.venv\Lib\site-packages\kivy\lang\builder.py", line 600, in _apply_rule
2025-11-07 14:15:56 | WARNING | logger.py:390 | [TO_DO]  stderr:     self._build_canvas(widget.canvas.before, widget,
2025-11-07 14:15:56 | WARNING | logger.py:390 | [TO_DO]  stderr:     ~~~~~~~~~~~~~~~~~~^^^^^^^^^^^^^^^^^^^^^^^^^^^^^^
2025-11-07 14:15:56 | WARNING | logger.py:390 | [TO_DO]  stderr:                        rule.canvas_before, rootrule)
2025-11-07 14:15:56 | WARNING | logger.py:390 | [TO_DO]  stderr:                        ^^^^^^^^^^^^^^^^^^^^^^^^^^^^^
2025-11-07 14:15:56 | WARNING | logger.py:390 | [TO_DO]  stderr:   File "D:\Python\TO_DO_Kivy\.venv\Lib\site-packages\kivy\lang\builder.py", line 933, in _build_canvas
2025-11-07 14:15:56 | WARNING | logger.py:390 | [TO_DO]  stderr:     raise BuilderException(
2025-11-07 14:15:56 | WARNING | logger.py:390 | [TO_DO]  stderr:         prule.ctx, prule.line,
2025-11-07 14:15:56 | WARNING | logger.py:390 | [TO_DO]  stderr:         '{}: {}'.format(e.__class__.__name__, e), cause=tb)
2025-11-07 14:15:56 | WARNING | logger.py:390 | [TO_DO]  stderr: kivy.lang.builder.BuilderException: Parser: File "D:\Python\TO_DO_Kivy\kv\components\button.kv", line 41:
2025-11-07 14:15:56 | WARNING | logger.py:390 | [TO_DO]  stderr: ...
2025-11-07 14:15:56 | WARNING | logger.py:390 | [TO_DO]  stderr:      39:            rgba: app.colors['stroke']
2025-11-07 14:15:56 | WARNING | logger.py:390 | [TO_DO]  stderr:      40:        Line:
2025-11-07 14:15:56 | WARNING | logger.py:390 | [TO_DO]  stderr: >>   41:            rounded_rectangle: (self.x, self.y, self.width, self.height, root.radius[0], root.radius[1], root.radius[2], root.radius[3])
2025-11-07 14:15:56 | WARNING | logger.py:390 | [TO_DO]  stderr:      42:            width: dp(1)
2025-11-07 14:15:56 | WARNING | logger.py:390 | [TO_DO]  stderr:      43:
2025-11-07 14:15:56 | WARNING | logger.py:390 | [TO_DO]  stderr: ...
2025-11-07 14:15:56 | WARNING | logger.py:390 | [TO_DO]  stderr: BuilderException: Parser: File "D:\Python\TO_DO_Kivy\kv\components\button.kv", line 41:
2025-11-07 14:15:56 | WARNING | logger.py:390 | [TO_DO]  stderr: ...
2025-11-07 14:15:56 | WARNING | logger.py:390 | [TO_DO]  stderr:      39:            rgba: app.colors['stroke']
2025-11-07 14:15:56 | WARNING | logger.py:390 | [TO_DO]  stderr:      40:        Line:
2025-11-07 14:15:56 | WARNING | logger.py:390 | [TO_DO]  stderr: >>   41:            rounded_rectangle: (self.x, self.y, self.width, self.height, root.radius[0], root.radius[1], root.radius[2], root.radius[3])
2025-11-07 14:15:56 | WARNING | logger.py:390 | [TO_DO]  stderr:      42:            width: dp(1)
2025-11-07 14:15:56 | WARNING | logger.py:390 | [TO_DO]  stderr:      43:
2025-11-07 14:15:56 | WARNING | logger.py:390 | [TO_DO]  stderr: ...
2025-11-07 14:15:56 | WARNING | logger.py:390 | [TO_DO]  stderr: TypeError: 'NoneType' object is not subscriptable
2025-11-07 14:15:56 | WARNING | logger.py:390 | [TO_DO]  stderr:   File "D:\Python\TO_DO_Kivy\.venv\Lib\site-packages\kivy\lang\builder.py", line 245, in create_handler
2025-11-07 14:15:56 | WARNING | logger.py:390 | [TO_DO]  stderr:     return eval(value, idmap), bound_list
2025-11-07 14:15:56 | WARNING | logger.py:390 | [TO_DO]  stderr:            ~~~~^^^^^^^^^^^^^^
2025-11-07 14:15:56 | WARNING | logger.py:390 | [TO_DO]  stderr:   File "D:\Python\TO_DO_Kivy\kv\components\button.kv", line 41, in <module>
2025-11-07 14:15:56 | WARNING | logger.py:390 | [TO_DO]  stderr:     rounded_rectangle: (self.x, self.y, self.width, self.height, root.radius[0], root.radius[1], root.radius[2], root.radius[3])
2025-11-07 14:15:56 | WARNING | logger.py:390 | [TO_DO]  stderr:                                   ^^^^^^^^^^^^^^
2025-11-07 14:15:56 | WARNING | logger.py:390 | [TO_DO]  stderr: 
2025-11-07 14:15:56 | WARNING | logger.py:390 | [TO_DO]  stderr:   File "D:\Python\TO_DO_Kivy\.venv\Lib\site-packages\kivy\lang\builder.py", line 927, in _build_canvas
2025-11-07 14:15:56 | WARNING | logger.py:390 | [TO_DO]  stderr:     value, _ = create_handler(
2025-11-07 14:15:56 | WARNING | logger.py:390 | [TO_DO]  stderr:                ~~~~~~~~~~~~~~^
2025-11-07 14:15:56 | WARNING | logger.py:390 | [TO_DO]  stderr:         widget, instr.proxy_ref,
2025-11-07 14:15:56 | WARNING | logger.py:390 | [TO_DO]  stderr:         ^^^^^^^^^^^^^^^^^^^^^^^^
2025-11-07 14:15:56 | WARNING | logger.py:390 | [TO_DO]  stderr:         key, value, prule, idmap, True)
2025-11-07 14:15:56 | WARNING | logger.py:390 | [TO_DO]  stderr:         ^^^^^^^^^^^^^^^^^^^^^^^^^^^^^^^
2025-11-07 14:15:56 | WARNING | logger.py:390 | [TO_DO]  stderr:   File "D:\Python\TO_DO_Kivy\.venv\Lib\site-packages\kivy\lang\builder.py", line 248, in create_handler
2025-11-07 14:15:56 | WARNING | logger.py:390 | [TO_DO]  stderr:     raise BuilderException(rule.ctx, rule.line,
2025-11-07 14:15:56 | WARNING | logger.py:390 | [TO_DO]  stderr:                            '{}: {}'.format(e.__class__.__name__, e),
2025-11-07 14:15:56 | WARNING | logger.py:390 | [TO_DO]  stderr:                            cause=tb)
2025-11-07 14:15:56 | WARNING | logger.py:390 | [TO_DO]  stderr: 
2025-11-07 14:17:43 | WARNING | config_logger.py:43 | [TO_DO]  Application started with mode: debug
2025-11-07 14:17:45 | DEBUG | main_menu.py:63 | [TO_DO]  Init MainMenu
2025-11-07 14:17:48 | DEBUG | setting.py:40 | [TO_DO]  load settings screen
2025-11-07 14:17:51 | DEBUG | setting.py:70 | [TO_DO]  Change Theme on - light
2025-11-07 14:17:56 | DEBUG | main_menu.py:63 | [TO_DO]  Init MainMenu
2025-11-07 14:18:00 | DEBUG | setting.py:40 | [TO_DO]  load settings screen
2025-11-07 14:18:05 | INFO | base.py:616 | [TO_DO]  Base: Leaving application in progress...
2025-11-07 14:19:22 | WARNING | config_logger.py:43 | [TO_DO]  Application started with mode: debug
2025-11-07 14:19:25 | DEBUG | main_menu.py:63 | [TO_DO]  Init MainMenu
2025-11-07 14:19:31 | DEBUG | setting.py:40 | [TO_DO]  load settings screen
2025-11-07 14:19:38 | DEBUG | setting.py:70 | [TO_DO]  Change Theme on - dark
2025-11-07 14:19:42 | DEBUG | setting.py:70 | [TO_DO]  Change Theme on - light
2025-11-07 14:19:46 | INFO | base.py:616 | [TO_DO]  Base: Leaving application in progress...
2025-11-07 14:20:26 | WARNING | config_logger.py:43 | [TO_DO]  Application started with mode: debug
2025-11-07 14:20:28 | DEBUG | main_menu.py:63 | [TO_DO]  Init MainMenu
2025-11-07 14:20:36 | DEBUG | setting.py:40 | [TO_DO]  load settings screen
2025-11-07 14:20:39 | DEBUG | setting.py:70 | [TO_DO]  Change Theme on - dark
2025-11-07 14:20:44 | INFO | base.py:616 | [TO_DO]  Base: Leaving application in progress...
2025-11-07 14:21:30 | WARNING | config_logger.py:43 | [TO_DO]  Application started with mode: debug
2025-11-07 14:21:33 | DEBUG | main_menu.py:63 | [TO_DO]  Init MainMenu
2025-11-07 14:21:39 | DEBUG | setting.py:40 | [TO_DO]  load settings screen
2025-11-07 14:21:42 | DEBUG | setting.py:70 | [TO_DO]  Change Theme on - light
2025-11-07 14:21:49 | INFO | base.py:616 | [TO_DO]  Base: Leaving application in progress...
2025-11-07 14:22:32 | WARNING | config_logger.py:43 | [TO_DO]  Application started with mode: debug
2025-11-07 14:22:35 | DEBUG | main_menu.py:63 | [TO_DO]  Init MainMenu
2025-11-07 14:22:38 | DEBUG | setting.py:40 | [TO_DO]  load settings screen
2025-11-07 14:22:41 | DEBUG | setting.py:70 | [TO_DO]  Change Theme on - dark
2025-11-07 14:22:47 | DEBUG | setting.py:70 | [TO_DO]  Change Theme on - light
2025-11-07 14:22:52 | INFO | base.py:616 | [TO_DO]  Base: Leaving application in progress...
2025-11-07 14:23:23 | WARNING | config_logger.py:43 | [TO_DO]  Application started with mode: debug
2025-11-07 14:23:25 | DEBUG | main_menu.py:63 | [TO_DO]  Init MainMenu
2025-11-07 14:23:30 | DEBUG | setting.py:40 | [TO_DO]  load settings screen
2025-11-07 14:23:37 | DEBUG | setting.py:70 | [TO_DO]  Change Theme on - dark
2025-11-07 14:23:41 | DEBUG | setting.py:70 | [TO_DO]  Change Theme on - light
2025-11-07 14:23:44 | INFO | base.py:616 | [TO_DO]  Base: Leaving application in progress...
2025-11-07 14:25:17 | WARNING | config_logger.py:43 | [TO_DO]  Application started with mode: debug
2025-11-07 14:25:19 | DEBUG | main_menu.py:63 | [TO_DO]  Init MainMenu
2025-11-07 14:25:26 | DEBUG | setting.py:40 | [TO_DO]  load settings screen
2025-11-07 14:25:33 | DEBUG | main_menu.py:63 | [TO_DO]  Init MainMenu
2025-11-07 14:25:35 | INFO | base.py:616 | [TO_DO]  Base: Leaving application in progress...
2025-11-07 14:25:47 | WARNING | config_logger.py:43 | [TO_DO]  Application started with mode: debug
2025-11-07 14:25:49 | DEBUG | main_menu.py:63 | [TO_DO]  Init MainMenu
2025-11-07 14:25:54 | DEBUG | setting.py:40 | [TO_DO]  load settings screen
2025-11-07 14:25:58 | DEBUG | setting.py:70 | [TO_DO]  Change Theme on - dark
2025-11-07 14:26:02 | DEBUG | main_menu.py:63 | [TO_DO]  Init MainMenu
2025-11-07 14:26:06 | DEBUG | main_menu.py:102 | [TO_DO]  Open confirmation popup
2025-11-07 14:26:08 | INFO | base.py:616 | [TO_DO]  Base: Leaving application in progress...
2025-11-07 14:37:58 | WARNING | config_logger.py:43 | [TO_DO]  Application started with mode: debug
2025-11-07 14:38:00 | DEBUG | main_menu.py:63 | [TO_DO]  Init MainMenu
2025-11-07 14:38:03 | DEBUG | setting.py:40 | [TO_DO]  load settings screen
2025-11-07 14:38:07 | DEBUG | setting.py:70 | [TO_DO]  Change Theme on - light
2025-11-07 14:38:14 | DEBUG | main_menu.py:63 | [TO_DO]  Init MainMenu
2025-11-07 14:38:18 | DEBUG | setting.py:40 | [TO_DO]  load settings screen
2025-11-07 14:38:20 | DEBUG | setting.py:70 | [TO_DO]  Change Theme on - dark
2025-11-07 14:38:25 | DEBUG | main_menu.py:63 | [TO_DO]  Init MainMenu
2025-11-07 14:38:28 | DEBUG | setting.py:40 | [TO_DO]  load settings screen
2025-11-07 14:38:32 | DEBUG | main_menu.py:63 | [TO_DO]  Init MainMenu
2025-11-07 14:38:34 | DEBUG | main_menu.py:102 | [TO_DO]  Open confirmation popup
2025-11-07 14:38:38 | DEBUG | setting.py:40 | [TO_DO]  load settings screen
2025-11-07 14:38:42 | DEBUG | setting.py:70 | [TO_DO]  Change Theme on - light
2025-11-07 14:38:51 | INFO | base.py:616 | [TO_DO]  Base: Leaving application in progress...
2025-11-07 14:38:58 | WARNING | config_logger.py:43 | [TO_DO]  Application started with mode: debug
2025-11-07 14:39:00 | DEBUG | main_menu.py:63 | [TO_DO]  Init MainMenu
2025-11-07 14:39:08 | INFO | base.py:616 | [TO_DO]  Base: Leaving application in progress...
2025-11-07 14:39:20 | WARNING | config_logger.py:43 | [TO_DO]  Application started with mode: debug
2025-11-07 14:39:22 | DEBUG | main_menu.py:63 | [TO_DO]  Init MainMenu
2025-11-07 14:39:27 | INFO | base.py:616 | [TO_DO]  Base: Leaving application in progress...
2025-11-07 14:40:20 | WARNING | config_logger.py:43 | [TO_DO]  Application started with mode: debug
2025-11-07 14:40:22 | DEBUG | main_menu.py:63 | [TO_DO]  Init MainMenu
2025-11-07 14:40:32 | DEBUG | main_menu.py:102 | [TO_DO]  Open confirmation popup
2025-11-07 14:40:34 | INFO | base.py:616 | [TO_DO]  Base: Leaving application in progress...
2025-11-07 14:41:39 | WARNING | config_logger.py:43 | [TO_DO]  Application started with mode: debug
2025-11-07 14:41:41 | DEBUG | main_menu.py:63 | [TO_DO]  Init MainMenu
2025-11-07 14:41:49 | INFO | base.py:616 | [TO_DO]  Base: Leaving application in progress...
2025-11-07 14:43:57 | WARNING | config_logger.py:43 | [TO_DO]  Application started with mode: debug
2025-11-07 14:43:59 | DEBUG | main_menu.py:63 | [TO_DO]  Init MainMenu
2025-11-07 14:44:08 | INFO | base.py:616 | [TO_DO]  Base: Leaving application in progress...
2025-11-07 14:44:19 | WARNING | config_logger.py:43 | [TO_DO]  Application started with mode: debug
2025-11-07 14:44:21 | DEBUG | main_menu.py:63 | [TO_DO]  Init MainMenu
2025-11-07 14:44:29 | INFO | base.py:616 | [TO_DO]  Base: Leaving application in progress...
2025-11-07 14:45:14 | WARNING | config_logger.py:43 | [TO_DO]  Application started with mode: debug
2025-11-07 14:45:16 | DEBUG | main_menu.py:63 | [TO_DO]  Init MainMenu
2025-11-07 14:45:30 | DEBUG | setting.py:40 | [TO_DO]  load settings screen
2025-11-07 14:45:36 | DEBUG | main_menu.py:63 | [TO_DO]  Init MainMenu
2025-11-07 14:45:38 | DEBUG | setting.py:40 | [TO_DO]  load settings screen
2025-11-07 14:45:41 | DEBUG | main_menu.py:63 | [TO_DO]  Init MainMenu
2025-11-07 14:45:44 | DEBUG | setting.py:40 | [TO_DO]  load settings screen
2025-11-07 14:45:47 | DEBUG | setting.py:70 | [TO_DO]  Change Theme on - dark
2025-11-07 14:45:57 | DEBUG | main_menu.py:63 | [TO_DO]  Init MainMenu
2025-11-07 14:46:04 | INFO | base.py:616 | [TO_DO]  Base: Leaving application in progress...
2025-11-07 14:46:26 | WARNING | config_logger.py:43 | [TO_DO]  Application started with mode: debug
2025-11-07 14:46:28 | DEBUG | main_menu.py:63 | [TO_DO]  Init MainMenu
2025-11-07 14:46:39 | INFO | base.py:616 | [TO_DO]  Base: Leaving application in progress...
2025-11-07 14:46:46 | WARNING | config_logger.py:43 | [TO_DO]  Application started with mode: debug
2025-11-07 14:46:48 | DEBUG | main_menu.py:63 | [TO_DO]  Init MainMenu
2025-11-07 14:46:52 | INFO | base.py:616 | [TO_DO]  Base: Leaving application in progress...
2025-11-07 14:47:06 | WARNING | config_logger.py:43 | [TO_DO]  Application started with mode: debug
2025-11-07 14:47:08 | DEBUG | main_menu.py:63 | [TO_DO]  Init MainMenu
2025-11-07 14:47:13 | INFO | base.py:616 | [TO_DO]  Base: Leaving application in progress...
2025-11-07 14:47:19 | WARNING | config_logger.py:43 | [TO_DO]  Application started with mode: debug
2025-11-07 14:47:22 | DEBUG | main_menu.py:63 | [TO_DO]  Init MainMenu
2025-11-07 14:47:28 | DEBUG | setting.py:40 | [TO_DO]  load settings screen
2025-11-07 14:47:33 | DEBUG | setting.py:70 | [TO_DO]  Change Theme on - light
2025-11-07 14:47:36 | DEBUG | setting.py:70 | [TO_DO]  Change Theme on - dark
2025-11-07 14:47:41 | INFO | base.py:616 | [TO_DO]  Base: Leaving application in progress...
2025-11-07 14:48:04 | WARNING | config_logger.py:43 | [TO_DO]  Application started with mode: debug
2025-11-07 14:48:06 | DEBUG | main_menu.py:63 | [TO_DO]  Init MainMenu
2025-11-07 14:48:12 | INFO | base.py:616 | [TO_DO]  Base: Leaving application in progress...
2025-11-07 14:48:25 | WARNING | config_logger.py:43 | [TO_DO]  Application started with mode: debug
2025-11-07 14:48:27 | DEBUG | main_menu.py:63 | [TO_DO]  Init MainMenu
2025-11-07 14:48:34 | DEBUG | setting.py:40 | [TO_DO]  load settings screen
2025-11-07 14:48:37 | DEBUG | setting.py:70 | [TO_DO]  Change Theme on - light
2025-11-07 14:48:45 | DEBUG | main_menu.py:63 | [TO_DO]  Init MainMenu
2025-11-07 14:48:47 | INFO | base.py:616 | [TO_DO]  Base: Leaving application in progress...
2025-11-07 14:48:55 | WARNING | config_logger.py:43 | [TO_DO]  Application started with mode: debug
2025-11-07 14:48:57 | DEBUG | main_menu.py:63 | [TO_DO]  Init MainMenu
2025-11-07 14:49:00 | DEBUG | setting.py:40 | [TO_DO]  load settings screen
2025-11-07 14:49:04 | DEBUG | setting.py:70 | [TO_DO]  Change Theme on - dark
2025-11-07 14:49:14 | INFO | base.py:616 | [TO_DO]  Base: Leaving application in progress...
2025-11-07 14:49:46 | WARNING | config_logger.py:43 | [TO_DO]  Application started with mode: debug
2025-11-07 14:49:49 | DEBUG | main_menu.py:63 | [TO_DO]  Init MainMenu
2025-11-07 14:49:53 | INFO | base.py:616 | [TO_DO]  Base: Leaving application in progress...
2025-11-07 14:50:15 | WARNING | config_logger.py:43 | [TO_DO]  Application started with mode: debug
2025-11-07 14:50:18 | DEBUG | main_menu.py:63 | [TO_DO]  Init MainMenu
2025-11-07 14:50:21 | DEBUG | setting.py:40 | [TO_DO]  load settings screen
2025-11-07 14:50:24 | DEBUG | setting.py:70 | [TO_DO]  Change Theme on - light
2025-11-07 14:50:28 | INFO | base.py:616 | [TO_DO]  Base: Leaving application in progress...
2025-11-07 14:50:40 | WARNING | config_logger.py:43 | [TO_DO]  Application started with mode: debug
2025-11-07 14:50:42 | DEBUG | main_menu.py:63 | [TO_DO]  Init MainMenu
2025-11-07 14:50:46 | DEBUG | setting.py:40 | [TO_DO]  load settings screen
2025-11-07 14:50:50 | DEBUG | setting.py:70 | [TO_DO]  Change Theme on - dark
2025-11-07 14:50:57 | DEBUG | main_menu.py:63 | [TO_DO]  Init MainMenu
2025-11-07 14:51:00 | DEBUG | setting.py:40 | [TO_DO]  load settings screen
2025-11-07 14:51:03 | DEBUG | setting.py:70 | [TO_DO]  Change Theme on - light
2025-11-07 14:51:13 | DEBUG | main_menu.py:63 | [TO_DO]  Init MainMenu
2025-11-07 14:51:16 | DEBUG | setting.py:40 | [TO_DO]  load settings screen
2025-11-07 14:51:20 | DEBUG | setting.py:57 | [TO_DO]  Change language on - ru
2025-11-07 14:51:24 | INFO | base.py:616 | [TO_DO]  Base: Leaving application in progress...
2025-11-07 14:52:23 | WARNING | config_logger.py:43 | [TO_DO]  Application started with mode: debug
2025-11-07 14:52:25 | DEBUG | main_menu.py:63 | [TO_DO]  Init MainMenu
2025-11-07 14:52:31 | INFO | base.py:616 | [TO_DO]  Base: Leaving application in progress...
2025-11-07 14:53:25 | WARNING | config_logger.py:43 | [TO_DO]  Application started with mode: debug
2025-11-07 14:53:27 | DEBUG | main_menu.py:63 | [TO_DO]  Init MainMenu
2025-11-07 14:53:39 | DEBUG | setting.py:40 | [TO_DO]  load settings screen
2025-11-07 14:53:42 | DEBUG | setting.py:70 | [TO_DO]  Change Theme on - dark
2025-11-07 14:53:46 | DEBUG | setting.py:70 | [TO_DO]  Change Theme on - light
2025-11-07 14:53:48 | INFO | base.py:616 | [TO_DO]  Base: Leaving application in progress...
2025-11-07 14:54:03 | WARNING | config_logger.py:43 | [TO_DO]  Application started with mode: debug
2025-11-07 14:54:05 | DEBUG | main_menu.py:63 | [TO_DO]  Init MainMenu
2025-11-07 14:54:10 | DEBUG | setting.py:40 | [TO_DO]  load settings screen
2025-11-07 14:54:13 | DEBUG | setting.py:70 | [TO_DO]  Change Theme on - dark
2025-11-07 14:54:20 | DEBUG | setting.py:70 | [TO_DO]  Change Theme on - light
2025-11-07 14:54:23 | INFO | base.py:616 | [TO_DO]  Base: Leaving application in progress...
2025-11-07 14:54:31 | WARNING | config_logger.py:43 | [TO_DO]  Application started with mode: debug
2025-11-07 14:54:33 | DEBUG | main_menu.py:63 | [TO_DO]  Init MainMenu
2025-11-07 14:54:38 | DEBUG | setting.py:40 | [TO_DO]  load settings screen
2025-11-07 14:54:40 | DEBUG | setting.py:70 | [TO_DO]  Change Theme on - dark
2025-11-07 14:54:50 | INFO | base.py:616 | [TO_DO]  Base: Leaving application in progress...
2025-11-07 14:55:04 | WARNING | config_logger.py:43 | [TO_DO]  Application started with mode: debug
2025-11-07 14:55:07 | DEBUG | main_menu.py:63 | [TO_DO]  Init MainMenu
2025-11-07 14:55:10 | INFO | base.py:616 | [TO_DO]  Base: Leaving application in progress...
2025-11-07 14:55:20 | WARNING | config_logger.py:43 | [TO_DO]  Application started with mode: debug
2025-11-07 14:55:23 | DEBUG | main_menu.py:63 | [TO_DO]  Init MainMenu
2025-11-07 14:55:30 | DEBUG | setting.py:40 | [TO_DO]  load settings screen
2025-11-07 14:55:34 | DEBUG | setting.py:70 | [TO_DO]  Change Theme on - light
2025-11-07 14:55:42 | INFO | base.py:616 | [TO_DO]  Base: Leaving application in progress...
2025-11-07 14:55:48 | WARNING | config_logger.py:43 | [TO_DO]  Application started with mode: debug
2025-11-07 14:55:51 | DEBUG | main_menu.py:63 | [TO_DO]  Init MainMenu
2025-11-07 14:55:56 | DEBUG | setting.py:40 | [TO_DO]  load settings screen
2025-11-07 14:55:59 | DEBUG | setting.py:70 | [TO_DO]  Change Theme on - dark
2025-11-07 14:56:04 | DEBUG | main_menu.py:63 | [TO_DO]  Init MainMenu
2025-11-07 14:56:08 | INFO | base.py:616 | [TO_DO]  Base: Leaving application in progress...
2025-11-07 14:56:38 | WARNING | config_logger.py:43 | [TO_DO]  Application started with mode: debug
2025-11-07 14:56:40 | DEBUG | main_menu.py:63 | [TO_DO]  Init MainMenu
2025-11-07 14:56:44 | DEBUG | setting.py:40 | [TO_DO]  load settings screen
2025-11-07 14:56:47 | DEBUG | setting.py:70 | [TO_DO]  Change Theme on - light
2025-11-07 14:56:49 | INFO | base.py:616 | [TO_DO]  Base: Leaving application in progress...
2025-11-07 15:00:42 | WARNING | config_logger.py:43 | [TO_DO]  Application started with mode: debug
2025-11-07 15:00:45 | DEBUG | main_menu.py:63 | [TO_DO]  Init MainMenu
2025-11-07 15:00:47 | DEBUG | setting.py:40 | [TO_DO]  load settings screen
2025-11-07 15:00:53 | DEBUG | setting.py:57 | [TO_DO]  Change language on - en
2025-11-07 15:01:02 | DEBUG | main_menu.py:63 | [TO_DO]  Init MainMenu
2025-11-07 15:01:05 | DEBUG | setting.py:40 | [TO_DO]  load settings screen
2025-11-07 15:01:08 | DEBUG | setting.py:70 | [TO_DO]  Change Theme on - dark
2025-11-07 15:01:12 | DEBUG | setting.py:57 | [TO_DO]  Change language on - ru
2025-11-07 15:01:21 | DEBUG | setting.py:70 | [TO_DO]  Change Theme on - dark
2025-11-07 15:01:26 | INFO | base.py:616 | [TO_DO]  Base: Leaving application in progress...
2025-11-07 15:51:10 | WARNING | config_logger.py:43 | [TO_DO]  Application started with mode: debug
2025-11-07 15:51:12 | DEBUG | main_menu.py:63 | [TO_DO]  Init MainMenu
2025-11-07 15:51:17 | DEBUG | setting.py:40 | [TO_DO]  load settings screen
2025-11-07 15:51:20 | DEBUG | setting.py:70 | [TO_DO]  Change Theme on - light
2025-11-07 15:51:23 | INFO | base.py:616 | [TO_DO]  Base: Leaving application in progress...
2025-11-07 15:52:29 | WARNING | config_logger.py:43 | [TO_DO]  Application started with mode: debug
2025-11-07 15:52:31 | DEBUG | main_menu.py:63 | [TO_DO]  Init MainMenu
2025-11-07 15:52:36 | DEBUG | setting.py:40 | [TO_DO]  load settings screen
2025-11-07 15:52:39 | INFO | base.py:616 | [TO_DO]  Base: Leaving application in progress...
2025-11-07 15:54:30 | WARNING | config_logger.py:43 | [TO_DO]  Application started with mode: debug
2025-11-07 15:54:33 | DEBUG | main_menu.py:63 | [TO_DO]  Init MainMenu
2025-11-07 15:54:35 | DEBUG | setting.py:40 | [TO_DO]  load settings screen
2025-11-07 15:54:40 | DEBUG | setting.py:57 | [TO_DO]  Change language on - en
2025-11-07 15:54:43 | DEBUG | setting.py:57 | [TO_DO]  Change language on - ru
2025-11-07 15:54:46 | DEBUG | setting.py:70 | [TO_DO]  Change Theme on - dark
2025-11-07 15:54:49 | DEBUG | setting.py:70 | [TO_DO]  Change Theme on - light
2025-11-07 15:54:52 | DEBUG | main_menu.py:63 | [TO_DO]  Init MainMenu
2025-11-07 15:54:55 | DEBUG | main_menu.py:102 | [TO_DO]  Open confirmation popup
2025-11-07 15:54:56 | INFO | base.py:616 | [TO_DO]  Base: Leaving application in progress...
2025-11-07 15:58:10 | WARNING | config_logger.py:43 | [TO_DO]  Application started with mode: debug
2025-11-07 15:58:12 | INFO | base.py:616 | [TO_DO]  Base: Leaving application in progress...
2025-11-07 15:58:12 | WARNING | logger.py:390 | [TO_DO]  stderr: Traceback (most recent call last):
2025-11-07 15:58:12 | WARNING | logger.py:390 | [TO_DO]  stderr:   File "D:\Python\TO_DO_Kivy\.venv\Lib\site-packages\kivy\lang\builder.py", line 245, in create_handler
2025-11-07 15:58:12 | WARNING | logger.py:390 | [TO_DO]  stderr:     return eval(value, idmap), bound_list
2025-11-07 15:58:12 | WARNING | logger.py:390 | [TO_DO]  stderr:            ~~~~^^^^^^^^^^^^^^
2025-11-07 15:58:12 | WARNING | logger.py:390 | [TO_DO]  stderr:   File "D:\Python\TO_DO_Kivy\kv\screens\settings.kv", line 43, in <module>
2025-11-07 15:58:12 | WARNING | logger.py:390 | [TO_DO]  stderr:     text: root.text_theme
2025-11-07 15:58:12 | WARNING | logger.py:390 | [TO_DO]  stderr:     ^^^
2025-11-07 15:58:12 | WARNING | logger.py:390 | [TO_DO]  stderr:   File "kivy\\weakproxy.pyx", line 32, in kivy.weakproxy.WeakProxy.__getattr__
2025-11-07 15:58:12 | WARNING | logger.py:390 | [TO_DO]  stderr: AttributeError: 'SettingsScreen' object has no attribute 'text_theme'. Did you mean: 'text_title'?
2025-11-07 15:58:12 | WARNING | logger.py:390 | [TO_DO]  stderr: 
2025-11-07 15:58:12 | WARNING | logger.py:390 | [TO_DO]  stderr: During handling of the above exception, another exception occurred:
2025-11-07 15:58:12 | WARNING | logger.py:390 | [TO_DO]  stderr: 
2025-11-07 15:58:12 | WARNING | logger.py:390 | [TO_DO]  stderr: Traceback (most recent call last):
2025-11-07 15:58:12 | WARNING | logger.py:390 | [TO_DO]  stderr:   File "D:\Python\TO_DO_Kivy\.venv\Lib\site-packages\kivy\lang\builder.py", line 699, in _apply_rule
2025-11-07 15:58:12 | WARNING | logger.py:390 | [TO_DO]  stderr:     value, bound = create_handler(
2025-11-07 15:58:12 | WARNING | logger.py:390 | [TO_DO]  stderr:                    ~~~~~~~~~~~~~~^
2025-11-07 15:58:12 | WARNING | logger.py:390 | [TO_DO]  stderr:         widget_set, widget_set, key, value, rule,
2025-11-07 15:58:12 | WARNING | logger.py:390 | [TO_DO]  stderr:         ^^^^^^^^^^^^^^^^^^^^^^^^^^^^^^^^^^^^^^^^^
2025-11-07 15:58:12 | WARNING | logger.py:390 | [TO_DO]  stderr:         rctx['ids'])
2025-11-07 15:58:12 | WARNING | logger.py:390 | [TO_DO]  stderr:         ^^^^^^^^^^^^
2025-11-07 15:58:12 | WARNING | logger.py:390 | [TO_DO]  stderr:   File "D:\Python\TO_DO_Kivy\.venv\Lib\site-packages\kivy\lang\builder.py", line 248, in create_handler
2025-11-07 15:58:12 | WARNING | logger.py:390 | [TO_DO]  stderr:     raise BuilderException(rule.ctx, rule.line,
2025-11-07 15:58:12 | WARNING | logger.py:390 | [TO_DO]  stderr:                            '{}: {}'.format(e.__class__.__name__, e),
2025-11-07 15:58:12 | WARNING | logger.py:390 | [TO_DO]  stderr:                            cause=tb)
2025-11-07 15:58:12 | WARNING | logger.py:390 | [TO_DO]  stderr: kivy.lang.builder.BuilderException: Parser: File "D:\Python\TO_DO_Kivy\kv\screens\settings.kv", line 43:
2025-11-07 15:58:12 | WARNING | logger.py:390 | [TO_DO]  stderr: ...
2025-11-07 15:58:12 | WARNING | logger.py:390 | [TO_DO]  stderr:      41:            size_hint_y: None
2025-11-07 15:58:12 | WARNING | logger.py:390 | [TO_DO]  stderr:      42:            height: root.height_base
2025-11-07 15:58:12 | WARNING | logger.py:390 | [TO_DO]  stderr: >>   43:            text: root.text_theme
2025-11-07 15:58:12 | WARNING | logger.py:390 | [TO_DO]  stderr:      44:            on_release:
2025-11-07 15:58:12 | WARNING | logger.py:390 | [TO_DO]  stderr:      45:                (hasattr(self, "dropdown_theme") or setattr(self, "dropdown_theme", Factory.DrDownTheme()))
2025-11-07 15:58:12 | WARNING | logger.py:390 | [TO_DO]  stderr: ...
2025-11-07 15:58:12 | WARNING | logger.py:390 | [TO_DO]  stderr: AttributeError: 'SettingsScreen' object has no attribute 'text_theme'
2025-11-07 15:58:12 | WARNING | logger.py:390 | [TO_DO]  stderr:   File "D:\Python\TO_DO_Kivy\.venv\Lib\site-packages\kivy\lang\builder.py", line 245, in create_handler
2025-11-07 15:58:12 | WARNING | logger.py:390 | [TO_DO]  stderr:     return eval(value, idmap), bound_list
2025-11-07 15:58:12 | WARNING | logger.py:390 | [TO_DO]  stderr:            ~~~~^^^^^^^^^^^^^^
2025-11-07 15:58:12 | WARNING | logger.py:390 | [TO_DO]  stderr:   File "D:\Python\TO_DO_Kivy\kv\screens\settings.kv", line 43, in <module>
2025-11-07 15:58:12 | WARNING | logger.py:390 | [TO_DO]  stderr:     text: root.text_theme
2025-11-07 15:58:12 | WARNING | logger.py:390 | [TO_DO]  stderr:     ^^^
2025-11-07 15:58:12 | WARNING | logger.py:390 | [TO_DO]  stderr:   File "kivy\\weakproxy.pyx", line 32, in kivy.weakproxy.WeakProxy.__getattr__
2025-11-07 15:58:12 | WARNING | logger.py:390 | [TO_DO]  stderr: 
2025-11-07 15:58:12 | WARNING | logger.py:390 | [TO_DO]  stderr: 
2025-11-07 15:58:12 | WARNING | logger.py:390 | [TO_DO]  stderr: During handling of the above exception, another exception occurred:
2025-11-07 15:58:12 | WARNING | logger.py:390 | [TO_DO]  stderr: 
2025-11-07 15:58:12 | WARNING | logger.py:390 | [TO_DO]  stderr: Traceback (most recent call last):
2025-11-07 15:58:12 | WARNING | logger.py:390 | [TO_DO]  stderr:   File "D:\Python\TO_DO_Kivy\main.py", line 69, in <module>
2025-11-07 15:58:12 | WARNING | logger.py:390 | [TO_DO]  stderr:     TO_DOApp().run()
2025-11-07 15:58:12 | WARNING | logger.py:390 | [TO_DO]  stderr:     ~~~~~~~~~~~~~~^^
2025-11-07 15:58:12 | WARNING | logger.py:390 | [TO_DO]  stderr:   File "D:\Python\TO_DO_Kivy\.venv\Lib\site-packages\kivy\app.py", line 956, in run
2025-11-07 15:58:12 | WARNING | logger.py:390 | [TO_DO]  stderr:     runTouchApp()
2025-11-07 15:58:12 | WARNING | logger.py:390 | [TO_DO]  stderr:     ~~~~~~~~~~~^^
2025-11-07 15:58:12 | WARNING | logger.py:390 | [TO_DO]  stderr:   File "D:\Python\TO_DO_Kivy\.venv\Lib\site-packages\kivy\base.py", line 574, in runTouchApp
2025-11-07 15:58:12 | WARNING | logger.py:390 | [TO_DO]  stderr:     EventLoop.mainloop()
2025-11-07 15:58:12 | WARNING | logger.py:390 | [TO_DO]  stderr:     ~~~~~~~~~~~~~~~~~~^^
2025-11-07 15:58:12 | WARNING | logger.py:390 | [TO_DO]  stderr:   File "D:\Python\TO_DO_Kivy\.venv\Lib\site-packages\kivy\base.py", line 339, in mainloop
2025-11-07 15:58:12 | WARNING | logger.py:390 | [TO_DO]  stderr:     self.idle()
2025-11-07 15:58:12 | WARNING | logger.py:390 | [TO_DO]  stderr:     ~~~~~~~~~^^
2025-11-07 15:58:12 | WARNING | logger.py:390 | [TO_DO]  stderr:   File "D:\Python\TO_DO_Kivy\.venv\Lib\site-packages\kivy\base.py", line 379, in idle
2025-11-07 15:58:12 | WARNING | logger.py:390 | [TO_DO]  stderr:     Clock.tick()
2025-11-07 15:58:12 | WARNING | logger.py:390 | [TO_DO]  stderr:     ~~~~~~~~~~^^
2025-11-07 15:58:12 | WARNING | logger.py:390 | [TO_DO]  stderr:   File "D:\Python\TO_DO_Kivy\.venv\Lib\site-packages\kivy\clock.py", line 733, in tick
2025-11-07 15:58:12 | WARNING | logger.py:390 | [TO_DO]  stderr:     self.post_idle(ts, self.idle())
2025-11-07 15:58:12 | WARNING | logger.py:390 | [TO_DO]  stderr:     ~~~~~~~~~~~~~~^^^^^^^^^^^^^^^^^
2025-11-07 15:58:12 | WARNING | logger.py:390 | [TO_DO]  stderr:   File "D:\Python\TO_DO_Kivy\.venv\Lib\site-packages\kivy\clock.py", line 776, in post_idle
2025-11-07 15:58:12 | WARNING | logger.py:390 | [TO_DO]  stderr:     self._process_events()
2025-11-07 15:58:12 | WARNING | logger.py:390 | [TO_DO]  stderr:     ~~~~~~~~~~~~~~~~~~~~^^
2025-11-07 15:58:12 | WARNING | logger.py:390 | [TO_DO]  stderr:   File "kivy\\_clock.pyx", line 620, in kivy._clock.CyClockBase._process_events
2025-11-07 15:58:12 | WARNING | logger.py:390 | [TO_DO]  stderr:   File "kivy\\_clock.pyx", line 653, in kivy._clock.CyClockBase._process_events
2025-11-07 15:58:12 | WARNING | logger.py:390 | [TO_DO]  stderr:   File "kivy\\_clock.pyx", line 649, in kivy._clock.CyClockBase._process_events
2025-11-07 15:58:12 | WARNING | logger.py:390 | [TO_DO]  stderr:   File "kivy\\_clock.pyx", line 218, in kivy._clock.ClockEvent.tick
2025-11-07 15:58:12 | WARNING | logger.py:390 | [TO_DO]  stderr:   File "D:\Python\TO_DO_Kivy\screens\splash.py", line 98, in <lambda>
2025-11-07 15:58:12 | WARNING | logger.py:390 | [TO_DO]  stderr:     Clock.schedule_once(lambda *_: self.app.load_screens(),0.8)
2025-11-07 15:58:12 | WARNING | logger.py:390 | [TO_DO]  stderr:                                    ~~~~~~~~~~~~~~~~~~~~~^^
2025-11-07 15:58:12 | WARNING | logger.py:390 | [TO_DO]  stderr:   File "D:\Python\TO_DO_Kivy\main.py", line 65, in load_screens
2025-11-07 15:58:12 | WARNING | logger.py:390 | [TO_DO]  stderr:     self.root.add_widget(self.settings())
2025-11-07 15:58:12 | WARNING | logger.py:390 | [TO_DO]  stderr:                          ~~~~~~~~~~~~~^^
2025-11-07 15:58:12 | WARNING | logger.py:390 | [TO_DO]  stderr:   File "D:\Python\TO_DO_Kivy\.venv\Lib\site-packages\kivy\uix\boxlayout.py", line 145, in __init__
2025-11-07 15:58:12 | WARNING | logger.py:390 | [TO_DO]  stderr:     super(BoxLayout, self).__init__(**kwargs)
2025-11-07 15:58:12 | WARNING | logger.py:390 | [TO_DO]  stderr:     ~~~~~~~~~~~~~~~~~~~~~~~~~~~~~~~^^^^^^^^^^
2025-11-07 15:58:12 | WARNING | logger.py:390 | [TO_DO]  stderr:   File "D:\Python\TO_DO_Kivy\.venv\Lib\site-packages\kivy\uix\relativelayout.py", line 274, in __init__
2025-11-07 15:58:12 | WARNING | logger.py:390 | [TO_DO]  stderr:     super(RelativeLayout, self).__init__(**kw)
2025-11-07 15:58:12 | WARNING | logger.py:390 | [TO_DO]  stderr:     ~~~~~~~~~~~~~~~~~~~~~~~~~~~~~~~~~~~~^^^^^^
2025-11-07 15:58:12 | WARNING | logger.py:390 | [TO_DO]  stderr:   File "D:\Python\TO_DO_Kivy\.venv\Lib\site-packages\kivy\uix\floatlayout.py", line 65, in __init__
2025-11-07 15:58:12 | WARNING | logger.py:390 | [TO_DO]  stderr:     super(FloatLayout, self).__init__(**kwargs)
2025-11-07 15:58:12 | WARNING | logger.py:390 | [TO_DO]  stderr:     ~~~~~~~~~~~~~~~~~~~~~~~~~~~~~~~~~^^^^^^^^^^
2025-11-07 15:58:12 | WARNING | logger.py:390 | [TO_DO]  stderr:   File "D:\Python\TO_DO_Kivy\.venv\Lib\site-packages\kivy\uix\layout.py", line 76, in __init__
2025-11-07 15:58:12 | WARNING | logger.py:390 | [TO_DO]  stderr:     super(Layout, self).__init__(**kwargs)
2025-11-07 15:58:12 | WARNING | logger.py:390 | [TO_DO]  stderr:     ~~~~~~~~~~~~~~~~~~~~~~~~~~~~^^^^^^^^^^
2025-11-07 15:58:12 | WARNING | logger.py:390 | [TO_DO]  stderr:   File "D:\Python\TO_DO_Kivy\.venv\Lib\site-packages\kivy\uix\widget.py", line 366, in __init__
2025-11-07 15:58:12 | WARNING | logger.py:390 | [TO_DO]  stderr:     self.apply_class_lang_rules(
2025-11-07 15:58:12 | WARNING | logger.py:390 | [TO_DO]  stderr:     ~~~~~~~~~~~~~~~~~~~~~~~~~~~^
2025-11-07 15:58:12 | WARNING | logger.py:390 | [TO_DO]  stderr:         ignored_consts=self._kwargs_applied_init,
2025-11-07 15:58:12 | WARNING | logger.py:390 | [TO_DO]  stderr:         ^^^^^^^^^^^^^^^^^^^^^^^^^^^^^^^^^^^^^^^^^
2025-11-07 15:58:12 | WARNING | logger.py:390 | [TO_DO]  stderr:         rule_children=rule_children)
2025-11-07 15:58:12 | WARNING | logger.py:390 | [TO_DO]  stderr:         ^^^^^^^^^^^^^^^^^^^^^^^^^^^^
2025-11-07 15:58:12 | WARNING | logger.py:390 | [TO_DO]  stderr:   File "D:\Python\TO_DO_Kivy\.venv\Lib\site-packages\kivy\uix\widget.py", line 470, in apply_class_lang_rules
2025-11-07 15:58:12 | WARNING | logger.py:390 | [TO_DO]  stderr:     Builder.apply(
2025-11-07 15:58:12 | WARNING | logger.py:390 | [TO_DO]  stderr:     ~~~~~~~~~~~~~^
2025-11-07 15:58:12 | WARNING | logger.py:390 | [TO_DO]  stderr:         self, ignored_consts=ignored_consts,
2025-11-07 15:58:12 | WARNING | logger.py:390 | [TO_DO]  stderr:         ^^^^^^^^^^^^^^^^^^^^^^^^^^^^^^^^^^^^
2025-11-07 15:58:12 | WARNING | logger.py:390 | [TO_DO]  stderr:         rule_children=rule_children)
2025-11-07 15:58:12 | WARNING | logger.py:390 | [TO_DO]  stderr:         ^^^^^^^^^^^^^^^^^^^^^^^^^^^^
2025-11-07 15:58:12 | WARNING | logger.py:390 | [TO_DO]  stderr:   File "D:\Python\TO_DO_Kivy\.venv\Lib\site-packages\kivy\lang\builder.py", line 545, in apply
2025-11-07 15:58:12 | WARNING | logger.py:390 | [TO_DO]  stderr:     self._apply_rule(
2025-11-07 15:58:12 | WARNING | logger.py:390 | [TO_DO]  stderr:     ~~~~~~~~~~~~~~~~^
2025-11-07 15:58:12 | WARNING | logger.py:390 | [TO_DO]  stderr:         widget, rule, rule, ignored_consts=ignored_consts,
2025-11-07 15:58:12 | WARNING | logger.py:390 | [TO_DO]  stderr:         ^^^^^^^^^^^^^^^^^^^^^^^^^^^^^^^^^^^^^^^^^^^^^^^^^^
2025-11-07 15:58:12 | WARNING | logger.py:390 | [TO_DO]  stderr:         rule_children=rule_children)
2025-11-07 15:58:12 | WARNING | logger.py:390 | [TO_DO]  stderr:         ^^^^^^^^^^^^^^^^^^^^^^^^^^^^
2025-11-07 15:58:12 | WARNING | logger.py:390 | [TO_DO]  stderr:   File "D:\Python\TO_DO_Kivy\.venv\Lib\site-packages\kivy\lang\builder.py", line 714, in _apply_rule
2025-11-07 15:58:12 | WARNING | logger.py:390 | [TO_DO]  stderr:     raise BuilderException(rule.ctx, rule.line,
2025-11-07 15:58:12 | WARNING | logger.py:390 | [TO_DO]  stderr:                            '{}: {}'.format(e.__class__.__name__,
2025-11-07 15:58:12 | WARNING | logger.py:390 | [TO_DO]  stderr:                                            e), cause=tb)
2025-11-07 15:58:12 | WARNING | logger.py:390 | [TO_DO]  stderr: kivy.lang.builder.BuilderException: Parser: File "D:\Python\TO_DO_Kivy\kv\screens\settings.kv", line 43:
2025-11-07 15:58:12 | WARNING | logger.py:390 | [TO_DO]  stderr: ...
2025-11-07 15:58:12 | WARNING | logger.py:390 | [TO_DO]  stderr:      41:            size_hint_y: None
2025-11-07 15:58:12 | WARNING | logger.py:390 | [TO_DO]  stderr:      42:            height: root.height_base
2025-11-07 15:58:12 | WARNING | logger.py:390 | [TO_DO]  stderr: >>   43:            text: root.text_theme
2025-11-07 15:58:12 | WARNING | logger.py:390 | [TO_DO]  stderr:      44:            on_release:
2025-11-07 15:58:12 | WARNING | logger.py:390 | [TO_DO]  stderr:      45:                (hasattr(self, "dropdown_theme") or setattr(self, "dropdown_theme", Factory.DrDownTheme()))
2025-11-07 15:58:12 | WARNING | logger.py:390 | [TO_DO]  stderr: ...
2025-11-07 15:58:12 | WARNING | logger.py:390 | [TO_DO]  stderr: BuilderException: Parser: File "D:\Python\TO_DO_Kivy\kv\screens\settings.kv", line 43:
2025-11-07 15:58:12 | WARNING | logger.py:390 | [TO_DO]  stderr: ...
2025-11-07 15:58:12 | WARNING | logger.py:390 | [TO_DO]  stderr:      41:            size_hint_y: None
2025-11-07 15:58:12 | WARNING | logger.py:390 | [TO_DO]  stderr:      42:            height: root.height_base
2025-11-07 15:58:12 | WARNING | logger.py:390 | [TO_DO]  stderr: >>   43:            text: root.text_theme
2025-11-07 15:58:12 | WARNING | logger.py:390 | [TO_DO]  stderr:      44:            on_release:
2025-11-07 15:58:12 | WARNING | logger.py:390 | [TO_DO]  stderr:      45:                (hasattr(self, "dropdown_theme") or setattr(self, "dropdown_theme", Factory.DrDownTheme()))
2025-11-07 15:58:12 | WARNING | logger.py:390 | [TO_DO]  stderr: ...
2025-11-07 15:58:12 | WARNING | logger.py:390 | [TO_DO]  stderr: AttributeError: 'SettingsScreen' object has no attribute 'text_theme'
2025-11-07 15:58:12 | WARNING | logger.py:390 | [TO_DO]  stderr:   File "D:\Python\TO_DO_Kivy\.venv\Lib\site-packages\kivy\lang\builder.py", line 245, in create_handler
2025-11-07 15:58:12 | WARNING | logger.py:390 | [TO_DO]  stderr:     return eval(value, idmap), bound_list
2025-11-07 15:58:12 | WARNING | logger.py:390 | [TO_DO]  stderr:            ~~~~^^^^^^^^^^^^^^
2025-11-07 15:58:12 | WARNING | logger.py:390 | [TO_DO]  stderr:   File "D:\Python\TO_DO_Kivy\kv\screens\settings.kv", line 43, in <module>
2025-11-07 15:58:12 | WARNING | logger.py:390 | [TO_DO]  stderr:     text: root.text_theme
2025-11-07 15:58:12 | WARNING | logger.py:390 | [TO_DO]  stderr:     ^^^
2025-11-07 15:58:12 | WARNING | logger.py:390 | [TO_DO]  stderr:   File "kivy\\weakproxy.pyx", line 32, in kivy.weakproxy.WeakProxy.__getattr__
2025-11-07 15:58:12 | WARNING | logger.py:390 | [TO_DO]  stderr: 
2025-11-07 15:58:12 | WARNING | logger.py:390 | [TO_DO]  stderr:   File "D:\Python\TO_DO_Kivy\.venv\Lib\site-packages\kivy\lang\builder.py", line 699, in _apply_rule
2025-11-07 15:58:12 | WARNING | logger.py:390 | [TO_DO]  stderr:     value, bound = create_handler(
2025-11-07 15:58:12 | WARNING | logger.py:390 | [TO_DO]  stderr:                    ~~~~~~~~~~~~~~^
2025-11-07 15:58:12 | WARNING | logger.py:390 | [TO_DO]  stderr:         widget_set, widget_set, key, value, rule,
2025-11-07 15:58:12 | WARNING | logger.py:390 | [TO_DO]  stderr:         ^^^^^^^^^^^^^^^^^^^^^^^^^^^^^^^^^^^^^^^^^
2025-11-07 15:58:12 | WARNING | logger.py:390 | [TO_DO]  stderr:         rctx['ids'])
2025-11-07 15:58:12 | WARNING | logger.py:390 | [TO_DO]  stderr:         ^^^^^^^^^^^^
2025-11-07 15:58:12 | WARNING | logger.py:390 | [TO_DO]  stderr:   File "D:\Python\TO_DO_Kivy\.venv\Lib\site-packages\kivy\lang\builder.py", line 248, in create_handler
2025-11-07 15:58:12 | WARNING | logger.py:390 | [TO_DO]  stderr:     raise BuilderException(rule.ctx, rule.line,
2025-11-07 15:58:12 | WARNING | logger.py:390 | [TO_DO]  stderr:                            '{}: {}'.format(e.__class__.__name__, e),
2025-11-07 15:58:12 | WARNING | logger.py:390 | [TO_DO]  stderr:                            cause=tb)
2025-11-07 15:58:12 | WARNING | logger.py:390 | [TO_DO]  stderr: 
2025-11-07 15:59:00 | WARNING | config_logger.py:43 | [TO_DO]  Application started with mode: debug
2025-11-07 15:59:02 | INFO | base.py:616 | [TO_DO]  Base: Leaving application in progress...
2025-11-07 15:59:02 | WARNING | logger.py:390 | [TO_DO]  stderr: Traceback (most recent call last):
2025-11-07 15:59:02 | WARNING | logger.py:390 | [TO_DO]  stderr:   File "D:\Python\TO_DO_Kivy\.venv\Lib\site-packages\kivy\lang\builder.py", line 245, in create_handler
2025-11-07 15:59:02 | WARNING | logger.py:390 | [TO_DO]  stderr:     return eval(value, idmap), bound_list
2025-11-07 15:59:02 | WARNING | logger.py:390 | [TO_DO]  stderr:            ~~~~^^^^^^^^^^^^^^
2025-11-07 15:59:02 | WARNING | logger.py:390 | [TO_DO]  stderr:   File "D:\Python\TO_DO_Kivy\kv\screens\settings.kv", line 43, in <module>
2025-11-07 15:59:02 | WARNING | logger.py:390 | [TO_DO]  stderr:     text: root.text_theme
2025-11-07 15:59:02 | WARNING | logger.py:390 | [TO_DO]  stderr:     ^^^
2025-11-07 15:59:02 | WARNING | logger.py:390 | [TO_DO]  stderr:   File "kivy\\weakproxy.pyx", line 32, in kivy.weakproxy.WeakProxy.__getattr__
2025-11-07 15:59:02 | WARNING | logger.py:390 | [TO_DO]  stderr: AttributeError: 'SettingsScreen' object has no attribute 'text_theme'. Did you mean: 'text_title'?
2025-11-07 15:59:02 | WARNING | logger.py:390 | [TO_DO]  stderr: 
2025-11-07 15:59:02 | WARNING | logger.py:390 | [TO_DO]  stderr: During handling of the above exception, another exception occurred:
2025-11-07 15:59:02 | WARNING | logger.py:390 | [TO_DO]  stderr: 
2025-11-07 15:59:02 | WARNING | logger.py:390 | [TO_DO]  stderr: Traceback (most recent call last):
2025-11-07 15:59:02 | WARNING | logger.py:390 | [TO_DO]  stderr:   File "D:\Python\TO_DO_Kivy\.venv\Lib\site-packages\kivy\lang\builder.py", line 699, in _apply_rule
2025-11-07 15:59:02 | WARNING | logger.py:390 | [TO_DO]  stderr:     value, bound = create_handler(
2025-11-07 15:59:02 | WARNING | logger.py:390 | [TO_DO]  stderr:                    ~~~~~~~~~~~~~~^
2025-11-07 15:59:02 | WARNING | logger.py:390 | [TO_DO]  stderr:         widget_set, widget_set, key, value, rule,
2025-11-07 15:59:02 | WARNING | logger.py:390 | [TO_DO]  stderr:         ^^^^^^^^^^^^^^^^^^^^^^^^^^^^^^^^^^^^^^^^^
2025-11-07 15:59:02 | WARNING | logger.py:390 | [TO_DO]  stderr:         rctx['ids'])
2025-11-07 15:59:02 | WARNING | logger.py:390 | [TO_DO]  stderr:         ^^^^^^^^^^^^
2025-11-07 15:59:02 | WARNING | logger.py:390 | [TO_DO]  stderr:   File "D:\Python\TO_DO_Kivy\.venv\Lib\site-packages\kivy\lang\builder.py", line 248, in create_handler
2025-11-07 15:59:02 | WARNING | logger.py:390 | [TO_DO]  stderr:     raise BuilderException(rule.ctx, rule.line,
2025-11-07 15:59:02 | WARNING | logger.py:390 | [TO_DO]  stderr:                            '{}: {}'.format(e.__class__.__name__, e),
2025-11-07 15:59:02 | WARNING | logger.py:390 | [TO_DO]  stderr:                            cause=tb)
2025-11-07 15:59:02 | WARNING | logger.py:390 | [TO_DO]  stderr: kivy.lang.builder.BuilderException: Parser: File "D:\Python\TO_DO_Kivy\kv\screens\settings.kv", line 43:
2025-11-07 15:59:02 | WARNING | logger.py:390 | [TO_DO]  stderr: ...
2025-11-07 15:59:02 | WARNING | logger.py:390 | [TO_DO]  stderr:      41:            size_hint_y: None
2025-11-07 15:59:02 | WARNING | logger.py:390 | [TO_DO]  stderr:      42:            height: root.height_base
2025-11-07 15:59:02 | WARNING | logger.py:390 | [TO_DO]  stderr: >>   43:            text: root.text_theme
2025-11-07 15:59:02 | WARNING | logger.py:390 | [TO_DO]  stderr:      44:            on_release:
2025-11-07 15:59:02 | WARNING | logger.py:390 | [TO_DO]  stderr:      45:                (hasattr(self, "dropdown_theme") or setattr(self, "dropdown_theme", Factory.DrDownTheme()))
2025-11-07 15:59:02 | WARNING | logger.py:390 | [TO_DO]  stderr: ...
2025-11-07 15:59:02 | WARNING | logger.py:390 | [TO_DO]  stderr: AttributeError: 'SettingsScreen' object has no attribute 'text_theme'
2025-11-07 15:59:02 | WARNING | logger.py:390 | [TO_DO]  stderr:   File "D:\Python\TO_DO_Kivy\.venv\Lib\site-packages\kivy\lang\builder.py", line 245, in create_handler
2025-11-07 15:59:02 | WARNING | logger.py:390 | [TO_DO]  stderr:     return eval(value, idmap), bound_list
2025-11-07 15:59:02 | WARNING | logger.py:390 | [TO_DO]  stderr:            ~~~~^^^^^^^^^^^^^^
2025-11-07 15:59:02 | WARNING | logger.py:390 | [TO_DO]  stderr:   File "D:\Python\TO_DO_Kivy\kv\screens\settings.kv", line 43, in <module>
2025-11-07 15:59:02 | WARNING | logger.py:390 | [TO_DO]  stderr:     text: root.text_theme
2025-11-07 15:59:02 | WARNING | logger.py:390 | [TO_DO]  stderr:     ^^^
2025-11-07 15:59:02 | WARNING | logger.py:390 | [TO_DO]  stderr:   File "kivy\\weakproxy.pyx", line 32, in kivy.weakproxy.WeakProxy.__getattr__
2025-11-07 15:59:02 | WARNING | logger.py:390 | [TO_DO]  stderr: 
2025-11-07 15:59:02 | WARNING | logger.py:390 | [TO_DO]  stderr: 
2025-11-07 15:59:02 | WARNING | logger.py:390 | [TO_DO]  stderr: During handling of the above exception, another exception occurred:
2025-11-07 15:59:02 | WARNING | logger.py:390 | [TO_DO]  stderr: 
2025-11-07 15:59:02 | WARNING | logger.py:390 | [TO_DO]  stderr: Traceback (most recent call last):
2025-11-07 15:59:02 | WARNING | logger.py:390 | [TO_DO]  stderr:   File "D:\Python\TO_DO_Kivy\main.py", line 69, in <module>
2025-11-07 15:59:02 | WARNING | logger.py:390 | [TO_DO]  stderr:     TO_DOApp().run()
2025-11-07 15:59:02 | WARNING | logger.py:390 | [TO_DO]  stderr:     ~~~~~~~~~~~~~~^^
2025-11-07 15:59:02 | WARNING | logger.py:390 | [TO_DO]  stderr:   File "D:\Python\TO_DO_Kivy\.venv\Lib\site-packages\kivy\app.py", line 956, in run
2025-11-07 15:59:02 | WARNING | logger.py:390 | [TO_DO]  stderr:     runTouchApp()
2025-11-07 15:59:02 | WARNING | logger.py:390 | [TO_DO]  stderr:     ~~~~~~~~~~~^^
2025-11-07 15:59:02 | WARNING | logger.py:390 | [TO_DO]  stderr:   File "D:\Python\TO_DO_Kivy\.venv\Lib\site-packages\kivy\base.py", line 574, in runTouchApp
2025-11-07 15:59:02 | WARNING | logger.py:390 | [TO_DO]  stderr:     EventLoop.mainloop()
2025-11-07 15:59:02 | WARNING | logger.py:390 | [TO_DO]  stderr:     ~~~~~~~~~~~~~~~~~~^^
2025-11-07 15:59:02 | WARNING | logger.py:390 | [TO_DO]  stderr:   File "D:\Python\TO_DO_Kivy\.venv\Lib\site-packages\kivy\base.py", line 339, in mainloop
2025-11-07 15:59:02 | WARNING | logger.py:390 | [TO_DO]  stderr:     self.idle()
2025-11-07 15:59:02 | WARNING | logger.py:390 | [TO_DO]  stderr:     ~~~~~~~~~^^
2025-11-07 15:59:02 | WARNING | logger.py:390 | [TO_DO]  stderr:   File "D:\Python\TO_DO_Kivy\.venv\Lib\site-packages\kivy\base.py", line 379, in idle
2025-11-07 15:59:02 | WARNING | logger.py:390 | [TO_DO]  stderr:     Clock.tick()
2025-11-07 15:59:02 | WARNING | logger.py:390 | [TO_DO]  stderr:     ~~~~~~~~~~^^
2025-11-07 15:59:02 | WARNING | logger.py:390 | [TO_DO]  stderr:   File "D:\Python\TO_DO_Kivy\.venv\Lib\site-packages\kivy\clock.py", line 733, in tick
2025-11-07 15:59:02 | WARNING | logger.py:390 | [TO_DO]  stderr:     self.post_idle(ts, self.idle())
2025-11-07 15:59:02 | WARNING | logger.py:390 | [TO_DO]  stderr:     ~~~~~~~~~~~~~~^^^^^^^^^^^^^^^^^
2025-11-07 15:59:02 | WARNING | logger.py:390 | [TO_DO]  stderr:   File "D:\Python\TO_DO_Kivy\.venv\Lib\site-packages\kivy\clock.py", line 776, in post_idle
2025-11-07 15:59:02 | WARNING | logger.py:390 | [TO_DO]  stderr:     self._process_events()
2025-11-07 15:59:02 | WARNING | logger.py:390 | [TO_DO]  stderr:     ~~~~~~~~~~~~~~~~~~~~^^
2025-11-07 15:59:02 | WARNING | logger.py:390 | [TO_DO]  stderr:   File "kivy\\_clock.pyx", line 620, in kivy._clock.CyClockBase._process_events
2025-11-07 15:59:02 | WARNING | logger.py:390 | [TO_DO]  stderr:   File "kivy\\_clock.pyx", line 653, in kivy._clock.CyClockBase._process_events
2025-11-07 15:59:02 | WARNING | logger.py:390 | [TO_DO]  stderr:   File "kivy\\_clock.pyx", line 649, in kivy._clock.CyClockBase._process_events
2025-11-07 15:59:02 | WARNING | logger.py:390 | [TO_DO]  stderr:   File "kivy\\_clock.pyx", line 218, in kivy._clock.ClockEvent.tick
2025-11-07 15:59:02 | WARNING | logger.py:390 | [TO_DO]  stderr:   File "D:\Python\TO_DO_Kivy\screens\splash.py", line 98, in <lambda>
2025-11-07 15:59:02 | WARNING | logger.py:390 | [TO_DO]  stderr:     Clock.schedule_once(lambda *_: self.app.load_screens(),0.8)
2025-11-07 15:59:02 | WARNING | logger.py:390 | [TO_DO]  stderr:                                    ~~~~~~~~~~~~~~~~~~~~~^^
2025-11-07 15:59:02 | WARNING | logger.py:390 | [TO_DO]  stderr:   File "D:\Python\TO_DO_Kivy\main.py", line 65, in load_screens
2025-11-07 15:59:02 | WARNING | logger.py:390 | [TO_DO]  stderr:     self.root.add_widget(self.settings())
2025-11-07 15:59:02 | WARNING | logger.py:390 | [TO_DO]  stderr:                          ~~~~~~~~~~~~~^^
2025-11-07 15:59:02 | WARNING | logger.py:390 | [TO_DO]  stderr:   File "D:\Python\TO_DO_Kivy\.venv\Lib\site-packages\kivy\uix\boxlayout.py", line 145, in __init__
2025-11-07 15:59:02 | WARNING | logger.py:390 | [TO_DO]  stderr:     super(BoxLayout, self).__init__(**kwargs)
2025-11-07 15:59:02 | WARNING | logger.py:390 | [TO_DO]  stderr:     ~~~~~~~~~~~~~~~~~~~~~~~~~~~~~~~^^^^^^^^^^
2025-11-07 15:59:02 | WARNING | logger.py:390 | [TO_DO]  stderr:   File "D:\Python\TO_DO_Kivy\.venv\Lib\site-packages\kivy\uix\relativelayout.py", line 274, in __init__
2025-11-07 15:59:02 | WARNING | logger.py:390 | [TO_DO]  stderr:     super(RelativeLayout, self).__init__(**kw)
2025-11-07 15:59:02 | WARNING | logger.py:390 | [TO_DO]  stderr:     ~~~~~~~~~~~~~~~~~~~~~~~~~~~~~~~~~~~~^^^^^^
2025-11-07 15:59:02 | WARNING | logger.py:390 | [TO_DO]  stderr:   File "D:\Python\TO_DO_Kivy\.venv\Lib\site-packages\kivy\uix\floatlayout.py", line 65, in __init__
2025-11-07 15:59:02 | WARNING | logger.py:390 | [TO_DO]  stderr:     super(FloatLayout, self).__init__(**kwargs)
2025-11-07 15:59:02 | WARNING | logger.py:390 | [TO_DO]  stderr:     ~~~~~~~~~~~~~~~~~~~~~~~~~~~~~~~~~^^^^^^^^^^
2025-11-07 15:59:02 | WARNING | logger.py:390 | [TO_DO]  stderr:   File "D:\Python\TO_DO_Kivy\.venv\Lib\site-packages\kivy\uix\layout.py", line 76, in __init__
2025-11-07 15:59:02 | WARNING | logger.py:390 | [TO_DO]  stderr:     super(Layout, self).__init__(**kwargs)
2025-11-07 15:59:02 | WARNING | logger.py:390 | [TO_DO]  stderr:     ~~~~~~~~~~~~~~~~~~~~~~~~~~~~^^^^^^^^^^
2025-11-07 15:59:02 | WARNING | logger.py:390 | [TO_DO]  stderr:   File "D:\Python\TO_DO_Kivy\.venv\Lib\site-packages\kivy\uix\widget.py", line 366, in __init__
2025-11-07 15:59:02 | WARNING | logger.py:390 | [TO_DO]  stderr:     self.apply_class_lang_rules(
2025-11-07 15:59:02 | WARNING | logger.py:390 | [TO_DO]  stderr:     ~~~~~~~~~~~~~~~~~~~~~~~~~~~^
2025-11-07 15:59:02 | WARNING | logger.py:390 | [TO_DO]  stderr:         ignored_consts=self._kwargs_applied_init,
2025-11-07 15:59:02 | WARNING | logger.py:390 | [TO_DO]  stderr:         ^^^^^^^^^^^^^^^^^^^^^^^^^^^^^^^^^^^^^^^^^
2025-11-07 15:59:02 | WARNING | logger.py:390 | [TO_DO]  stderr:         rule_children=rule_children)
2025-11-07 15:59:02 | WARNING | logger.py:390 | [TO_DO]  stderr:         ^^^^^^^^^^^^^^^^^^^^^^^^^^^^
2025-11-07 15:59:02 | WARNING | logger.py:390 | [TO_DO]  stderr:   File "D:\Python\TO_DO_Kivy\.venv\Lib\site-packages\kivy\uix\widget.py", line 470, in apply_class_lang_rules
2025-11-07 15:59:02 | WARNING | logger.py:390 | [TO_DO]  stderr:     Builder.apply(
2025-11-07 15:59:02 | WARNING | logger.py:390 | [TO_DO]  stderr:     ~~~~~~~~~~~~~^
2025-11-07 15:59:02 | WARNING | logger.py:390 | [TO_DO]  stderr:         self, ignored_consts=ignored_consts,
2025-11-07 15:59:02 | WARNING | logger.py:390 | [TO_DO]  stderr:         ^^^^^^^^^^^^^^^^^^^^^^^^^^^^^^^^^^^^
2025-11-07 15:59:02 | WARNING | logger.py:390 | [TO_DO]  stderr:         rule_children=rule_children)
2025-11-07 15:59:02 | WARNING | logger.py:390 | [TO_DO]  stderr:         ^^^^^^^^^^^^^^^^^^^^^^^^^^^^
2025-11-07 15:59:02 | WARNING | logger.py:390 | [TO_DO]  stderr:   File "D:\Python\TO_DO_Kivy\.venv\Lib\site-packages\kivy\lang\builder.py", line 545, in apply
2025-11-07 15:59:02 | WARNING | logger.py:390 | [TO_DO]  stderr:     self._apply_rule(
2025-11-07 15:59:02 | WARNING | logger.py:390 | [TO_DO]  stderr:     ~~~~~~~~~~~~~~~~^
2025-11-07 15:59:02 | WARNING | logger.py:390 | [TO_DO]  stderr:         widget, rule, rule, ignored_consts=ignored_consts,
2025-11-07 15:59:02 | WARNING | logger.py:390 | [TO_DO]  stderr:         ^^^^^^^^^^^^^^^^^^^^^^^^^^^^^^^^^^^^^^^^^^^^^^^^^^
2025-11-07 15:59:02 | WARNING | logger.py:390 | [TO_DO]  stderr:         rule_children=rule_children)
2025-11-07 15:59:02 | WARNING | logger.py:390 | [TO_DO]  stderr:         ^^^^^^^^^^^^^^^^^^^^^^^^^^^^
2025-11-07 15:59:02 | WARNING | logger.py:390 | [TO_DO]  stderr:   File "D:\Python\TO_DO_Kivy\.venv\Lib\site-packages\kivy\lang\builder.py", line 714, in _apply_rule
2025-11-07 15:59:02 | WARNING | logger.py:390 | [TO_DO]  stderr:     raise BuilderException(rule.ctx, rule.line,
2025-11-07 15:59:02 | WARNING | logger.py:390 | [TO_DO]  stderr:                            '{}: {}'.format(e.__class__.__name__,
2025-11-07 15:59:02 | WARNING | logger.py:390 | [TO_DO]  stderr:                                            e), cause=tb)
2025-11-07 15:59:02 | WARNING | logger.py:390 | [TO_DO]  stderr: kivy.lang.builder.BuilderException: Parser: File "D:\Python\TO_DO_Kivy\kv\screens\settings.kv", line 43:
2025-11-07 15:59:02 | WARNING | logger.py:390 | [TO_DO]  stderr: ...
2025-11-07 15:59:02 | WARNING | logger.py:390 | [TO_DO]  stderr:      41:            size_hint_y: None
2025-11-07 15:59:02 | WARNING | logger.py:390 | [TO_DO]  stderr:      42:            height: root.height_base
2025-11-07 15:59:02 | WARNING | logger.py:390 | [TO_DO]  stderr: >>   43:            text: root.text_theme
2025-11-07 15:59:02 | WARNING | logger.py:390 | [TO_DO]  stderr:      44:            on_release:
2025-11-07 15:59:02 | WARNING | logger.py:390 | [TO_DO]  stderr:      45:                (hasattr(self, "dropdown_theme") or setattr(self, "dropdown_theme", Factory.DrDownTheme()))
2025-11-07 15:59:02 | WARNING | logger.py:390 | [TO_DO]  stderr: ...
2025-11-07 15:59:02 | WARNING | logger.py:390 | [TO_DO]  stderr: BuilderException: Parser: File "D:\Python\TO_DO_Kivy\kv\screens\settings.kv", line 43:
2025-11-07 15:59:02 | WARNING | logger.py:390 | [TO_DO]  stderr: ...
2025-11-07 15:59:02 | WARNING | logger.py:390 | [TO_DO]  stderr:      41:            size_hint_y: None
2025-11-07 15:59:02 | WARNING | logger.py:390 | [TO_DO]  stderr:      42:            height: root.height_base
2025-11-07 15:59:02 | WARNING | logger.py:390 | [TO_DO]  stderr: >>   43:            text: root.text_theme
2025-11-07 15:59:02 | WARNING | logger.py:390 | [TO_DO]  stderr:      44:            on_release:
2025-11-07 15:59:02 | WARNING | logger.py:390 | [TO_DO]  stderr:      45:                (hasattr(self, "dropdown_theme") or setattr(self, "dropdown_theme", Factory.DrDownTheme()))
2025-11-07 15:59:02 | WARNING | logger.py:390 | [TO_DO]  stderr: ...
2025-11-07 15:59:02 | WARNING | logger.py:390 | [TO_DO]  stderr: AttributeError: 'SettingsScreen' object has no attribute 'text_theme'
2025-11-07 15:59:02 | WARNING | logger.py:390 | [TO_DO]  stderr:   File "D:\Python\TO_DO_Kivy\.venv\Lib\site-packages\kivy\lang\builder.py", line 245, in create_handler
2025-11-07 15:59:02 | WARNING | logger.py:390 | [TO_DO]  stderr:     return eval(value, idmap), bound_list
2025-11-07 15:59:02 | WARNING | logger.py:390 | [TO_DO]  stderr:            ~~~~^^^^^^^^^^^^^^
2025-11-07 15:59:02 | WARNING | logger.py:390 | [TO_DO]  stderr:   File "D:\Python\TO_DO_Kivy\kv\screens\settings.kv", line 43, in <module>
2025-11-07 15:59:02 | WARNING | logger.py:390 | [TO_DO]  stderr:     text: root.text_theme
2025-11-07 15:59:02 | WARNING | logger.py:390 | [TO_DO]  stderr:     ^^^
2025-11-07 15:59:02 | WARNING | logger.py:390 | [TO_DO]  stderr:   File "kivy\\weakproxy.pyx", line 32, in kivy.weakproxy.WeakProxy.__getattr__
2025-11-07 15:59:02 | WARNING | logger.py:390 | [TO_DO]  stderr: 
2025-11-07 15:59:02 | WARNING | logger.py:390 | [TO_DO]  stderr:   File "D:\Python\TO_DO_Kivy\.venv\Lib\site-packages\kivy\lang\builder.py", line 699, in _apply_rule
2025-11-07 15:59:02 | WARNING | logger.py:390 | [TO_DO]  stderr:     value, bound = create_handler(
2025-11-07 15:59:02 | WARNING | logger.py:390 | [TO_DO]  stderr:                    ~~~~~~~~~~~~~~^
2025-11-07 15:59:02 | WARNING | logger.py:390 | [TO_DO]  stderr:         widget_set, widget_set, key, value, rule,
2025-11-07 15:59:02 | WARNING | logger.py:390 | [TO_DO]  stderr:         ^^^^^^^^^^^^^^^^^^^^^^^^^^^^^^^^^^^^^^^^^
2025-11-07 15:59:02 | WARNING | logger.py:390 | [TO_DO]  stderr:         rctx['ids'])
2025-11-07 15:59:02 | WARNING | logger.py:390 | [TO_DO]  stderr:         ^^^^^^^^^^^^
2025-11-07 15:59:02 | WARNING | logger.py:390 | [TO_DO]  stderr:   File "D:\Python\TO_DO_Kivy\.venv\Lib\site-packages\kivy\lang\builder.py", line 248, in create_handler
2025-11-07 15:59:02 | WARNING | logger.py:390 | [TO_DO]  stderr:     raise BuilderException(rule.ctx, rule.line,
2025-11-07 15:59:02 | WARNING | logger.py:390 | [TO_DO]  stderr:                            '{}: {}'.format(e.__class__.__name__, e),
2025-11-07 15:59:02 | WARNING | logger.py:390 | [TO_DO]  stderr:                            cause=tb)
2025-11-07 15:59:02 | WARNING | logger.py:390 | [TO_DO]  stderr: 
2025-11-07 16:02:59 | WARNING | config_logger.py:43 | [TO_DO]  Application started with mode: debug
2025-11-07 16:03:01 | DEBUG | main_menu.py:63 | [TO_DO]  Init MainMenu
2025-11-07 16:03:04 | DEBUG | setting.py:41 | [TO_DO]  load settings screen
2025-11-07 16:03:12 | DEBUG | setting.py:58 | [TO_DO]  Change language on - en
2025-11-07 16:03:37 | INFO | base.py:616 | [TO_DO]  Base: Leaving application in progress...
2025-11-07 16:03:37 | WARNING | logger.py:390 | [TO_DO]  stderr: Traceback (most recent call last):
2025-11-07 16:03:37 | WARNING | logger.py:390 | [TO_DO]  stderr:   File "D:\Python\TO_DO_Kivy\main.py", line 69, in <module>
2025-11-07 16:03:37 | WARNING | logger.py:390 | [TO_DO]  stderr:     TO_DOApp().run()
2025-11-07 16:03:37 | WARNING | logger.py:390 | [TO_DO]  stderr:     ~~~~~~~~~~~~~~^^
2025-11-07 16:03:37 | WARNING | logger.py:390 | [TO_DO]  stderr:   File "D:\Python\TO_DO_Kivy\.venv\Lib\site-packages\kivy\app.py", line 956, in run
2025-11-07 16:03:37 | WARNING | logger.py:390 | [TO_DO]  stderr:     runTouchApp()
2025-11-07 16:03:37 | WARNING | logger.py:390 | [TO_DO]  stderr:     ~~~~~~~~~~~^^
2025-11-07 16:03:37 | WARNING | logger.py:390 | [TO_DO]  stderr:   File "D:\Python\TO_DO_Kivy\.venv\Lib\site-packages\kivy\base.py", line 574, in runTouchApp
2025-11-07 16:03:37 | WARNING | logger.py:390 | [TO_DO]  stderr:     EventLoop.mainloop()
2025-11-07 16:03:37 | WARNING | logger.py:390 | [TO_DO]  stderr:     ~~~~~~~~~~~~~~~~~~^^
2025-11-07 16:03:37 | WARNING | logger.py:390 | [TO_DO]  stderr:   File "D:\Python\TO_DO_Kivy\.venv\Lib\site-packages\kivy\base.py", line 339, in mainloop
2025-11-07 16:03:37 | WARNING | logger.py:390 | [TO_DO]  stderr:     self.idle()
2025-11-07 16:03:37 | WARNING | logger.py:390 | [TO_DO]  stderr:     ~~~~~~~~~^^
2025-11-07 16:03:37 | WARNING | logger.py:390 | [TO_DO]  stderr:   File "D:\Python\TO_DO_Kivy\.venv\Lib\site-packages\kivy\base.py", line 379, in idle
2025-11-07 16:03:37 | WARNING | logger.py:390 | [TO_DO]  stderr:     Clock.tick()
2025-11-07 16:03:37 | WARNING | logger.py:390 | [TO_DO]  stderr:     ~~~~~~~~~~^^
2025-11-07 16:03:37 | WARNING | logger.py:390 | [TO_DO]  stderr:   File "D:\Python\TO_DO_Kivy\.venv\Lib\site-packages\kivy\clock.py", line 733, in tick
2025-11-07 16:03:37 | WARNING | logger.py:390 | [TO_DO]  stderr:     self.post_idle(ts, self.idle())
2025-11-07 16:03:37 | WARNING | logger.py:390 | [TO_DO]  stderr:                        ~~~~~~~~~^^
2025-11-07 16:03:37 | WARNING | logger.py:390 | [TO_DO]  stderr:   File "D:\Python\TO_DO_Kivy\.venv\Lib\site-packages\kivy\clock.py", line 689, in idle
2025-11-07 16:03:37 | WARNING | logger.py:390 | [TO_DO]  stderr:     usleep(1000000 * sleeptime)
2025-11-07 16:03:37 | WARNING | logger.py:390 | [TO_DO]  stderr:     ~~~~~~^^^^^^^^^^^^^^^^^^^^^
2025-11-07 16:03:37 | WARNING | logger.py:390 | [TO_DO]  stderr:   File "D:\Python\TO_DO_Kivy\.venv\Lib\site-packages\kivy\clock.py", line 965, in usleep
2025-11-07 16:03:37 | WARNING | logger.py:390 | [TO_DO]  stderr:     _usleep(microseconds, self._sleep_obj)
2025-11-07 16:03:37 | WARNING | logger.py:390 | [TO_DO]  stderr:     ~~~~~~~^^^^^^^^^^^^^^^^^^^^^^^^^^^^^^^
2025-11-07 16:03:37 | WARNING | logger.py:390 | [TO_DO]  stderr:   File "D:\Python\TO_DO_Kivy\.venv\Lib\site-packages\kivy\clock.py", line 504, in _usleep
2025-11-07 16:03:37 | WARNING | logger.py:390 | [TO_DO]  stderr:     _kernel32.WaitForSingleObject(obj, 0xffffffff)
2025-11-07 16:03:37 | WARNING | logger.py:390 | [TO_DO]  stderr:     ~~~~~~~~~~~~~~~~~~~~~~~~~~~~~^^^^^^^^^^^^^^^^^
2025-11-07 16:03:37 | WARNING | logger.py:390 | [TO_DO]  stderr: KeyboardInterrupt
2025-11-07 16:19:45 | WARNING | config_logger.py:43 | [TO_DO]  Application started with mode: debug
2025-11-07 16:19:47 | DEBUG | main_menu.py:63 | [TO_DO]  Init MainMenu
2025-11-07 16:19:50 | DEBUG | setting.py:46 | [TO_DO]  load settings screen
2025-11-07 16:19:55 | INFO | base.py:616 | [TO_DO]  Base: Leaving application in progress...
2025-11-07 16:19:55 | WARNING | logger.py:390 | [TO_DO]  stderr: Traceback (most recent call last):
2025-11-07 16:19:55 | WARNING | logger.py:390 | [TO_DO]  stderr:   File "D:\Python\TO_DO_Kivy\.venv\Lib\site-packages\kivy\lang\builder.py", line 245, in create_handler
2025-11-07 16:19:55 | WARNING | logger.py:390 | [TO_DO]  stderr:     return eval(value, idmap), bound_list
2025-11-07 16:19:55 | WARNING | logger.py:390 | [TO_DO]  stderr:            ~~~~^^^^^^^^^^^^^^
2025-11-07 16:19:55 | WARNING | logger.py:390 | [TO_DO]  stderr:   File "D:\Python\TO_DO_Kivy\kv\components\dropdown.kv", line 47, in <module>
2025-11-07 16:19:55 | WARNING | logger.py:390 | [TO_DO]  stderr:     text: root.root_screen.change_ddt()
2025-11-07 16:19:55 | WARNING | logger.py:390 | [TO_DO]  stderr:     ^^^^^^^^^^^^^^^^^
2025-11-07 16:19:55 | WARNING | logger.py:390 | [TO_DO]  stderr: TypeError: SettingsScreen.change_ddt() missing 1 required positional argument: 'lang'
2025-11-07 16:19:55 | WARNING | logger.py:390 | [TO_DO]  stderr: 
2025-11-07 16:19:55 | WARNING | logger.py:390 | [TO_DO]  stderr: During handling of the above exception, another exception occurred:
2025-11-07 16:19:55 | WARNING | logger.py:390 | [TO_DO]  stderr: 
2025-11-07 16:19:55 | WARNING | logger.py:390 | [TO_DO]  stderr: Traceback (most recent call last):
2025-11-07 16:19:55 | WARNING | logger.py:390 | [TO_DO]  stderr:   File "D:\Python\TO_DO_Kivy\.venv\Lib\site-packages\kivy\lang\builder.py", line 699, in _apply_rule
2025-11-07 16:19:55 | WARNING | logger.py:390 | [TO_DO]  stderr:     value, bound = create_handler(
2025-11-07 16:19:55 | WARNING | logger.py:390 | [TO_DO]  stderr:                    ~~~~~~~~~~~~~~^
2025-11-07 16:19:55 | WARNING | logger.py:390 | [TO_DO]  stderr:         widget_set, widget_set, key, value, rule,
2025-11-07 16:19:55 | WARNING | logger.py:390 | [TO_DO]  stderr:         ^^^^^^^^^^^^^^^^^^^^^^^^^^^^^^^^^^^^^^^^^
2025-11-07 16:19:55 | WARNING | logger.py:390 | [TO_DO]  stderr:         rctx['ids'])
2025-11-07 16:19:55 | WARNING | logger.py:390 | [TO_DO]  stderr:         ^^^^^^^^^^^^
2025-11-07 16:19:55 | WARNING | logger.py:390 | [TO_DO]  stderr:   File "D:\Python\TO_DO_Kivy\.venv\Lib\site-packages\kivy\lang\builder.py", line 248, in create_handler
2025-11-07 16:19:55 | WARNING | logger.py:390 | [TO_DO]  stderr:     raise BuilderException(rule.ctx, rule.line,
2025-11-07 16:19:55 | WARNING | logger.py:390 | [TO_DO]  stderr:                            '{}: {}'.format(e.__class__.__name__, e),
2025-11-07 16:19:55 | WARNING | logger.py:390 | [TO_DO]  stderr:                            cause=tb)
2025-11-07 16:19:55 | WARNING | logger.py:390 | [TO_DO]  stderr: kivy.lang.builder.BuilderException: Parser: File "D:\Python\TO_DO_Kivy\kv\components\dropdown.kv", line 47:
2025-11-07 16:19:55 | WARNING | logger.py:390 | [TO_DO]  stderr: ...
2025-11-07 16:19:55 | WARNING | logger.py:390 | [TO_DO]  stderr:      45:            id: btn_light
2025-11-07 16:19:55 | WARNING | logger.py:390 | [TO_DO]  stderr:      46:            normal_color: app.colors["outline"] if app.config.get_param("app", "theme") == "dark" else app.colors["accent_dark"]
2025-11-07 16:19:55 | WARNING | logger.py:390 | [TO_DO]  stderr: >>   47:            text: root.root_screen.change_ddt()
2025-11-07 16:19:55 | WARNING | logger.py:390 | [TO_DO]  stderr:      48:            font_size: app.font_sizes["body"]
2025-11-07 16:19:55 | WARNING | logger.py:390 | [TO_DO]  stderr:      49:            size_hint_y: None
2025-11-07 16:19:55 | WARNING | logger.py:390 | [TO_DO]  stderr: ...
2025-11-07 16:19:55 | WARNING | logger.py:390 | [TO_DO]  stderr: TypeError: SettingsScreen.change_ddt() missing 1 required positional argument: 'lang'
2025-11-07 16:19:55 | WARNING | logger.py:390 | [TO_DO]  stderr:   File "D:\Python\TO_DO_Kivy\.venv\Lib\site-packages\kivy\lang\builder.py", line 245, in create_handler
2025-11-07 16:19:55 | WARNING | logger.py:390 | [TO_DO]  stderr:     return eval(value, idmap), bound_list
2025-11-07 16:19:55 | WARNING | logger.py:390 | [TO_DO]  stderr:            ~~~~^^^^^^^^^^^^^^
2025-11-07 16:19:55 | WARNING | logger.py:390 | [TO_DO]  stderr:   File "D:\Python\TO_DO_Kivy\kv\components\dropdown.kv", line 47, in <module>
2025-11-07 16:19:55 | WARNING | logger.py:390 | [TO_DO]  stderr:     text: root.root_screen.change_ddt()
2025-11-07 16:19:55 | WARNING | logger.py:390 | [TO_DO]  stderr:     ^^^^^^^^^^^^^^^^^
2025-11-07 16:19:55 | WARNING | logger.py:390 | [TO_DO]  stderr: 
2025-11-07 16:19:55 | WARNING | logger.py:390 | [TO_DO]  stderr: 
2025-11-07 16:19:55 | WARNING | logger.py:390 | [TO_DO]  stderr: During handling of the above exception, another exception occurred:
2025-11-07 16:19:55 | WARNING | logger.py:390 | [TO_DO]  stderr: 
2025-11-07 16:19:55 | WARNING | logger.py:390 | [TO_DO]  stderr: Traceback (most recent call last):
2025-11-07 16:19:55 | WARNING | logger.py:390 | [TO_DO]  stderr:   File "D:\Python\TO_DO_Kivy\main.py", line 69, in <module>
2025-11-07 16:19:55 | WARNING | logger.py:390 | [TO_DO]  stderr:     TO_DOApp().run()
2025-11-07 16:19:55 | WARNING | logger.py:390 | [TO_DO]  stderr:     ~~~~~~~~~~~~~~^^
2025-11-07 16:19:55 | WARNING | logger.py:390 | [TO_DO]  stderr:   File "D:\Python\TO_DO_Kivy\.venv\Lib\site-packages\kivy\app.py", line 956, in run
2025-11-07 16:19:55 | WARNING | logger.py:390 | [TO_DO]  stderr:     runTouchApp()
2025-11-07 16:19:55 | WARNING | logger.py:390 | [TO_DO]  stderr:     ~~~~~~~~~~~^^
2025-11-07 16:19:55 | WARNING | logger.py:390 | [TO_DO]  stderr:   File "D:\Python\TO_DO_Kivy\.venv\Lib\site-packages\kivy\base.py", line 574, in runTouchApp
2025-11-07 16:19:55 | WARNING | logger.py:390 | [TO_DO]  stderr:     EventLoop.mainloop()
2025-11-07 16:19:55 | WARNING | logger.py:390 | [TO_DO]  stderr:     ~~~~~~~~~~~~~~~~~~^^
2025-11-07 16:19:55 | WARNING | logger.py:390 | [TO_DO]  stderr:   File "D:\Python\TO_DO_Kivy\.venv\Lib\site-packages\kivy\base.py", line 339, in mainloop
2025-11-07 16:19:55 | WARNING | logger.py:390 | [TO_DO]  stderr:     self.idle()
2025-11-07 16:19:55 | WARNING | logger.py:390 | [TO_DO]  stderr:     ~~~~~~~~~^^
2025-11-07 16:19:55 | WARNING | logger.py:390 | [TO_DO]  stderr:   File "D:\Python\TO_DO_Kivy\.venv\Lib\site-packages\kivy\base.py", line 383, in idle
2025-11-07 16:19:55 | WARNING | logger.py:390 | [TO_DO]  stderr:     self.dispatch_input()
2025-11-07 16:19:55 | WARNING | logger.py:390 | [TO_DO]  stderr:     ~~~~~~~~~~~~~~~~~~~^^
2025-11-07 16:19:55 | WARNING | logger.py:390 | [TO_DO]  stderr:   File "D:\Python\TO_DO_Kivy\.venv\Lib\site-packages\kivy\base.py", line 334, in dispatch_input
2025-11-07 16:19:55 | WARNING | logger.py:390 | [TO_DO]  stderr:     post_dispatch_input(*pop(0))
2025-11-07 16:19:55 | WARNING | logger.py:390 | [TO_DO]  stderr:     ~~~~~~~~~~~~~~~~~~~^^^^^^^^^
2025-11-07 16:19:55 | WARNING | logger.py:390 | [TO_DO]  stderr:   File "D:\Python\TO_DO_Kivy\.venv\Lib\site-packages\kivy\base.py", line 302, in post_dispatch_input
2025-11-07 16:19:55 | WARNING | logger.py:390 | [TO_DO]  stderr:     wid.dispatch('on_touch_up', me)
2025-11-07 16:19:55 | WARNING | logger.py:390 | [TO_DO]  stderr:     ~~~~~~~~~~~~^^^^^^^^^^^^^^^^^^^
2025-11-07 16:19:55 | WARNING | logger.py:390 | [TO_DO]  stderr:   File "kivy\\_event.pyx", line 731, in kivy._event.EventDispatcher.dispatch
2025-11-07 16:19:55 | WARNING | logger.py:390 | [TO_DO]  stderr:   File "D:\Python\TO_DO_Kivy\.venv\Lib\site-packages\kivy\uix\behaviors\button.py", line 179, in on_touch_up
2025-11-07 16:19:55 | WARNING | logger.py:390 | [TO_DO]  stderr:     self.dispatch('on_release')
2025-11-07 16:19:55 | WARNING | logger.py:390 | [TO_DO]  stderr:     ~~~~~~~~~~~~~^^^^^^^^^^^^^^
2025-11-07 16:19:55 | WARNING | logger.py:390 | [TO_DO]  stderr:   File "kivy\\_event.pyx", line 727, in kivy._event.EventDispatcher.dispatch
2025-11-07 16:19:55 | WARNING | logger.py:390 | [TO_DO]  stderr:   File "kivy\\_event.pyx", line 1307, in kivy._event.EventObservers.dispatch
2025-11-07 16:19:55 | WARNING | logger.py:390 | [TO_DO]  stderr:   File "kivy\\_event.pyx", line 1191, in kivy._event.EventObservers._dispatch
2025-11-07 16:19:55 | WARNING | logger.py:390 | [TO_DO]  stderr:   File "D:\Python\TO_DO_Kivy\.venv\Lib\site-packages\kivy\lang\builder.py", line 60, in custom_callback
2025-11-07 16:19:55 | WARNING | logger.py:390 | [TO_DO]  stderr:     exec(__kvlang__.co_value, idmap)
2025-11-07 16:19:55 | WARNING | logger.py:390 | [TO_DO]  stderr:     ~~~~^^^^^^^^^^^^^^^^^^^^^^^^^^^^
2025-11-07 16:19:55 | WARNING | logger.py:390 | [TO_DO]  stderr:   File "D:\Python\TO_DO_Kivy\kv\screens\settings.kv", line 45, in <module>
2025-11-07 16:19:55 | WARNING | logger.py:390 | [TO_DO]  stderr:     (hasattr(self, "dropdown_theme") or setattr(self, "dropdown_theme", Factory.DrDownTheme()))
2025-11-07 16:19:55 | WARNING | logger.py:390 | [TO_DO]  stderr:                                                         ^^^^^^^^^^^^^^^^^^^^^
2025-11-07 16:19:55 | WARNING | logger.py:390 | [TO_DO]  stderr:   File "D:\Python\TO_DO_Kivy\.venv\Lib\site-packages\kivy\uix\dropdown.py", line 214, in __init__
2025-11-07 16:19:55 | WARNING | logger.py:390 | [TO_DO]  stderr:     super(DropDown, self).__init__(**kwargs)
2025-11-07 16:19:55 | WARNING | logger.py:390 | [TO_DO]  stderr:     ~~~~~~~~~~~~~~~~~~~~~~~~~~~~~~^^^^^^^^^^
2025-11-07 16:19:55 | WARNING | logger.py:390 | [TO_DO]  stderr:   File "D:\Python\TO_DO_Kivy\.venv\Lib\site-packages\kivy\uix\scrollview.py", line 543, in __init__
2025-11-07 16:19:55 | WARNING | logger.py:390 | [TO_DO]  stderr:     super(ScrollView, self).__init__(**kwargs)
2025-11-07 16:19:55 | WARNING | logger.py:390 | [TO_DO]  stderr:     ~~~~~~~~~~~~~~~~~~~~~~~~~~~~~~~~^^^^^^^^^^
2025-11-07 16:19:55 | WARNING | logger.py:390 | [TO_DO]  stderr:   File "D:\Python\TO_DO_Kivy\.venv\Lib\site-packages\kivy\uix\widget.py", line 366, in __init__
2025-11-07 16:19:55 | WARNING | logger.py:390 | [TO_DO]  stderr:     self.apply_class_lang_rules(
2025-11-07 16:19:55 | WARNING | logger.py:390 | [TO_DO]  stderr:     ~~~~~~~~~~~~~~~~~~~~~~~~~~~^
2025-11-07 16:19:55 | WARNING | logger.py:390 | [TO_DO]  stderr:         ignored_consts=self._kwargs_applied_init,
2025-11-07 16:19:55 | WARNING | logger.py:390 | [TO_DO]  stderr:         ^^^^^^^^^^^^^^^^^^^^^^^^^^^^^^^^^^^^^^^^^
2025-11-07 16:19:55 | WARNING | logger.py:390 | [TO_DO]  stderr:         rule_children=rule_children)
2025-11-07 16:19:55 | WARNING | logger.py:390 | [TO_DO]  stderr:         ^^^^^^^^^^^^^^^^^^^^^^^^^^^^
2025-11-07 16:19:55 | WARNING | logger.py:390 | [TO_DO]  stderr:   File "D:\Python\TO_DO_Kivy\.venv\Lib\site-packages\kivy\uix\widget.py", line 470, in apply_class_lang_rules
2025-11-07 16:19:55 | WARNING | logger.py:390 | [TO_DO]  stderr:     Builder.apply(
2025-11-07 16:19:55 | WARNING | logger.py:390 | [TO_DO]  stderr:     ~~~~~~~~~~~~~^
2025-11-07 16:19:55 | WARNING | logger.py:390 | [TO_DO]  stderr:         self, ignored_consts=ignored_consts,
2025-11-07 16:19:55 | WARNING | logger.py:390 | [TO_DO]  stderr:         ^^^^^^^^^^^^^^^^^^^^^^^^^^^^^^^^^^^^
2025-11-07 16:19:55 | WARNING | logger.py:390 | [TO_DO]  stderr:         rule_children=rule_children)
2025-11-07 16:19:55 | WARNING | logger.py:390 | [TO_DO]  stderr:         ^^^^^^^^^^^^^^^^^^^^^^^^^^^^
2025-11-07 16:19:55 | WARNING | logger.py:390 | [TO_DO]  stderr:   File "D:\Python\TO_DO_Kivy\.venv\Lib\site-packages\kivy\lang\builder.py", line 545, in apply
2025-11-07 16:19:55 | WARNING | logger.py:390 | [TO_DO]  stderr:     self._apply_rule(
2025-11-07 16:19:55 | WARNING | logger.py:390 | [TO_DO]  stderr:     ~~~~~~~~~~~~~~~~^
2025-11-07 16:19:55 | WARNING | logger.py:390 | [TO_DO]  stderr:         widget, rule, rule, ignored_consts=ignored_consts,
2025-11-07 16:19:55 | WARNING | logger.py:390 | [TO_DO]  stderr:         ^^^^^^^^^^^^^^^^^^^^^^^^^^^^^^^^^^^^^^^^^^^^^^^^^^
2025-11-07 16:19:55 | WARNING | logger.py:390 | [TO_DO]  stderr:         rule_children=rule_children)
2025-11-07 16:19:55 | WARNING | logger.py:390 | [TO_DO]  stderr:         ^^^^^^^^^^^^^^^^^^^^^^^^^^^^
2025-11-07 16:19:55 | WARNING | logger.py:390 | [TO_DO]  stderr:   File "D:\Python\TO_DO_Kivy\.venv\Lib\site-packages\kivy\lang\builder.py", line 714, in _apply_rule
2025-11-07 16:19:55 | WARNING | logger.py:390 | [TO_DO]  stderr:     raise BuilderException(rule.ctx, rule.line,
2025-11-07 16:19:55 | WARNING | logger.py:390 | [TO_DO]  stderr:                            '{}: {}'.format(e.__class__.__name__,
2025-11-07 16:19:55 | WARNING | logger.py:390 | [TO_DO]  stderr:                                            e), cause=tb)
2025-11-07 16:19:55 | WARNING | logger.py:390 | [TO_DO]  stderr: kivy.lang.builder.BuilderException: Parser: File "D:\Python\TO_DO_Kivy\kv\components\dropdown.kv", line 47:
2025-11-07 16:19:55 | WARNING | logger.py:390 | [TO_DO]  stderr: ...
2025-11-07 16:19:55 | WARNING | logger.py:390 | [TO_DO]  stderr:      45:            id: btn_light
2025-11-07 16:19:55 | WARNING | logger.py:390 | [TO_DO]  stderr:      46:            normal_color: app.colors["outline"] if app.config.get_param("app", "theme") == "dark" else app.colors["accent_dark"]
2025-11-07 16:19:55 | WARNING | logger.py:390 | [TO_DO]  stderr: >>   47:            text: root.root_screen.change_ddt()
2025-11-07 16:19:55 | WARNING | logger.py:390 | [TO_DO]  stderr:      48:            font_size: app.font_sizes["body"]
2025-11-07 16:19:55 | WARNING | logger.py:390 | [TO_DO]  stderr:      49:            size_hint_y: None
2025-11-07 16:19:55 | WARNING | logger.py:390 | [TO_DO]  stderr: ...
2025-11-07 16:19:55 | WARNING | logger.py:390 | [TO_DO]  stderr: BuilderException: Parser: File "D:\Python\TO_DO_Kivy\kv\components\dropdown.kv", line 47:
2025-11-07 16:19:55 | WARNING | logger.py:390 | [TO_DO]  stderr: ...
2025-11-07 16:19:55 | WARNING | logger.py:390 | [TO_DO]  stderr:      45:            id: btn_light
2025-11-07 16:19:55 | WARNING | logger.py:390 | [TO_DO]  stderr:      46:            normal_color: app.colors["outline"] if app.config.get_param("app", "theme") == "dark" else app.colors["accent_dark"]
2025-11-07 16:19:55 | WARNING | logger.py:390 | [TO_DO]  stderr: >>   47:            text: root.root_screen.change_ddt()
2025-11-07 16:19:55 | WARNING | logger.py:390 | [TO_DO]  stderr:      48:            font_size: app.font_sizes["body"]
2025-11-07 16:19:55 | WARNING | logger.py:390 | [TO_DO]  stderr:      49:            size_hint_y: None
2025-11-07 16:19:55 | WARNING | logger.py:390 | [TO_DO]  stderr: ...
2025-11-07 16:19:55 | WARNING | logger.py:390 | [TO_DO]  stderr: TypeError: SettingsScreen.change_ddt() missing 1 required positional argument: 'lang'
2025-11-07 16:19:55 | WARNING | logger.py:390 | [TO_DO]  stderr:   File "D:\Python\TO_DO_Kivy\.venv\Lib\site-packages\kivy\lang\builder.py", line 245, in create_handler
2025-11-07 16:19:55 | WARNING | logger.py:390 | [TO_DO]  stderr:     return eval(value, idmap), bound_list
2025-11-07 16:19:55 | WARNING | logger.py:390 | [TO_DO]  stderr:            ~~~~^^^^^^^^^^^^^^
2025-11-07 16:19:55 | WARNING | logger.py:390 | [TO_DO]  stderr:   File "D:\Python\TO_DO_Kivy\kv\components\dropdown.kv", line 47, in <module>
2025-11-07 16:19:55 | WARNING | logger.py:390 | [TO_DO]  stderr:     text: root.root_screen.change_ddt()
2025-11-07 16:19:55 | WARNING | logger.py:390 | [TO_DO]  stderr:     ^^^^^^^^^^^^^^^^^
2025-11-07 16:19:55 | WARNING | logger.py:390 | [TO_DO]  stderr: 
2025-11-07 16:19:55 | WARNING | logger.py:390 | [TO_DO]  stderr:   File "D:\Python\TO_DO_Kivy\.venv\Lib\site-packages\kivy\lang\builder.py", line 699, in _apply_rule
2025-11-07 16:19:55 | WARNING | logger.py:390 | [TO_DO]  stderr:     value, bound = create_handler(
2025-11-07 16:19:55 | WARNING | logger.py:390 | [TO_DO]  stderr:                    ~~~~~~~~~~~~~~^
2025-11-07 16:19:55 | WARNING | logger.py:390 | [TO_DO]  stderr:         widget_set, widget_set, key, value, rule,
2025-11-07 16:19:55 | WARNING | logger.py:390 | [TO_DO]  stderr:         ^^^^^^^^^^^^^^^^^^^^^^^^^^^^^^^^^^^^^^^^^
2025-11-07 16:19:55 | WARNING | logger.py:390 | [TO_DO]  stderr:         rctx['ids'])
2025-11-07 16:19:55 | WARNING | logger.py:390 | [TO_DO]  stderr:         ^^^^^^^^^^^^
2025-11-07 16:19:55 | WARNING | logger.py:390 | [TO_DO]  stderr:   File "D:\Python\TO_DO_Kivy\.venv\Lib\site-packages\kivy\lang\builder.py", line 248, in create_handler
2025-11-07 16:19:55 | WARNING | logger.py:390 | [TO_DO]  stderr:     raise BuilderException(rule.ctx, rule.line,
2025-11-07 16:19:55 | WARNING | logger.py:390 | [TO_DO]  stderr:                            '{}: {}'.format(e.__class__.__name__, e),
2025-11-07 16:19:55 | WARNING | logger.py:390 | [TO_DO]  stderr:                            cause=tb)
2025-11-07 16:19:55 | WARNING | logger.py:390 | [TO_DO]  stderr: 
2025-11-07 16:20:47 | WARNING | config_logger.py:43 | [TO_DO]  Application started with mode: debug
2025-11-07 16:20:50 | DEBUG | main_menu.py:63 | [TO_DO]  Init MainMenu
2025-11-07 16:20:52 | DEBUG | setting.py:46 | [TO_DO]  load settings screen
2025-11-07 16:21:01 | DEBUG | main_menu.py:63 | [TO_DO]  Init MainMenu
2025-11-07 16:21:03 | DEBUG | setting.py:46 | [TO_DO]  load settings screen
2025-11-07 16:21:08 | DEBUG | setting.py:63 | [TO_DO]  Change language on - ru
2025-11-07 16:21:16 | DEBUG | setting.py:76 | [TO_DO]  Change Theme on - light
2025-11-07 16:21:19 | DEBUG | setting.py:76 | [TO_DO]  Change Theme on - dark
2025-11-07 16:21:26 | DEBUG | setting.py:63 | [TO_DO]  Change language on - en
2025-11-07 16:21:29 | INFO | base.py:616 | [TO_DO]  Base: Leaving application in progress...
2025-11-07 16:22:11 | WARNING | config_logger.py:43 | [TO_DO]  Application started with mode: debug
2025-11-07 16:22:13 | DEBUG | main_menu.py:63 | [TO_DO]  Init MainMenu
2025-11-07 16:22:15 | DEBUG | setting.py:47 | [TO_DO]  load settings screen
2025-11-07 16:22:19 | DEBUG | setting.py:64 | [TO_DO]  Change language on - ru
2025-11-07 16:22:22 | DEBUG | setting.py:64 | [TO_DO]  Change language on - en
2025-11-07 16:22:28 | INFO | base.py:616 | [TO_DO]  Base: Leaving application in progress...
2025-11-07 16:22:59 | WARNING | config_logger.py:43 | [TO_DO]  Application started with mode: debug
2025-11-07 16:23:01 | DEBUG | main_menu.py:63 | [TO_DO]  Init MainMenu
2025-11-07 16:23:03 | DEBUG | setting.py:47 | [TO_DO]  load settings screen
2025-11-07 16:23:06 | DEBUG | setting.py:78 | [TO_DO]  Change Theme on - light
2025-11-07 16:23:13 | INFO | base.py:616 | [TO_DO]  Base: Leaving application in progress...
2025-11-07 16:24:19 | WARNING | config_logger.py:43 | [TO_DO]  Application started with mode: debug
2025-11-07 16:24:21 | DEBUG | main_menu.py:63 | [TO_DO]  Init MainMenu
2025-11-07 16:24:22 | DEBUG | setting.py:47 | [TO_DO]  load settings screen
2025-11-07 16:24:29 | INFO | base.py:616 | [TO_DO]  Base: Leaving application in progress...
2025-11-07 16:24:29 | WARNING | logger.py:390 | [TO_DO]  stderr: Traceback (most recent call last):
2025-11-07 16:24:29 | WARNING | logger.py:390 | [TO_DO]  stderr:   File "D:\Python\TO_DO_Kivy\main.py", line 69, in <module>
2025-11-07 16:24:29 | WARNING | logger.py:390 | [TO_DO]  stderr:     TO_DOApp().run()
2025-11-07 16:24:29 | WARNING | logger.py:390 | [TO_DO]  stderr:     ~~~~~~~~~~~~~~^^
2025-11-07 16:24:29 | WARNING | logger.py:390 | [TO_DO]  stderr:   File "D:\Python\TO_DO_Kivy\.venv\Lib\site-packages\kivy\app.py", line 956, in run
2025-11-07 16:24:29 | WARNING | logger.py:390 | [TO_DO]  stderr:     runTouchApp()
2025-11-07 16:24:29 | WARNING | logger.py:390 | [TO_DO]  stderr:     ~~~~~~~~~~~^^
2025-11-07 16:24:29 | WARNING | logger.py:390 | [TO_DO]  stderr:   File "D:\Python\TO_DO_Kivy\.venv\Lib\site-packages\kivy\base.py", line 574, in runTouchApp
2025-11-07 16:24:29 | WARNING | logger.py:390 | [TO_DO]  stderr:     EventLoop.mainloop()
2025-11-07 16:24:29 | WARNING | logger.py:390 | [TO_DO]  stderr:     ~~~~~~~~~~~~~~~~~~^^
2025-11-07 16:24:29 | WARNING | logger.py:390 | [TO_DO]  stderr:   File "D:\Python\TO_DO_Kivy\.venv\Lib\site-packages\kivy\base.py", line 339, in mainloop
2025-11-07 16:24:29 | WARNING | logger.py:390 | [TO_DO]  stderr:     self.idle()
2025-11-07 16:24:29 | WARNING | logger.py:390 | [TO_DO]  stderr:     ~~~~~~~~~^^
2025-11-07 16:24:29 | WARNING | logger.py:390 | [TO_DO]  stderr:   File "D:\Python\TO_DO_Kivy\.venv\Lib\site-packages\kivy\base.py", line 383, in idle
2025-11-07 16:24:29 | WARNING | logger.py:390 | [TO_DO]  stderr:     self.dispatch_input()
2025-11-07 16:24:29 | WARNING | logger.py:390 | [TO_DO]  stderr:     ~~~~~~~~~~~~~~~~~~~^^
2025-11-07 16:24:29 | WARNING | logger.py:390 | [TO_DO]  stderr:   File "D:\Python\TO_DO_Kivy\.venv\Lib\site-packages\kivy\base.py", line 334, in dispatch_input
2025-11-07 16:24:29 | WARNING | logger.py:390 | [TO_DO]  stderr:     post_dispatch_input(*pop(0))
2025-11-07 16:24:29 | WARNING | logger.py:390 | [TO_DO]  stderr:     ~~~~~~~~~~~~~~~~~~~^^^^^^^^^
2025-11-07 16:24:29 | WARNING | logger.py:390 | [TO_DO]  stderr:   File "D:\Python\TO_DO_Kivy\.venv\Lib\site-packages\kivy\base.py", line 302, in post_dispatch_input
2025-11-07 16:24:29 | WARNING | logger.py:390 | [TO_DO]  stderr:     wid.dispatch('on_touch_up', me)
2025-11-07 16:24:29 | WARNING | logger.py:390 | [TO_DO]  stderr:     ~~~~~~~~~~~~^^^^^^^^^^^^^^^^^^^
2025-11-07 16:24:29 | WARNING | logger.py:390 | [TO_DO]  stderr:   File "kivy\\_event.pyx", line 731, in kivy._event.EventDispatcher.dispatch
2025-11-07 16:24:29 | WARNING | logger.py:390 | [TO_DO]  stderr:   File "D:\Python\TO_DO_Kivy\.venv\Lib\site-packages\kivy\uix\behaviors\button.py", line 179, in on_touch_up
2025-11-07 16:24:29 | WARNING | logger.py:390 | [TO_DO]  stderr:     self.dispatch('on_release')
2025-11-07 16:24:29 | WARNING | logger.py:390 | [TO_DO]  stderr:     ~~~~~~~~~~~~~^^^^^^^^^^^^^^
2025-11-07 16:24:29 | WARNING | logger.py:390 | [TO_DO]  stderr:   File "kivy\\_event.pyx", line 727, in kivy._event.EventDispatcher.dispatch
2025-11-07 16:24:29 | WARNING | logger.py:390 | [TO_DO]  stderr:   File "kivy\\_event.pyx", line 1307, in kivy._event.EventObservers.dispatch
2025-11-07 16:24:29 | WARNING | logger.py:390 | [TO_DO]  stderr:   File "kivy\\_event.pyx", line 1191, in kivy._event.EventObservers._dispatch
2025-11-07 16:24:29 | WARNING | logger.py:390 | [TO_DO]  stderr:   File "D:\Python\TO_DO_Kivy\.venv\Lib\site-packages\kivy\lang\builder.py", line 60, in custom_callback
2025-11-07 16:24:29 | WARNING | logger.py:390 | [TO_DO]  stderr:     exec(__kvlang__.co_value, idmap)
2025-11-07 16:24:29 | WARNING | logger.py:390 | [TO_DO]  stderr:     ~~~~^^^^^^^^^^^^^^^^^^^^^^^^^^^^
2025-11-07 16:24:29 | WARNING | logger.py:390 | [TO_DO]  stderr:   File "D:\Python\TO_DO_Kivy\kv\components\dropdown.kv", line 18, in <module>
2025-11-07 16:24:29 | WARNING | logger.py:390 | [TO_DO]  stderr:     root.root_screen.change_lang("ru") if app.config.get_param("app", "language") == "en" else ""
2025-11-07 16:24:29 | WARNING | logger.py:390 | [TO_DO]  stderr:     ^^^^^^^^^^^^
2025-11-07 16:24:29 | WARNING | logger.py:390 | [TO_DO]  stderr: AttributeError: 'SettingsScreen' object has no attribute 'change_lang'. Did you mean: 'change_ddt'?
2025-11-07 16:24:53 | WARNING | config_logger.py:43 | [TO_DO]  Application started with mode: debug
2025-11-07 16:24:54 | INFO | base.py:616 | [TO_DO]  Base: Leaving application in progress...
2025-11-07 16:24:54 | WARNING | logger.py:390 | [TO_DO]  stderr: Traceback (most recent call last):
2025-11-07 16:24:54 | WARNING | logger.py:390 | [TO_DO]  stderr:   File "D:\Python\TO_DO_Kivy\.venv\Lib\site-packages\kivy\lang\builder.py", line 245, in create_handler
2025-11-07 16:24:54 | WARNING | logger.py:390 | [TO_DO]  stderr:     return eval(value, idmap), bound_list
2025-11-07 16:24:54 | WARNING | logger.py:390 | [TO_DO]  stderr:            ~~~~^^^^^^^^^^^^^^
2025-11-07 16:24:54 | WARNING | logger.py:390 | [TO_DO]  stderr:   File "D:\Python\TO_DO_Kivy\kv\screens\settings.kv", line 43, in <module>
2025-11-07 16:24:54 | WARNING | logger.py:390 | [TO_DO]  stderr:     text: root.change_theme()
2025-11-07 16:24:54 | WARNING | logger.py:390 | [TO_DO]  stderr:     ^^^^^^^
2025-11-07 16:24:54 | WARNING | logger.py:390 | [TO_DO]  stderr: TypeError: 'str' object is not callable
2025-11-07 16:24:54 | WARNING | logger.py:390 | [TO_DO]  stderr: 
2025-11-07 16:24:54 | WARNING | logger.py:390 | [TO_DO]  stderr: During handling of the above exception, another exception occurred:
2025-11-07 16:24:54 | WARNING | logger.py:390 | [TO_DO]  stderr: 
2025-11-07 16:24:54 | WARNING | logger.py:390 | [TO_DO]  stderr: Traceback (most recent call last):
2025-11-07 16:24:54 | WARNING | logger.py:390 | [TO_DO]  stderr:   File "D:\Python\TO_DO_Kivy\.venv\Lib\site-packages\kivy\lang\builder.py", line 699, in _apply_rule
2025-11-07 16:24:54 | WARNING | logger.py:390 | [TO_DO]  stderr:     value, bound = create_handler(
2025-11-07 16:24:54 | WARNING | logger.py:390 | [TO_DO]  stderr:                    ~~~~~~~~~~~~~~^
2025-11-07 16:24:54 | WARNING | logger.py:390 | [TO_DO]  stderr:         widget_set, widget_set, key, value, rule,
2025-11-07 16:24:54 | WARNING | logger.py:390 | [TO_DO]  stderr:         ^^^^^^^^^^^^^^^^^^^^^^^^^^^^^^^^^^^^^^^^^
2025-11-07 16:24:54 | WARNING | logger.py:390 | [TO_DO]  stderr:         rctx['ids'])
2025-11-07 16:24:54 | WARNING | logger.py:390 | [TO_DO]  stderr:         ^^^^^^^^^^^^
2025-11-07 16:24:54 | WARNING | logger.py:390 | [TO_DO]  stderr:   File "D:\Python\TO_DO_Kivy\.venv\Lib\site-packages\kivy\lang\builder.py", line 248, in create_handler
2025-11-07 16:24:54 | WARNING | logger.py:390 | [TO_DO]  stderr:     raise BuilderException(rule.ctx, rule.line,
2025-11-07 16:24:54 | WARNING | logger.py:390 | [TO_DO]  stderr:                            '{}: {}'.format(e.__class__.__name__, e),
2025-11-07 16:24:54 | WARNING | logger.py:390 | [TO_DO]  stderr:                            cause=tb)
2025-11-07 16:24:54 | WARNING | logger.py:390 | [TO_DO]  stderr: kivy.lang.builder.BuilderException: Parser: File "D:\Python\TO_DO_Kivy\kv\screens\settings.kv", line 43:
2025-11-07 16:24:54 | WARNING | logger.py:390 | [TO_DO]  stderr: ...
2025-11-07 16:24:54 | WARNING | logger.py:390 | [TO_DO]  stderr:      41:            size_hint_y: None
2025-11-07 16:24:54 | WARNING | logger.py:390 | [TO_DO]  stderr:      42:            height: root.height_base
2025-11-07 16:24:54 | WARNING | logger.py:390 | [TO_DO]  stderr: >>   43:            text: root.change_theme()
2025-11-07 16:24:54 | WARNING | logger.py:390 | [TO_DO]  stderr:      44:            on_release:
2025-11-07 16:24:54 | WARNING | logger.py:390 | [TO_DO]  stderr:      45:                (hasattr(self, "dropdown_theme") or setattr(self, "dropdown_theme", Factory.DrDownTheme()))
2025-11-07 16:24:54 | WARNING | logger.py:390 | [TO_DO]  stderr: ...
2025-11-07 16:24:54 | WARNING | logger.py:390 | [TO_DO]  stderr: TypeError: 'str' object is not callable
2025-11-07 16:24:54 | WARNING | logger.py:390 | [TO_DO]  stderr:   File "D:\Python\TO_DO_Kivy\.venv\Lib\site-packages\kivy\lang\builder.py", line 245, in create_handler
2025-11-07 16:24:54 | WARNING | logger.py:390 | [TO_DO]  stderr:     return eval(value, idmap), bound_list
2025-11-07 16:24:54 | WARNING | logger.py:390 | [TO_DO]  stderr:            ~~~~^^^^^^^^^^^^^^
2025-11-07 16:24:54 | WARNING | logger.py:390 | [TO_DO]  stderr:   File "D:\Python\TO_DO_Kivy\kv\screens\settings.kv", line 43, in <module>
2025-11-07 16:24:54 | WARNING | logger.py:390 | [TO_DO]  stderr:     text: root.change_theme()
2025-11-07 16:24:54 | WARNING | logger.py:390 | [TO_DO]  stderr:     ^^^^^^^
2025-11-07 16:24:54 | WARNING | logger.py:390 | [TO_DO]  stderr: 
2025-11-07 16:24:54 | WARNING | logger.py:390 | [TO_DO]  stderr: 
2025-11-07 16:24:54 | WARNING | logger.py:390 | [TO_DO]  stderr: During handling of the above exception, another exception occurred:
2025-11-07 16:24:54 | WARNING | logger.py:390 | [TO_DO]  stderr: 
2025-11-07 16:24:54 | WARNING | logger.py:390 | [TO_DO]  stderr: Traceback (most recent call last):
2025-11-07 16:24:54 | WARNING | logger.py:390 | [TO_DO]  stderr:   File "D:\Python\TO_DO_Kivy\main.py", line 69, in <module>
2025-11-07 16:24:54 | WARNING | logger.py:390 | [TO_DO]  stderr:     TO_DOApp().run()
2025-11-07 16:24:54 | WARNING | logger.py:390 | [TO_DO]  stderr:     ~~~~~~~~~~~~~~^^
2025-11-07 16:24:54 | WARNING | logger.py:390 | [TO_DO]  stderr:   File "D:\Python\TO_DO_Kivy\.venv\Lib\site-packages\kivy\app.py", line 956, in run
2025-11-07 16:24:54 | WARNING | logger.py:390 | [TO_DO]  stderr:     runTouchApp()
2025-11-07 16:24:54 | WARNING | logger.py:390 | [TO_DO]  stderr:     ~~~~~~~~~~~^^
2025-11-07 16:24:54 | WARNING | logger.py:390 | [TO_DO]  stderr:   File "D:\Python\TO_DO_Kivy\.venv\Lib\site-packages\kivy\base.py", line 574, in runTouchApp
2025-11-07 16:24:54 | WARNING | logger.py:390 | [TO_DO]  stderr:     EventLoop.mainloop()
2025-11-07 16:24:54 | WARNING | logger.py:390 | [TO_DO]  stderr:     ~~~~~~~~~~~~~~~~~~^^
2025-11-07 16:24:54 | WARNING | logger.py:390 | [TO_DO]  stderr:   File "D:\Python\TO_DO_Kivy\.venv\Lib\site-packages\kivy\base.py", line 339, in mainloop
2025-11-07 16:24:54 | WARNING | logger.py:390 | [TO_DO]  stderr:     self.idle()
2025-11-07 16:24:54 | WARNING | logger.py:390 | [TO_DO]  stderr:     ~~~~~~~~~^^
2025-11-07 16:24:54 | WARNING | logger.py:390 | [TO_DO]  stderr:   File "D:\Python\TO_DO_Kivy\.venv\Lib\site-packages\kivy\base.py", line 379, in idle
2025-11-07 16:24:54 | WARNING | logger.py:390 | [TO_DO]  stderr:     Clock.tick()
2025-11-07 16:24:54 | WARNING | logger.py:390 | [TO_DO]  stderr:     ~~~~~~~~~~^^
2025-11-07 16:24:54 | WARNING | logger.py:390 | [TO_DO]  stderr:   File "D:\Python\TO_DO_Kivy\.venv\Lib\site-packages\kivy\clock.py", line 733, in tick
2025-11-07 16:24:54 | WARNING | logger.py:390 | [TO_DO]  stderr:     self.post_idle(ts, self.idle())
2025-11-07 16:24:54 | WARNING | logger.py:390 | [TO_DO]  stderr:     ~~~~~~~~~~~~~~^^^^^^^^^^^^^^^^^
2025-11-07 16:24:54 | WARNING | logger.py:390 | [TO_DO]  stderr:   File "D:\Python\TO_DO_Kivy\.venv\Lib\site-packages\kivy\clock.py", line 776, in post_idle
2025-11-07 16:24:54 | WARNING | logger.py:390 | [TO_DO]  stderr:     self._process_events()
2025-11-07 16:24:54 | WARNING | logger.py:390 | [TO_DO]  stderr:     ~~~~~~~~~~~~~~~~~~~~^^
2025-11-07 16:24:54 | WARNING | logger.py:390 | [TO_DO]  stderr:   File "kivy\\_clock.pyx", line 620, in kivy._clock.CyClockBase._process_events
2025-11-07 16:24:54 | WARNING | logger.py:390 | [TO_DO]  stderr:   File "kivy\\_clock.pyx", line 653, in kivy._clock.CyClockBase._process_events
2025-11-07 16:24:54 | WARNING | logger.py:390 | [TO_DO]  stderr:   File "kivy\\_clock.pyx", line 649, in kivy._clock.CyClockBase._process_events
2025-11-07 16:24:54 | WARNING | logger.py:390 | [TO_DO]  stderr:   File "kivy\\_clock.pyx", line 218, in kivy._clock.ClockEvent.tick
2025-11-07 16:24:54 | WARNING | logger.py:390 | [TO_DO]  stderr:   File "D:\Python\TO_DO_Kivy\screens\splash.py", line 98, in <lambda>
2025-11-07 16:24:54 | WARNING | logger.py:390 | [TO_DO]  stderr:     Clock.schedule_once(lambda *_: self.app.load_screens(),0.8)
2025-11-07 16:24:54 | WARNING | logger.py:390 | [TO_DO]  stderr:                                    ~~~~~~~~~~~~~~~~~~~~~^^
2025-11-07 16:24:54 | WARNING | logger.py:390 | [TO_DO]  stderr:   File "D:\Python\TO_DO_Kivy\main.py", line 65, in load_screens
2025-11-07 16:24:54 | WARNING | logger.py:390 | [TO_DO]  stderr:     self.root.add_widget(self.settings())
2025-11-07 16:24:54 | WARNING | logger.py:390 | [TO_DO]  stderr:                          ~~~~~~~~~~~~~^^
2025-11-07 16:24:54 | WARNING | logger.py:390 | [TO_DO]  stderr:   File "D:\Python\TO_DO_Kivy\.venv\Lib\site-packages\kivy\uix\boxlayout.py", line 145, in __init__
2025-11-07 16:24:54 | WARNING | logger.py:390 | [TO_DO]  stderr:     super(BoxLayout, self).__init__(**kwargs)
2025-11-07 16:24:54 | WARNING | logger.py:390 | [TO_DO]  stderr:     ~~~~~~~~~~~~~~~~~~~~~~~~~~~~~~~^^^^^^^^^^
2025-11-07 16:24:54 | WARNING | logger.py:390 | [TO_DO]  stderr:   File "D:\Python\TO_DO_Kivy\.venv\Lib\site-packages\kivy\uix\relativelayout.py", line 274, in __init__
2025-11-07 16:24:54 | WARNING | logger.py:390 | [TO_DO]  stderr:     super(RelativeLayout, self).__init__(**kw)
2025-11-07 16:24:54 | WARNING | logger.py:390 | [TO_DO]  stderr:     ~~~~~~~~~~~~~~~~~~~~~~~~~~~~~~~~~~~~^^^^^^
2025-11-07 16:24:54 | WARNING | logger.py:390 | [TO_DO]  stderr:   File "D:\Python\TO_DO_Kivy\.venv\Lib\site-packages\kivy\uix\floatlayout.py", line 65, in __init__
2025-11-07 16:24:54 | WARNING | logger.py:390 | [TO_DO]  stderr:     super(FloatLayout, self).__init__(**kwargs)
2025-11-07 16:24:54 | WARNING | logger.py:390 | [TO_DO]  stderr:     ~~~~~~~~~~~~~~~~~~~~~~~~~~~~~~~~~^^^^^^^^^^
2025-11-07 16:24:54 | WARNING | logger.py:390 | [TO_DO]  stderr:   File "D:\Python\TO_DO_Kivy\.venv\Lib\site-packages\kivy\uix\layout.py", line 76, in __init__
2025-11-07 16:24:54 | WARNING | logger.py:390 | [TO_DO]  stderr:     super(Layout, self).__init__(**kwargs)
2025-11-07 16:24:54 | WARNING | logger.py:390 | [TO_DO]  stderr:     ~~~~~~~~~~~~~~~~~~~~~~~~~~~~^^^^^^^^^^
2025-11-07 16:24:54 | WARNING | logger.py:390 | [TO_DO]  stderr:   File "D:\Python\TO_DO_Kivy\.venv\Lib\site-packages\kivy\uix\widget.py", line 366, in __init__
2025-11-07 16:24:54 | WARNING | logger.py:390 | [TO_DO]  stderr:     self.apply_class_lang_rules(
2025-11-07 16:24:54 | WARNING | logger.py:390 | [TO_DO]  stderr:     ~~~~~~~~~~~~~~~~~~~~~~~~~~~^
2025-11-07 16:24:54 | WARNING | logger.py:390 | [TO_DO]  stderr:         ignored_consts=self._kwargs_applied_init,
2025-11-07 16:24:54 | WARNING | logger.py:390 | [TO_DO]  stderr:         ^^^^^^^^^^^^^^^^^^^^^^^^^^^^^^^^^^^^^^^^^
2025-11-07 16:24:54 | WARNING | logger.py:390 | [TO_DO]  stderr:         rule_children=rule_children)
2025-11-07 16:24:54 | WARNING | logger.py:390 | [TO_DO]  stderr:         ^^^^^^^^^^^^^^^^^^^^^^^^^^^^
2025-11-07 16:24:54 | WARNING | logger.py:390 | [TO_DO]  stderr:   File "D:\Python\TO_DO_Kivy\.venv\Lib\site-packages\kivy\uix\widget.py", line 470, in apply_class_lang_rules
2025-11-07 16:24:54 | WARNING | logger.py:390 | [TO_DO]  stderr:     Builder.apply(
2025-11-07 16:24:54 | WARNING | logger.py:390 | [TO_DO]  stderr:     ~~~~~~~~~~~~~^
2025-11-07 16:24:54 | WARNING | logger.py:390 | [TO_DO]  stderr:         self, ignored_consts=ignored_consts,
2025-11-07 16:24:54 | WARNING | logger.py:390 | [TO_DO]  stderr:         ^^^^^^^^^^^^^^^^^^^^^^^^^^^^^^^^^^^^
2025-11-07 16:24:54 | WARNING | logger.py:390 | [TO_DO]  stderr:         rule_children=rule_children)
2025-11-07 16:24:54 | WARNING | logger.py:390 | [TO_DO]  stderr:         ^^^^^^^^^^^^^^^^^^^^^^^^^^^^
2025-11-07 16:24:54 | WARNING | logger.py:390 | [TO_DO]  stderr:   File "D:\Python\TO_DO_Kivy\.venv\Lib\site-packages\kivy\lang\builder.py", line 545, in apply
2025-11-07 16:24:54 | WARNING | logger.py:390 | [TO_DO]  stderr:     self._apply_rule(
2025-11-07 16:24:54 | WARNING | logger.py:390 | [TO_DO]  stderr:     ~~~~~~~~~~~~~~~~^
2025-11-07 16:24:54 | WARNING | logger.py:390 | [TO_DO]  stderr:         widget, rule, rule, ignored_consts=ignored_consts,
2025-11-07 16:24:54 | WARNING | logger.py:390 | [TO_DO]  stderr:         ^^^^^^^^^^^^^^^^^^^^^^^^^^^^^^^^^^^^^^^^^^^^^^^^^^
2025-11-07 16:24:54 | WARNING | logger.py:390 | [TO_DO]  stderr:         rule_children=rule_children)
2025-11-07 16:24:54 | WARNING | logger.py:390 | [TO_DO]  stderr:         ^^^^^^^^^^^^^^^^^^^^^^^^^^^^
2025-11-07 16:24:54 | WARNING | logger.py:390 | [TO_DO]  stderr:   File "D:\Python\TO_DO_Kivy\.venv\Lib\site-packages\kivy\lang\builder.py", line 714, in _apply_rule
2025-11-07 16:24:54 | WARNING | logger.py:390 | [TO_DO]  stderr:     raise BuilderException(rule.ctx, rule.line,
2025-11-07 16:24:54 | WARNING | logger.py:390 | [TO_DO]  stderr:                            '{}: {}'.format(e.__class__.__name__,
2025-11-07 16:24:54 | WARNING | logger.py:390 | [TO_DO]  stderr:                                            e), cause=tb)
2025-11-07 16:24:54 | WARNING | logger.py:390 | [TO_DO]  stderr: kivy.lang.builder.BuilderException: Parser: File "D:\Python\TO_DO_Kivy\kv\screens\settings.kv", line 43:
2025-11-07 16:24:54 | WARNING | logger.py:390 | [TO_DO]  stderr: ...
2025-11-07 16:24:54 | WARNING | logger.py:390 | [TO_DO]  stderr:      41:            size_hint_y: None
2025-11-07 16:24:54 | WARNING | logger.py:390 | [TO_DO]  stderr:      42:            height: root.height_base
2025-11-07 16:24:54 | WARNING | logger.py:390 | [TO_DO]  stderr: >>   43:            text: root.change_theme()
2025-11-07 16:24:54 | WARNING | logger.py:390 | [TO_DO]  stderr:      44:            on_release:
2025-11-07 16:24:54 | WARNING | logger.py:390 | [TO_DO]  stderr:      45:                (hasattr(self, "dropdown_theme") or setattr(self, "dropdown_theme", Factory.DrDownTheme()))
2025-11-07 16:24:54 | WARNING | logger.py:390 | [TO_DO]  stderr: ...
2025-11-07 16:24:54 | WARNING | logger.py:390 | [TO_DO]  stderr: BuilderException: Parser: File "D:\Python\TO_DO_Kivy\kv\screens\settings.kv", line 43:
2025-11-07 16:24:54 | WARNING | logger.py:390 | [TO_DO]  stderr: ...
2025-11-07 16:24:54 | WARNING | logger.py:390 | [TO_DO]  stderr:      41:            size_hint_y: None
2025-11-07 16:24:54 | WARNING | logger.py:390 | [TO_DO]  stderr:      42:            height: root.height_base
2025-11-07 16:24:54 | WARNING | logger.py:390 | [TO_DO]  stderr: >>   43:            text: root.change_theme()
2025-11-07 16:24:54 | WARNING | logger.py:390 | [TO_DO]  stderr:      44:            on_release:
2025-11-07 16:24:54 | WARNING | logger.py:390 | [TO_DO]  stderr:      45:                (hasattr(self, "dropdown_theme") or setattr(self, "dropdown_theme", Factory.DrDownTheme()))
2025-11-07 16:24:54 | WARNING | logger.py:390 | [TO_DO]  stderr: ...
2025-11-07 16:24:54 | WARNING | logger.py:390 | [TO_DO]  stderr: TypeError: 'str' object is not callable
2025-11-07 16:24:54 | WARNING | logger.py:390 | [TO_DO]  stderr:   File "D:\Python\TO_DO_Kivy\.venv\Lib\site-packages\kivy\lang\builder.py", line 245, in create_handler
2025-11-07 16:24:54 | WARNING | logger.py:390 | [TO_DO]  stderr:     return eval(value, idmap), bound_list
2025-11-07 16:24:54 | WARNING | logger.py:390 | [TO_DO]  stderr:            ~~~~^^^^^^^^^^^^^^
2025-11-07 16:24:54 | WARNING | logger.py:390 | [TO_DO]  stderr:   File "D:\Python\TO_DO_Kivy\kv\screens\settings.kv", line 43, in <module>
2025-11-07 16:24:54 | WARNING | logger.py:390 | [TO_DO]  stderr:     text: root.change_theme()
2025-11-07 16:24:54 | WARNING | logger.py:390 | [TO_DO]  stderr:     ^^^^^^^
2025-11-07 16:24:54 | WARNING | logger.py:390 | [TO_DO]  stderr: 
2025-11-07 16:24:54 | WARNING | logger.py:390 | [TO_DO]  stderr:   File "D:\Python\TO_DO_Kivy\.venv\Lib\site-packages\kivy\lang\builder.py", line 699, in _apply_rule
2025-11-07 16:24:54 | WARNING | logger.py:390 | [TO_DO]  stderr:     value, bound = create_handler(
2025-11-07 16:24:54 | WARNING | logger.py:390 | [TO_DO]  stderr:                    ~~~~~~~~~~~~~~^
2025-11-07 16:24:54 | WARNING | logger.py:390 | [TO_DO]  stderr:         widget_set, widget_set, key, value, rule,
2025-11-07 16:24:54 | WARNING | logger.py:390 | [TO_DO]  stderr:         ^^^^^^^^^^^^^^^^^^^^^^^^^^^^^^^^^^^^^^^^^
2025-11-07 16:24:54 | WARNING | logger.py:390 | [TO_DO]  stderr:         rctx['ids'])
2025-11-07 16:24:54 | WARNING | logger.py:390 | [TO_DO]  stderr:         ^^^^^^^^^^^^
2025-11-07 16:24:54 | WARNING | logger.py:390 | [TO_DO]  stderr:   File "D:\Python\TO_DO_Kivy\.venv\Lib\site-packages\kivy\lang\builder.py", line 248, in create_handler
2025-11-07 16:24:54 | WARNING | logger.py:390 | [TO_DO]  stderr:     raise BuilderException(rule.ctx, rule.line,
2025-11-07 16:24:54 | WARNING | logger.py:390 | [TO_DO]  stderr:                            '{}: {}'.format(e.__class__.__name__, e),
2025-11-07 16:24:54 | WARNING | logger.py:390 | [TO_DO]  stderr:                            cause=tb)
2025-11-07 16:24:54 | WARNING | logger.py:390 | [TO_DO]  stderr: 
2025-11-07 16:26:35 | WARNING | config_logger.py:43 | [TO_DO]  Application started with mode: debug
2025-11-07 16:26:37 | INFO | base.py:616 | [TO_DO]  Base: Leaving application in progress...
2025-11-07 16:26:37 | WARNING | logger.py:390 | [TO_DO]  stderr: Traceback (most recent call last):
2025-11-07 16:26:37 | WARNING | logger.py:390 | [TO_DO]  stderr:   File "D:\Python\TO_DO_Kivy\.venv\Lib\site-packages\kivy\lang\builder.py", line 245, in create_handler
2025-11-07 16:26:37 | WARNING | logger.py:390 | [TO_DO]  stderr:     return eval(value, idmap), bound_list
2025-11-07 16:26:37 | WARNING | logger.py:390 | [TO_DO]  stderr:            ~~~~^^^^^^^^^^^^^^
2025-11-07 16:26:37 | WARNING | logger.py:390 | [TO_DO]  stderr:   File "D:\Python\TO_DO_Kivy\kv\screens\settings.kv", line 43, in <module>
2025-11-07 16:26:37 | WARNING | logger.py:390 | [TO_DO]  stderr:     text: root.change_theme()
2025-11-07 16:26:37 | WARNING | logger.py:390 | [TO_DO]  stderr:     ^^^^^
2025-11-07 16:26:37 | WARNING | logger.py:390 | [TO_DO]  stderr:   File "kivy\\weakproxy.pyx", line 32, in kivy.weakproxy.WeakProxy.__getattr__
2025-11-07 16:26:37 | WARNING | logger.py:390 | [TO_DO]  stderr: AttributeError: 'SettingsScreen' object has no attribute 'change_theme'
2025-11-07 16:26:37 | WARNING | logger.py:390 | [TO_DO]  stderr: 
2025-11-07 16:26:37 | WARNING | logger.py:390 | [TO_DO]  stderr: During handling of the above exception, another exception occurred:
2025-11-07 16:26:37 | WARNING | logger.py:390 | [TO_DO]  stderr: 
2025-11-07 16:26:37 | WARNING | logger.py:390 | [TO_DO]  stderr: Traceback (most recent call last):
2025-11-07 16:26:37 | WARNING | logger.py:390 | [TO_DO]  stderr:   File "D:\Python\TO_DO_Kivy\.venv\Lib\site-packages\kivy\lang\builder.py", line 699, in _apply_rule
2025-11-07 16:26:37 | WARNING | logger.py:390 | [TO_DO]  stderr:     value, bound = create_handler(
2025-11-07 16:26:37 | WARNING | logger.py:390 | [TO_DO]  stderr:                    ~~~~~~~~~~~~~~^
2025-11-07 16:26:37 | WARNING | logger.py:390 | [TO_DO]  stderr:         widget_set, widget_set, key, value, rule,
2025-11-07 16:26:37 | WARNING | logger.py:390 | [TO_DO]  stderr:         ^^^^^^^^^^^^^^^^^^^^^^^^^^^^^^^^^^^^^^^^^
2025-11-07 16:26:37 | WARNING | logger.py:390 | [TO_DO]  stderr:         rctx['ids'])
2025-11-07 16:26:37 | WARNING | logger.py:390 | [TO_DO]  stderr:         ^^^^^^^^^^^^
2025-11-07 16:26:37 | WARNING | logger.py:390 | [TO_DO]  stderr:   File "D:\Python\TO_DO_Kivy\.venv\Lib\site-packages\kivy\lang\builder.py", line 248, in create_handler
2025-11-07 16:26:37 | WARNING | logger.py:390 | [TO_DO]  stderr:     raise BuilderException(rule.ctx, rule.line,
2025-11-07 16:26:37 | WARNING | logger.py:390 | [TO_DO]  stderr:                            '{}: {}'.format(e.__class__.__name__, e),
2025-11-07 16:26:37 | WARNING | logger.py:390 | [TO_DO]  stderr:                            cause=tb)
2025-11-07 16:26:37 | WARNING | logger.py:390 | [TO_DO]  stderr: kivy.lang.builder.BuilderException: Parser: File "D:\Python\TO_DO_Kivy\kv\screens\settings.kv", line 43:
2025-11-07 16:26:37 | WARNING | logger.py:390 | [TO_DO]  stderr: ...
2025-11-07 16:26:37 | WARNING | logger.py:390 | [TO_DO]  stderr:      41:            size_hint_y: None
2025-11-07 16:26:37 | WARNING | logger.py:390 | [TO_DO]  stderr:      42:            height: root.height_base
2025-11-07 16:26:37 | WARNING | logger.py:390 | [TO_DO]  stderr: >>   43:            text: root.change_theme()
2025-11-07 16:26:37 | WARNING | logger.py:390 | [TO_DO]  stderr:      44:            on_release:
2025-11-07 16:26:37 | WARNING | logger.py:390 | [TO_DO]  stderr:      45:                (hasattr(self, "dropdown_theme") or setattr(self, "dropdown_theme", Factory.DrDownTheme()))
2025-11-07 16:26:37 | WARNING | logger.py:390 | [TO_DO]  stderr: ...
2025-11-07 16:26:37 | WARNING | logger.py:390 | [TO_DO]  stderr: AttributeError: 'SettingsScreen' object has no attribute 'change_theme'
2025-11-07 16:26:37 | WARNING | logger.py:390 | [TO_DO]  stderr:   File "D:\Python\TO_DO_Kivy\.venv\Lib\site-packages\kivy\lang\builder.py", line 245, in create_handler
2025-11-07 16:26:37 | WARNING | logger.py:390 | [TO_DO]  stderr:     return eval(value, idmap), bound_list
2025-11-07 16:26:37 | WARNING | logger.py:390 | [TO_DO]  stderr:            ~~~~^^^^^^^^^^^^^^
2025-11-07 16:26:37 | WARNING | logger.py:390 | [TO_DO]  stderr:   File "D:\Python\TO_DO_Kivy\kv\screens\settings.kv", line 43, in <module>
2025-11-07 16:26:37 | WARNING | logger.py:390 | [TO_DO]  stderr:     text: root.change_theme()
2025-11-07 16:26:37 | WARNING | logger.py:390 | [TO_DO]  stderr:     ^^^^^
2025-11-07 16:26:37 | WARNING | logger.py:390 | [TO_DO]  stderr:   File "kivy\\weakproxy.pyx", line 32, in kivy.weakproxy.WeakProxy.__getattr__
2025-11-07 16:26:37 | WARNING | logger.py:390 | [TO_DO]  stderr: 
2025-11-07 16:26:37 | WARNING | logger.py:390 | [TO_DO]  stderr: 
2025-11-07 16:26:37 | WARNING | logger.py:390 | [TO_DO]  stderr: During handling of the above exception, another exception occurred:
2025-11-07 16:26:37 | WARNING | logger.py:390 | [TO_DO]  stderr: 
2025-11-07 16:26:37 | WARNING | logger.py:390 | [TO_DO]  stderr: Traceback (most recent call last):
2025-11-07 16:26:37 | WARNING | logger.py:390 | [TO_DO]  stderr:   File "D:\Python\TO_DO_Kivy\main.py", line 69, in <module>
2025-11-07 16:26:37 | WARNING | logger.py:390 | [TO_DO]  stderr:     TO_DOApp().run()
2025-11-07 16:26:37 | WARNING | logger.py:390 | [TO_DO]  stderr:     ~~~~~~~~~~~~~~^^
2025-11-07 16:26:37 | WARNING | logger.py:390 | [TO_DO]  stderr:   File "D:\Python\TO_DO_Kivy\.venv\Lib\site-packages\kivy\app.py", line 956, in run
2025-11-07 16:26:37 | WARNING | logger.py:390 | [TO_DO]  stderr:     runTouchApp()
2025-11-07 16:26:37 | WARNING | logger.py:390 | [TO_DO]  stderr:     ~~~~~~~~~~~^^
2025-11-07 16:26:37 | WARNING | logger.py:390 | [TO_DO]  stderr:   File "D:\Python\TO_DO_Kivy\.venv\Lib\site-packages\kivy\base.py", line 574, in runTouchApp
2025-11-07 16:26:37 | WARNING | logger.py:390 | [TO_DO]  stderr:     EventLoop.mainloop()
2025-11-07 16:26:37 | WARNING | logger.py:390 | [TO_DO]  stderr:     ~~~~~~~~~~~~~~~~~~^^
2025-11-07 16:26:37 | WARNING | logger.py:390 | [TO_DO]  stderr:   File "D:\Python\TO_DO_Kivy\.venv\Lib\site-packages\kivy\base.py", line 339, in mainloop
2025-11-07 16:26:37 | WARNING | logger.py:390 | [TO_DO]  stderr:     self.idle()
2025-11-07 16:26:37 | WARNING | logger.py:390 | [TO_DO]  stderr:     ~~~~~~~~~^^
2025-11-07 16:26:37 | WARNING | logger.py:390 | [TO_DO]  stderr:   File "D:\Python\TO_DO_Kivy\.venv\Lib\site-packages\kivy\base.py", line 379, in idle
2025-11-07 16:26:37 | WARNING | logger.py:390 | [TO_DO]  stderr:     Clock.tick()
2025-11-07 16:26:37 | WARNING | logger.py:390 | [TO_DO]  stderr:     ~~~~~~~~~~^^
2025-11-07 16:26:37 | WARNING | logger.py:390 | [TO_DO]  stderr:   File "D:\Python\TO_DO_Kivy\.venv\Lib\site-packages\kivy\clock.py", line 733, in tick
2025-11-07 16:26:37 | WARNING | logger.py:390 | [TO_DO]  stderr:     self.post_idle(ts, self.idle())
2025-11-07 16:26:37 | WARNING | logger.py:390 | [TO_DO]  stderr:     ~~~~~~~~~~~~~~^^^^^^^^^^^^^^^^^
2025-11-07 16:26:37 | WARNING | logger.py:390 | [TO_DO]  stderr:   File "D:\Python\TO_DO_Kivy\.venv\Lib\site-packages\kivy\clock.py", line 776, in post_idle
2025-11-07 16:26:37 | WARNING | logger.py:390 | [TO_DO]  stderr:     self._process_events()
2025-11-07 16:26:37 | WARNING | logger.py:390 | [TO_DO]  stderr:     ~~~~~~~~~~~~~~~~~~~~^^
2025-11-07 16:26:37 | WARNING | logger.py:390 | [TO_DO]  stderr:   File "kivy\\_clock.pyx", line 620, in kivy._clock.CyClockBase._process_events
2025-11-07 16:26:37 | WARNING | logger.py:390 | [TO_DO]  stderr:   File "kivy\\_clock.pyx", line 653, in kivy._clock.CyClockBase._process_events
2025-11-07 16:26:37 | WARNING | logger.py:390 | [TO_DO]  stderr:   File "kivy\\_clock.pyx", line 649, in kivy._clock.CyClockBase._process_events
2025-11-07 16:26:37 | WARNING | logger.py:390 | [TO_DO]  stderr:   File "kivy\\_clock.pyx", line 218, in kivy._clock.ClockEvent.tick
2025-11-07 16:26:37 | WARNING | logger.py:390 | [TO_DO]  stderr:   File "D:\Python\TO_DO_Kivy\screens\splash.py", line 98, in <lambda>
2025-11-07 16:26:37 | WARNING | logger.py:390 | [TO_DO]  stderr:     Clock.schedule_once(lambda *_: self.app.load_screens(),0.8)
2025-11-07 16:26:37 | WARNING | logger.py:390 | [TO_DO]  stderr:                                    ~~~~~~~~~~~~~~~~~~~~~^^
2025-11-07 16:26:37 | WARNING | logger.py:390 | [TO_DO]  stderr:   File "D:\Python\TO_DO_Kivy\main.py", line 65, in load_screens
2025-11-07 16:26:37 | WARNING | logger.py:390 | [TO_DO]  stderr:     self.root.add_widget(self.settings())
2025-11-07 16:26:37 | WARNING | logger.py:390 | [TO_DO]  stderr:                          ~~~~~~~~~~~~~^^
2025-11-07 16:26:37 | WARNING | logger.py:390 | [TO_DO]  stderr:   File "D:\Python\TO_DO_Kivy\.venv\Lib\site-packages\kivy\uix\boxlayout.py", line 145, in __init__
2025-11-07 16:26:37 | WARNING | logger.py:390 | [TO_DO]  stderr:     super(BoxLayout, self).__init__(**kwargs)
2025-11-07 16:26:37 | WARNING | logger.py:390 | [TO_DO]  stderr:     ~~~~~~~~~~~~~~~~~~~~~~~~~~~~~~~^^^^^^^^^^
2025-11-07 16:26:37 | WARNING | logger.py:390 | [TO_DO]  stderr:   File "D:\Python\TO_DO_Kivy\.venv\Lib\site-packages\kivy\uix\relativelayout.py", line 274, in __init__
2025-11-07 16:26:37 | WARNING | logger.py:390 | [TO_DO]  stderr:     super(RelativeLayout, self).__init__(**kw)
2025-11-07 16:26:37 | WARNING | logger.py:390 | [TO_DO]  stderr:     ~~~~~~~~~~~~~~~~~~~~~~~~~~~~~~~~~~~~^^^^^^
2025-11-07 16:26:37 | WARNING | logger.py:390 | [TO_DO]  stderr:   File "D:\Python\TO_DO_Kivy\.venv\Lib\site-packages\kivy\uix\floatlayout.py", line 65, in __init__
2025-11-07 16:26:37 | WARNING | logger.py:390 | [TO_DO]  stderr:     super(FloatLayout, self).__init__(**kwargs)
2025-11-07 16:26:37 | WARNING | logger.py:390 | [TO_DO]  stderr:     ~~~~~~~~~~~~~~~~~~~~~~~~~~~~~~~~~^^^^^^^^^^
2025-11-07 16:26:37 | WARNING | logger.py:390 | [TO_DO]  stderr:   File "D:\Python\TO_DO_Kivy\.venv\Lib\site-packages\kivy\uix\layout.py", line 76, in __init__
2025-11-07 16:26:37 | WARNING | logger.py:390 | [TO_DO]  stderr:     super(Layout, self).__init__(**kwargs)
2025-11-07 16:26:37 | WARNING | logger.py:390 | [TO_DO]  stderr:     ~~~~~~~~~~~~~~~~~~~~~~~~~~~~^^^^^^^^^^
2025-11-07 16:26:37 | WARNING | logger.py:390 | [TO_DO]  stderr:   File "D:\Python\TO_DO_Kivy\.venv\Lib\site-packages\kivy\uix\widget.py", line 366, in __init__
2025-11-07 16:26:37 | WARNING | logger.py:390 | [TO_DO]  stderr:     self.apply_class_lang_rules(
2025-11-07 16:26:37 | WARNING | logger.py:390 | [TO_DO]  stderr:     ~~~~~~~~~~~~~~~~~~~~~~~~~~~^
2025-11-07 16:26:37 | WARNING | logger.py:390 | [TO_DO]  stderr:         ignored_consts=self._kwargs_applied_init,
2025-11-07 16:26:37 | WARNING | logger.py:390 | [TO_DO]  stderr:         ^^^^^^^^^^^^^^^^^^^^^^^^^^^^^^^^^^^^^^^^^
2025-11-07 16:26:37 | WARNING | logger.py:390 | [TO_DO]  stderr:         rule_children=rule_children)
2025-11-07 16:26:37 | WARNING | logger.py:390 | [TO_DO]  stderr:         ^^^^^^^^^^^^^^^^^^^^^^^^^^^^
2025-11-07 16:26:37 | WARNING | logger.py:390 | [TO_DO]  stderr:   File "D:\Python\TO_DO_Kivy\.venv\Lib\site-packages\kivy\uix\widget.py", line 470, in apply_class_lang_rules
2025-11-07 16:26:37 | WARNING | logger.py:390 | [TO_DO]  stderr:     Builder.apply(
2025-11-07 16:26:37 | WARNING | logger.py:390 | [TO_DO]  stderr:     ~~~~~~~~~~~~~^
2025-11-07 16:26:37 | WARNING | logger.py:390 | [TO_DO]  stderr:         self, ignored_consts=ignored_consts,
2025-11-07 16:26:37 | WARNING | logger.py:390 | [TO_DO]  stderr:         ^^^^^^^^^^^^^^^^^^^^^^^^^^^^^^^^^^^^
2025-11-07 16:26:37 | WARNING | logger.py:390 | [TO_DO]  stderr:         rule_children=rule_children)
2025-11-07 16:26:37 | WARNING | logger.py:390 | [TO_DO]  stderr:         ^^^^^^^^^^^^^^^^^^^^^^^^^^^^
2025-11-07 16:26:37 | WARNING | logger.py:390 | [TO_DO]  stderr:   File "D:\Python\TO_DO_Kivy\.venv\Lib\site-packages\kivy\lang\builder.py", line 545, in apply
2025-11-07 16:26:37 | WARNING | logger.py:390 | [TO_DO]  stderr:     self._apply_rule(
2025-11-07 16:26:37 | WARNING | logger.py:390 | [TO_DO]  stderr:     ~~~~~~~~~~~~~~~~^
2025-11-07 16:26:37 | WARNING | logger.py:390 | [TO_DO]  stderr:         widget, rule, rule, ignored_consts=ignored_consts,
2025-11-07 16:26:37 | WARNING | logger.py:390 | [TO_DO]  stderr:         ^^^^^^^^^^^^^^^^^^^^^^^^^^^^^^^^^^^^^^^^^^^^^^^^^^
2025-11-07 16:26:37 | WARNING | logger.py:390 | [TO_DO]  stderr:         rule_children=rule_children)
2025-11-07 16:26:37 | WARNING | logger.py:390 | [TO_DO]  stderr:         ^^^^^^^^^^^^^^^^^^^^^^^^^^^^
2025-11-07 16:26:37 | WARNING | logger.py:390 | [TO_DO]  stderr:   File "D:\Python\TO_DO_Kivy\.venv\Lib\site-packages\kivy\lang\builder.py", line 714, in _apply_rule
2025-11-07 16:26:37 | WARNING | logger.py:390 | [TO_DO]  stderr:     raise BuilderException(rule.ctx, rule.line,
2025-11-07 16:26:37 | WARNING | logger.py:390 | [TO_DO]  stderr:                            '{}: {}'.format(e.__class__.__name__,
2025-11-07 16:26:37 | WARNING | logger.py:390 | [TO_DO]  stderr:                                            e), cause=tb)
2025-11-07 16:26:37 | WARNING | logger.py:390 | [TO_DO]  stderr: kivy.lang.builder.BuilderException: Parser: File "D:\Python\TO_DO_Kivy\kv\screens\settings.kv", line 43:
2025-11-07 16:26:37 | WARNING | logger.py:390 | [TO_DO]  stderr: ...
2025-11-07 16:26:37 | WARNING | logger.py:390 | [TO_DO]  stderr:      41:            size_hint_y: None
2025-11-07 16:26:37 | WARNING | logger.py:390 | [TO_DO]  stderr:      42:            height: root.height_base
2025-11-07 16:26:37 | WARNING | logger.py:390 | [TO_DO]  stderr: >>   43:            text: root.change_theme()
2025-11-07 16:26:37 | WARNING | logger.py:390 | [TO_DO]  stderr:      44:            on_release:
2025-11-07 16:26:37 | WARNING | logger.py:390 | [TO_DO]  stderr:      45:                (hasattr(self, "dropdown_theme") or setattr(self, "dropdown_theme", Factory.DrDownTheme()))
2025-11-07 16:26:37 | WARNING | logger.py:390 | [TO_DO]  stderr: ...
2025-11-07 16:26:37 | WARNING | logger.py:390 | [TO_DO]  stderr: BuilderException: Parser: File "D:\Python\TO_DO_Kivy\kv\screens\settings.kv", line 43:
2025-11-07 16:26:37 | WARNING | logger.py:390 | [TO_DO]  stderr: ...
2025-11-07 16:26:37 | WARNING | logger.py:390 | [TO_DO]  stderr:      41:            size_hint_y: None
2025-11-07 16:26:37 | WARNING | logger.py:390 | [TO_DO]  stderr:      42:            height: root.height_base
2025-11-07 16:26:37 | WARNING | logger.py:390 | [TO_DO]  stderr: >>   43:            text: root.change_theme()
2025-11-07 16:26:37 | WARNING | logger.py:390 | [TO_DO]  stderr:      44:            on_release:
2025-11-07 16:26:37 | WARNING | logger.py:390 | [TO_DO]  stderr:      45:                (hasattr(self, "dropdown_theme") or setattr(self, "dropdown_theme", Factory.DrDownTheme()))
2025-11-07 16:26:37 | WARNING | logger.py:390 | [TO_DO]  stderr: ...
2025-11-07 16:26:37 | WARNING | logger.py:390 | [TO_DO]  stderr: AttributeError: 'SettingsScreen' object has no attribute 'change_theme'
2025-11-07 16:26:37 | WARNING | logger.py:390 | [TO_DO]  stderr:   File "D:\Python\TO_DO_Kivy\.venv\Lib\site-packages\kivy\lang\builder.py", line 245, in create_handler
2025-11-07 16:26:37 | WARNING | logger.py:390 | [TO_DO]  stderr:     return eval(value, idmap), bound_list
2025-11-07 16:26:37 | WARNING | logger.py:390 | [TO_DO]  stderr:            ~~~~^^^^^^^^^^^^^^
2025-11-07 16:26:37 | WARNING | logger.py:390 | [TO_DO]  stderr:   File "D:\Python\TO_DO_Kivy\kv\screens\settings.kv", line 43, in <module>
2025-11-07 16:26:37 | WARNING | logger.py:390 | [TO_DO]  stderr:     text: root.change_theme()
2025-11-07 16:26:37 | WARNING | logger.py:390 | [TO_DO]  stderr:     ^^^^^
2025-11-07 16:26:37 | WARNING | logger.py:390 | [TO_DO]  stderr:   File "kivy\\weakproxy.pyx", line 32, in kivy.weakproxy.WeakProxy.__getattr__
2025-11-07 16:26:37 | WARNING | logger.py:390 | [TO_DO]  stderr: 
2025-11-07 16:26:37 | WARNING | logger.py:390 | [TO_DO]  stderr:   File "D:\Python\TO_DO_Kivy\.venv\Lib\site-packages\kivy\lang\builder.py", line 699, in _apply_rule
2025-11-07 16:26:37 | WARNING | logger.py:390 | [TO_DO]  stderr:     value, bound = create_handler(
2025-11-07 16:26:37 | WARNING | logger.py:390 | [TO_DO]  stderr:                    ~~~~~~~~~~~~~~^
2025-11-07 16:26:37 | WARNING | logger.py:390 | [TO_DO]  stderr:         widget_set, widget_set, key, value, rule,
2025-11-07 16:26:37 | WARNING | logger.py:390 | [TO_DO]  stderr:         ^^^^^^^^^^^^^^^^^^^^^^^^^^^^^^^^^^^^^^^^^
2025-11-07 16:26:37 | WARNING | logger.py:390 | [TO_DO]  stderr:         rctx['ids'])
2025-11-07 16:26:37 | WARNING | logger.py:390 | [TO_DO]  stderr:         ^^^^^^^^^^^^
2025-11-07 16:26:37 | WARNING | logger.py:390 | [TO_DO]  stderr:   File "D:\Python\TO_DO_Kivy\.venv\Lib\site-packages\kivy\lang\builder.py", line 248, in create_handler
2025-11-07 16:26:37 | WARNING | logger.py:390 | [TO_DO]  stderr:     raise BuilderException(rule.ctx, rule.line,
2025-11-07 16:26:37 | WARNING | logger.py:390 | [TO_DO]  stderr:                            '{}: {}'.format(e.__class__.__name__, e),
2025-11-07 16:26:37 | WARNING | logger.py:390 | [TO_DO]  stderr:                            cause=tb)
2025-11-07 16:26:37 | WARNING | logger.py:390 | [TO_DO]  stderr: 
2025-11-07 16:27:26 | WARNING | config_logger.py:43 | [TO_DO]  Application started with mode: debug
2025-11-07 16:27:29 | DEBUG | main_menu.py:63 | [TO_DO]  Init MainMenu
2025-11-07 16:27:31 | DEBUG | setting.py:45 | [TO_DO]  load settings screen
2025-11-07 16:27:35 | DEBUG | setting.py:76 | [TO_DO]  Change Theme on - light
2025-11-07 16:27:38 | DEBUG | setting.py:76 | [TO_DO]  Change Theme on - dark
2025-11-07 16:27:42 | INFO | base.py:616 | [TO_DO]  Base: Leaving application in progress...
2025-11-07 16:27:42 | WARNING | logger.py:390 | [TO_DO]  stderr: Traceback (most recent call last):
2025-11-07 16:27:42 | WARNING | logger.py:390 | [TO_DO]  stderr:   File "D:\Python\TO_DO_Kivy\main.py", line 69, in <module>
2025-11-07 16:27:42 | WARNING | logger.py:390 | [TO_DO]  stderr:     TO_DOApp().run()
2025-11-07 16:27:42 | WARNING | logger.py:390 | [TO_DO]  stderr:     ~~~~~~~~~~~~~~^^
2025-11-07 16:27:42 | WARNING | logger.py:390 | [TO_DO]  stderr:   File "D:\Python\TO_DO_Kivy\.venv\Lib\site-packages\kivy\app.py", line 956, in run
2025-11-07 16:27:42 | WARNING | logger.py:390 | [TO_DO]  stderr:     runTouchApp()
2025-11-07 16:27:42 | WARNING | logger.py:390 | [TO_DO]  stderr:     ~~~~~~~~~~~^^
2025-11-07 16:27:42 | WARNING | logger.py:390 | [TO_DO]  stderr:   File "D:\Python\TO_DO_Kivy\.venv\Lib\site-packages\kivy\base.py", line 574, in runTouchApp
2025-11-07 16:27:42 | WARNING | logger.py:390 | [TO_DO]  stderr:     EventLoop.mainloop()
2025-11-07 16:27:42 | WARNING | logger.py:390 | [TO_DO]  stderr:     ~~~~~~~~~~~~~~~~~~^^
2025-11-07 16:27:42 | WARNING | logger.py:390 | [TO_DO]  stderr:   File "D:\Python\TO_DO_Kivy\.venv\Lib\site-packages\kivy\base.py", line 339, in mainloop
2025-11-07 16:27:42 | WARNING | logger.py:390 | [TO_DO]  stderr:     self.idle()
2025-11-07 16:27:42 | WARNING | logger.py:390 | [TO_DO]  stderr:     ~~~~~~~~~^^
2025-11-07 16:27:42 | WARNING | logger.py:390 | [TO_DO]  stderr:   File "D:\Python\TO_DO_Kivy\.venv\Lib\site-packages\kivy\base.py", line 383, in idle
2025-11-07 16:27:42 | WARNING | logger.py:390 | [TO_DO]  stderr:     self.dispatch_input()
2025-11-07 16:27:42 | WARNING | logger.py:390 | [TO_DO]  stderr:     ~~~~~~~~~~~~~~~~~~~^^
2025-11-07 16:27:42 | WARNING | logger.py:390 | [TO_DO]  stderr:   File "D:\Python\TO_DO_Kivy\.venv\Lib\site-packages\kivy\base.py", line 334, in dispatch_input
2025-11-07 16:27:42 | WARNING | logger.py:390 | [TO_DO]  stderr:     post_dispatch_input(*pop(0))
2025-11-07 16:27:42 | WARNING | logger.py:390 | [TO_DO]  stderr:     ~~~~~~~~~~~~~~~~~~~^^^^^^^^^
2025-11-07 16:27:42 | WARNING | logger.py:390 | [TO_DO]  stderr:   File "D:\Python\TO_DO_Kivy\.venv\Lib\site-packages\kivy\base.py", line 302, in post_dispatch_input
2025-11-07 16:27:42 | WARNING | logger.py:390 | [TO_DO]  stderr:     wid.dispatch('on_touch_up', me)
2025-11-07 16:27:42 | WARNING | logger.py:390 | [TO_DO]  stderr:     ~~~~~~~~~~~~^^^^^^^^^^^^^^^^^^^
2025-11-07 16:27:42 | WARNING | logger.py:390 | [TO_DO]  stderr:   File "kivy\\_event.pyx", line 731, in kivy._event.EventDispatcher.dispatch
2025-11-07 16:27:42 | WARNING | logger.py:390 | [TO_DO]  stderr:   File "D:\Python\TO_DO_Kivy\.venv\Lib\site-packages\kivy\uix\behaviors\button.py", line 179, in on_touch_up
2025-11-07 16:27:42 | WARNING | logger.py:390 | [TO_DO]  stderr:     self.dispatch('on_release')
2025-11-07 16:27:42 | WARNING | logger.py:390 | [TO_DO]  stderr:     ~~~~~~~~~~~~~^^^^^^^^^^^^^^
2025-11-07 16:27:42 | WARNING | logger.py:390 | [TO_DO]  stderr:   File "kivy\\_event.pyx", line 727, in kivy._event.EventDispatcher.dispatch
2025-11-07 16:27:42 | WARNING | logger.py:390 | [TO_DO]  stderr:   File "kivy\\_event.pyx", line 1307, in kivy._event.EventObservers.dispatch
2025-11-07 16:27:42 | WARNING | logger.py:390 | [TO_DO]  stderr:   File "kivy\\_event.pyx", line 1191, in kivy._event.EventObservers._dispatch
2025-11-07 16:27:42 | WARNING | logger.py:390 | [TO_DO]  stderr:   File "D:\Python\TO_DO_Kivy\.venv\Lib\site-packages\kivy\lang\builder.py", line 60, in custom_callback
2025-11-07 16:27:42 | WARNING | logger.py:390 | [TO_DO]  stderr:     exec(__kvlang__.co_value, idmap)
2025-11-07 16:27:42 | WARNING | logger.py:390 | [TO_DO]  stderr:     ~~~~^^^^^^^^^^^^^^^^^^^^^^^^^^^^
2025-11-07 16:27:42 | WARNING | logger.py:390 | [TO_DO]  stderr:   File "D:\Python\TO_DO_Kivy\kv\components\dropdown.kv", line 18, in <module>
2025-11-07 16:27:42 | WARNING | logger.py:390 | [TO_DO]  stderr:     root.root_screen.change_lang("ru") if app.config.get_param("app", "language") == "en" else ""
2025-11-07 16:27:42 | WARNING | logger.py:390 | [TO_DO]  stderr:     ^^^^^^^^^^^^
2025-11-07 16:27:42 | WARNING | logger.py:390 | [TO_DO]  stderr: AttributeError: 'SettingsScreen' object has no attribute 'change_lang'. Did you mean: 'change_ddt'?
2025-11-07 16:29:06 | WARNING | config_logger.py:43 | [TO_DO]  Application started with mode: debug
2025-11-07 16:29:08 | DEBUG | main_menu.py:63 | [TO_DO]  Init MainMenu
2025-11-07 16:29:11 | DEBUG | setting.py:45 | [TO_DO]  load settings screen
2025-11-07 16:29:21 | DEBUG | main_menu.py:63 | [TO_DO]  Init MainMenu
2025-11-07 16:29:23 | INFO | base.py:616 | [TO_DO]  Base: Leaving application in progress...
2025-11-07 16:30:34 | WARNING | config_logger.py:43 | [TO_DO]  Application started with mode: debug
2025-11-07 16:30:37 | DEBUG | main_menu.py:63 | [TO_DO]  Init MainMenu
2025-11-07 16:30:39 | DEBUG | setting.py:44 | [TO_DO]  load settings screen
2025-11-07 16:30:42 | INFO | base.py:616 | [TO_DO]  Base: Leaving application in progress...
2025-11-07 16:38:04 | WARNING | config_logger.py:43 | [TO_DO]  Application started with mode: debug
2025-11-07 16:38:06 | DEBUG | main_menu.py:63 | [TO_DO]  Init MainMenu
2025-11-07 16:38:09 | DEBUG | setting.py:44 | [TO_DO]  load settings screen
2025-11-07 16:38:12 | DEBUG | setting.py:75 | [TO_DO]  Change Theme on - light
2025-11-07 16:38:15 | DEBUG | setting.py:75 | [TO_DO]  Change Theme on - dark
2025-11-07 16:38:18 | DEBUG | main_menu.py:63 | [TO_DO]  Init MainMenu
2025-11-07 16:38:24 | INFO | base.py:616 | [TO_DO]  Base: Leaving application in progress...
2025-11-07 16:49:55 | WARNING | config_logger.py:43 | [TO_DO]  Application started with mode: debug
2025-11-07 16:49:57 | DEBUG | main_menu.py:63 | [TO_DO]  Init MainMenu
2025-11-07 16:50:00 | DEBUG | setting.py:44 | [TO_DO]  load settings screen
2025-11-07 16:50:02 | DEBUG | setting.py:75 | [TO_DO]  Change Theme on - light
2025-11-07 16:50:06 | DEBUG | setting.py:61 | [TO_DO]  Change language on - ru
2025-11-07 16:50:13 | DEBUG | setting.py:75 | [TO_DO]  Change Theme on - light
2025-11-07 16:50:16 | DEBUG | setting.py:75 | [TO_DO]  Change Theme on - dark
2025-11-07 16:50:19 | DEBUG | setting.py:75 | [TO_DO]  Change Theme on - light
2025-11-07 16:50:23 | DEBUG | setting.py:61 | [TO_DO]  Change language on - en
2025-11-07 16:50:30 | DEBUG | setting.py:75 | [TO_DO]  Change Theme on - dark
2025-11-07 16:50:33 | DEBUG | setting.py:75 | [TO_DO]  Change Theme on - light
2025-11-07 16:50:36 | DEBUG | main_menu.py:63 | [TO_DO]  Init MainMenu
2025-11-07 16:50:39 | DEBUG | main_menu.py:102 | [TO_DO]  Open confirmation popup
2025-11-07 16:50:41 | INFO | base.py:616 | [TO_DO]  Base: Leaving application in progress...
2025-11-07 16:53:14 | WARNING | config_logger.py:43 | [TO_DO]  Application started with mode: debug
2025-11-07 16:53:16 | INFO | base.py:616 | [TO_DO]  Base: Leaving application in progress...
2025-11-07 16:53:16 | WARNING | logger.py:390 | [TO_DO]  stderr: Traceback (most recent call last):
2025-11-07 16:53:16 | WARNING | logger.py:390 | [TO_DO]  stderr:   File "D:\Python\TO_DO_Kivy\.venv\Lib\site-packages\kivy\lang\builder.py", line 245, in create_handler
2025-11-07 16:53:16 | WARNING | logger.py:390 | [TO_DO]  stderr:     return eval(value, idmap), bound_list
2025-11-07 16:53:16 | WARNING | logger.py:390 | [TO_DO]  stderr:            ~~~~^^^^^^^^^^^^^^
2025-11-07 16:53:16 | WARNING | logger.py:390 | [TO_DO]  stderr:   File "D:\Python\TO_DO_Kivy\kv\screens\settings.kv", line 43, in <module>
2025-11-07 16:53:16 | WARNING | logger.py:390 | [TO_DO]  stderr:     text: root.change_theme
2025-11-07 16:53:16 | WARNING | logger.py:390 | [TO_DO]  stderr:     ^^^^^
2025-11-07 16:53:16 | WARNING | logger.py:390 | [TO_DO]  stderr:   File "kivy\\weakproxy.pyx", line 32, in kivy.weakproxy.WeakProxy.__getattr__
2025-11-07 16:53:16 | WARNING | logger.py:390 | [TO_DO]  stderr: AttributeError: 'SettingsScreen' object has no attribute 'change_theme'
2025-11-07 16:53:16 | WARNING | logger.py:390 | [TO_DO]  stderr: 
2025-11-07 16:53:16 | WARNING | logger.py:390 | [TO_DO]  stderr: During handling of the above exception, another exception occurred:
2025-11-07 16:53:16 | WARNING | logger.py:390 | [TO_DO]  stderr: 
2025-11-07 16:53:16 | WARNING | logger.py:390 | [TO_DO]  stderr: Traceback (most recent call last):
2025-11-07 16:53:16 | WARNING | logger.py:390 | [TO_DO]  stderr:   File "D:\Python\TO_DO_Kivy\.venv\Lib\site-packages\kivy\lang\builder.py", line 699, in _apply_rule
2025-11-07 16:53:16 | WARNING | logger.py:390 | [TO_DO]  stderr:     value, bound = create_handler(
2025-11-07 16:53:16 | WARNING | logger.py:390 | [TO_DO]  stderr:                    ~~~~~~~~~~~~~~^
2025-11-07 16:53:16 | WARNING | logger.py:390 | [TO_DO]  stderr:         widget_set, widget_set, key, value, rule,
2025-11-07 16:53:16 | WARNING | logger.py:390 | [TO_DO]  stderr:         ^^^^^^^^^^^^^^^^^^^^^^^^^^^^^^^^^^^^^^^^^
2025-11-07 16:53:16 | WARNING | logger.py:390 | [TO_DO]  stderr:         rctx['ids'])
2025-11-07 16:53:16 | WARNING | logger.py:390 | [TO_DO]  stderr:         ^^^^^^^^^^^^
2025-11-07 16:53:16 | WARNING | logger.py:390 | [TO_DO]  stderr:   File "D:\Python\TO_DO_Kivy\.venv\Lib\site-packages\kivy\lang\builder.py", line 248, in create_handler
2025-11-07 16:53:16 | WARNING | logger.py:390 | [TO_DO]  stderr:     raise BuilderException(rule.ctx, rule.line,
2025-11-07 16:53:16 | WARNING | logger.py:390 | [TO_DO]  stderr:                            '{}: {}'.format(e.__class__.__name__, e),
2025-11-07 16:53:16 | WARNING | logger.py:390 | [TO_DO]  stderr:                            cause=tb)
2025-11-07 16:53:16 | WARNING | logger.py:390 | [TO_DO]  stderr: kivy.lang.builder.BuilderException: Parser: File "D:\Python\TO_DO_Kivy\kv\screens\settings.kv", line 43:
2025-11-07 16:53:16 | WARNING | logger.py:390 | [TO_DO]  stderr: ...
2025-11-07 16:53:16 | WARNING | logger.py:390 | [TO_DO]  stderr:      41:            size_hint_y: None
2025-11-07 16:53:16 | WARNING | logger.py:390 | [TO_DO]  stderr:      42:            height: root.height_base
2025-11-07 16:53:16 | WARNING | logger.py:390 | [TO_DO]  stderr: >>   43:            text: root.change_theme
2025-11-07 16:53:16 | WARNING | logger.py:390 | [TO_DO]  stderr:      44:            on_release:
2025-11-07 16:53:16 | WARNING | logger.py:390 | [TO_DO]  stderr:      45:                (hasattr(self, "dropdown_theme") or setattr(self, "dropdown_theme", Factory.DrDownTheme()))
2025-11-07 16:53:16 | WARNING | logger.py:390 | [TO_DO]  stderr: ...
2025-11-07 16:53:16 | WARNING | logger.py:390 | [TO_DO]  stderr: AttributeError: 'SettingsScreen' object has no attribute 'change_theme'
2025-11-07 16:53:16 | WARNING | logger.py:390 | [TO_DO]  stderr:   File "D:\Python\TO_DO_Kivy\.venv\Lib\site-packages\kivy\lang\builder.py", line 245, in create_handler
2025-11-07 16:53:16 | WARNING | logger.py:390 | [TO_DO]  stderr:     return eval(value, idmap), bound_list
2025-11-07 16:53:16 | WARNING | logger.py:390 | [TO_DO]  stderr:            ~~~~^^^^^^^^^^^^^^
2025-11-07 16:53:16 | WARNING | logger.py:390 | [TO_DO]  stderr:   File "D:\Python\TO_DO_Kivy\kv\screens\settings.kv", line 43, in <module>
2025-11-07 16:53:16 | WARNING | logger.py:390 | [TO_DO]  stderr:     text: root.change_theme
2025-11-07 16:53:16 | WARNING | logger.py:390 | [TO_DO]  stderr:     ^^^^^
2025-11-07 16:53:16 | WARNING | logger.py:390 | [TO_DO]  stderr:   File "kivy\\weakproxy.pyx", line 32, in kivy.weakproxy.WeakProxy.__getattr__
2025-11-07 16:53:16 | WARNING | logger.py:390 | [TO_DO]  stderr: 
2025-11-07 16:53:16 | WARNING | logger.py:390 | [TO_DO]  stderr: 
2025-11-07 16:53:16 | WARNING | logger.py:390 | [TO_DO]  stderr: During handling of the above exception, another exception occurred:
2025-11-07 16:53:16 | WARNING | logger.py:390 | [TO_DO]  stderr: 
2025-11-07 16:53:16 | WARNING | logger.py:390 | [TO_DO]  stderr: Traceback (most recent call last):
2025-11-07 16:53:16 | WARNING | logger.py:390 | [TO_DO]  stderr:   File "D:\Python\TO_DO_Kivy\main.py", line 69, in <module>
2025-11-07 16:53:16 | WARNING | logger.py:390 | [TO_DO]  stderr:     TO_DOApp().run()
2025-11-07 16:53:16 | WARNING | logger.py:390 | [TO_DO]  stderr:     ~~~~~~~~~~~~~~^^
2025-11-07 16:53:16 | WARNING | logger.py:390 | [TO_DO]  stderr:   File "D:\Python\TO_DO_Kivy\.venv\Lib\site-packages\kivy\app.py", line 956, in run
2025-11-07 16:53:16 | WARNING | logger.py:390 | [TO_DO]  stderr:     runTouchApp()
2025-11-07 16:53:16 | WARNING | logger.py:390 | [TO_DO]  stderr:     ~~~~~~~~~~~^^
2025-11-07 16:53:16 | WARNING | logger.py:390 | [TO_DO]  stderr:   File "D:\Python\TO_DO_Kivy\.venv\Lib\site-packages\kivy\base.py", line 574, in runTouchApp
2025-11-07 16:53:16 | WARNING | logger.py:390 | [TO_DO]  stderr:     EventLoop.mainloop()
2025-11-07 16:53:16 | WARNING | logger.py:390 | [TO_DO]  stderr:     ~~~~~~~~~~~~~~~~~~^^
2025-11-07 16:53:16 | WARNING | logger.py:390 | [TO_DO]  stderr:   File "D:\Python\TO_DO_Kivy\.venv\Lib\site-packages\kivy\base.py", line 339, in mainloop
2025-11-07 16:53:16 | WARNING | logger.py:390 | [TO_DO]  stderr:     self.idle()
2025-11-07 16:53:16 | WARNING | logger.py:390 | [TO_DO]  stderr:     ~~~~~~~~~^^
2025-11-07 16:53:16 | WARNING | logger.py:390 | [TO_DO]  stderr:   File "D:\Python\TO_DO_Kivy\.venv\Lib\site-packages\kivy\base.py", line 379, in idle
2025-11-07 16:53:16 | WARNING | logger.py:390 | [TO_DO]  stderr:     Clock.tick()
2025-11-07 16:53:16 | WARNING | logger.py:390 | [TO_DO]  stderr:     ~~~~~~~~~~^^
2025-11-07 16:53:16 | WARNING | logger.py:390 | [TO_DO]  stderr:   File "D:\Python\TO_DO_Kivy\.venv\Lib\site-packages\kivy\clock.py", line 733, in tick
2025-11-07 16:53:16 | WARNING | logger.py:390 | [TO_DO]  stderr:     self.post_idle(ts, self.idle())
2025-11-07 16:53:16 | WARNING | logger.py:390 | [TO_DO]  stderr:     ~~~~~~~~~~~~~~^^^^^^^^^^^^^^^^^
2025-11-07 16:53:16 | WARNING | logger.py:390 | [TO_DO]  stderr:   File "D:\Python\TO_DO_Kivy\.venv\Lib\site-packages\kivy\clock.py", line 776, in post_idle
2025-11-07 16:53:16 | WARNING | logger.py:390 | [TO_DO]  stderr:     self._process_events()
2025-11-07 16:53:16 | WARNING | logger.py:390 | [TO_DO]  stderr:     ~~~~~~~~~~~~~~~~~~~~^^
2025-11-07 16:53:16 | WARNING | logger.py:390 | [TO_DO]  stderr:   File "kivy\\_clock.pyx", line 620, in kivy._clock.CyClockBase._process_events
2025-11-07 16:53:16 | WARNING | logger.py:390 | [TO_DO]  stderr:   File "kivy\\_clock.pyx", line 653, in kivy._clock.CyClockBase._process_events
2025-11-07 16:53:16 | WARNING | logger.py:390 | [TO_DO]  stderr:   File "kivy\\_clock.pyx", line 649, in kivy._clock.CyClockBase._process_events
2025-11-07 16:53:16 | WARNING | logger.py:390 | [TO_DO]  stderr:   File "kivy\\_clock.pyx", line 218, in kivy._clock.ClockEvent.tick
2025-11-07 16:53:16 | WARNING | logger.py:390 | [TO_DO]  stderr:   File "D:\Python\TO_DO_Kivy\screens\splash.py", line 98, in <lambda>
2025-11-07 16:53:16 | WARNING | logger.py:390 | [TO_DO]  stderr:     Clock.schedule_once(lambda *_: self.app.load_screens(),0.8)
2025-11-07 16:53:16 | WARNING | logger.py:390 | [TO_DO]  stderr:                                    ~~~~~~~~~~~~~~~~~~~~~^^
2025-11-07 16:53:16 | WARNING | logger.py:390 | [TO_DO]  stderr:   File "D:\Python\TO_DO_Kivy\main.py", line 65, in load_screens
2025-11-07 16:53:16 | WARNING | logger.py:390 | [TO_DO]  stderr:     self.root.add_widget(self.settings())
2025-11-07 16:53:16 | WARNING | logger.py:390 | [TO_DO]  stderr:                          ~~~~~~~~~~~~~^^
2025-11-07 16:53:16 | WARNING | logger.py:390 | [TO_DO]  stderr:   File "D:\Python\TO_DO_Kivy\.venv\Lib\site-packages\kivy\uix\boxlayout.py", line 145, in __init__
2025-11-07 16:53:16 | WARNING | logger.py:390 | [TO_DO]  stderr:     super(BoxLayout, self).__init__(**kwargs)
2025-11-07 16:53:16 | WARNING | logger.py:390 | [TO_DO]  stderr:     ~~~~~~~~~~~~~~~~~~~~~~~~~~~~~~~^^^^^^^^^^
2025-11-07 16:53:16 | WARNING | logger.py:390 | [TO_DO]  stderr:   File "D:\Python\TO_DO_Kivy\.venv\Lib\site-packages\kivy\uix\relativelayout.py", line 274, in __init__
2025-11-07 16:53:16 | WARNING | logger.py:390 | [TO_DO]  stderr:     super(RelativeLayout, self).__init__(**kw)
2025-11-07 16:53:16 | WARNING | logger.py:390 | [TO_DO]  stderr:     ~~~~~~~~~~~~~~~~~~~~~~~~~~~~~~~~~~~~^^^^^^
2025-11-07 16:53:16 | WARNING | logger.py:390 | [TO_DO]  stderr:   File "D:\Python\TO_DO_Kivy\.venv\Lib\site-packages\kivy\uix\floatlayout.py", line 65, in __init__
2025-11-07 16:53:16 | WARNING | logger.py:390 | [TO_DO]  stderr:     super(FloatLayout, self).__init__(**kwargs)
2025-11-07 16:53:16 | WARNING | logger.py:390 | [TO_DO]  stderr:     ~~~~~~~~~~~~~~~~~~~~~~~~~~~~~~~~~^^^^^^^^^^
2025-11-07 16:53:16 | WARNING | logger.py:390 | [TO_DO]  stderr:   File "D:\Python\TO_DO_Kivy\.venv\Lib\site-packages\kivy\uix\layout.py", line 76, in __init__
2025-11-07 16:53:16 | WARNING | logger.py:390 | [TO_DO]  stderr:     super(Layout, self).__init__(**kwargs)
2025-11-07 16:53:16 | WARNING | logger.py:390 | [TO_DO]  stderr:     ~~~~~~~~~~~~~~~~~~~~~~~~~~~~^^^^^^^^^^
2025-11-07 16:53:16 | WARNING | logger.py:390 | [TO_DO]  stderr:   File "D:\Python\TO_DO_Kivy\.venv\Lib\site-packages\kivy\uix\widget.py", line 366, in __init__
2025-11-07 16:53:16 | WARNING | logger.py:390 | [TO_DO]  stderr:     self.apply_class_lang_rules(
2025-11-07 16:53:16 | WARNING | logger.py:390 | [TO_DO]  stderr:     ~~~~~~~~~~~~~~~~~~~~~~~~~~~^
2025-11-07 16:53:16 | WARNING | logger.py:390 | [TO_DO]  stderr:         ignored_consts=self._kwargs_applied_init,
2025-11-07 16:53:16 | WARNING | logger.py:390 | [TO_DO]  stderr:         ^^^^^^^^^^^^^^^^^^^^^^^^^^^^^^^^^^^^^^^^^
2025-11-07 16:53:16 | WARNING | logger.py:390 | [TO_DO]  stderr:         rule_children=rule_children)
2025-11-07 16:53:16 | WARNING | logger.py:390 | [TO_DO]  stderr:         ^^^^^^^^^^^^^^^^^^^^^^^^^^^^
2025-11-07 16:53:16 | WARNING | logger.py:390 | [TO_DO]  stderr:   File "D:\Python\TO_DO_Kivy\.venv\Lib\site-packages\kivy\uix\widget.py", line 470, in apply_class_lang_rules
2025-11-07 16:53:16 | WARNING | logger.py:390 | [TO_DO]  stderr:     Builder.apply(
2025-11-07 16:53:16 | WARNING | logger.py:390 | [TO_DO]  stderr:     ~~~~~~~~~~~~~^
2025-11-07 16:53:16 | WARNING | logger.py:390 | [TO_DO]  stderr:         self, ignored_consts=ignored_consts,
2025-11-07 16:53:16 | WARNING | logger.py:390 | [TO_DO]  stderr:         ^^^^^^^^^^^^^^^^^^^^^^^^^^^^^^^^^^^^
2025-11-07 16:53:16 | WARNING | logger.py:390 | [TO_DO]  stderr:         rule_children=rule_children)
2025-11-07 16:53:16 | WARNING | logger.py:390 | [TO_DO]  stderr:         ^^^^^^^^^^^^^^^^^^^^^^^^^^^^
2025-11-07 16:53:16 | WARNING | logger.py:390 | [TO_DO]  stderr:   File "D:\Python\TO_DO_Kivy\.venv\Lib\site-packages\kivy\lang\builder.py", line 545, in apply
2025-11-07 16:53:16 | WARNING | logger.py:390 | [TO_DO]  stderr:     self._apply_rule(
2025-11-07 16:53:16 | WARNING | logger.py:390 | [TO_DO]  stderr:     ~~~~~~~~~~~~~~~~^
2025-11-07 16:53:16 | WARNING | logger.py:390 | [TO_DO]  stderr:         widget, rule, rule, ignored_consts=ignored_consts,
2025-11-07 16:53:16 | WARNING | logger.py:390 | [TO_DO]  stderr:         ^^^^^^^^^^^^^^^^^^^^^^^^^^^^^^^^^^^^^^^^^^^^^^^^^^
2025-11-07 16:53:16 | WARNING | logger.py:390 | [TO_DO]  stderr:         rule_children=rule_children)
2025-11-07 16:53:16 | WARNING | logger.py:390 | [TO_DO]  stderr:         ^^^^^^^^^^^^^^^^^^^^^^^^^^^^
2025-11-07 16:53:16 | WARNING | logger.py:390 | [TO_DO]  stderr:   File "D:\Python\TO_DO_Kivy\.venv\Lib\site-packages\kivy\lang\builder.py", line 714, in _apply_rule
2025-11-07 16:53:16 | WARNING | logger.py:390 | [TO_DO]  stderr:     raise BuilderException(rule.ctx, rule.line,
2025-11-07 16:53:16 | WARNING | logger.py:390 | [TO_DO]  stderr:                            '{}: {}'.format(e.__class__.__name__,
2025-11-07 16:53:16 | WARNING | logger.py:390 | [TO_DO]  stderr:                                            e), cause=tb)
2025-11-07 16:53:16 | WARNING | logger.py:390 | [TO_DO]  stderr: kivy.lang.builder.BuilderException: Parser: File "D:\Python\TO_DO_Kivy\kv\screens\settings.kv", line 43:
2025-11-07 16:53:16 | WARNING | logger.py:390 | [TO_DO]  stderr: ...
2025-11-07 16:53:16 | WARNING | logger.py:390 | [TO_DO]  stderr:      41:            size_hint_y: None
2025-11-07 16:53:16 | WARNING | logger.py:390 | [TO_DO]  stderr:      42:            height: root.height_base
2025-11-07 16:53:16 | WARNING | logger.py:390 | [TO_DO]  stderr: >>   43:            text: root.change_theme
2025-11-07 16:53:16 | WARNING | logger.py:390 | [TO_DO]  stderr:      44:            on_release:
2025-11-07 16:53:16 | WARNING | logger.py:390 | [TO_DO]  stderr:      45:                (hasattr(self, "dropdown_theme") or setattr(self, "dropdown_theme", Factory.DrDownTheme()))
2025-11-07 16:53:16 | WARNING | logger.py:390 | [TO_DO]  stderr: ...
2025-11-07 16:53:16 | WARNING | logger.py:390 | [TO_DO]  stderr: BuilderException: Parser: File "D:\Python\TO_DO_Kivy\kv\screens\settings.kv", line 43:
2025-11-07 16:53:16 | WARNING | logger.py:390 | [TO_DO]  stderr: ...
2025-11-07 16:53:16 | WARNING | logger.py:390 | [TO_DO]  stderr:      41:            size_hint_y: None
2025-11-07 16:53:16 | WARNING | logger.py:390 | [TO_DO]  stderr:      42:            height: root.height_base
2025-11-07 16:53:16 | WARNING | logger.py:390 | [TO_DO]  stderr: >>   43:            text: root.change_theme
2025-11-07 16:53:16 | WARNING | logger.py:390 | [TO_DO]  stderr:      44:            on_release:
2025-11-07 16:53:16 | WARNING | logger.py:390 | [TO_DO]  stderr:      45:                (hasattr(self, "dropdown_theme") or setattr(self, "dropdown_theme", Factory.DrDownTheme()))
2025-11-07 16:53:16 | WARNING | logger.py:390 | [TO_DO]  stderr: ...
2025-11-07 16:53:16 | WARNING | logger.py:390 | [TO_DO]  stderr: AttributeError: 'SettingsScreen' object has no attribute 'change_theme'
2025-11-07 16:53:16 | WARNING | logger.py:390 | [TO_DO]  stderr:   File "D:\Python\TO_DO_Kivy\.venv\Lib\site-packages\kivy\lang\builder.py", line 245, in create_handler
2025-11-07 16:53:16 | WARNING | logger.py:390 | [TO_DO]  stderr:     return eval(value, idmap), bound_list
2025-11-07 16:53:16 | WARNING | logger.py:390 | [TO_DO]  stderr:            ~~~~^^^^^^^^^^^^^^
2025-11-07 16:53:16 | WARNING | logger.py:390 | [TO_DO]  stderr:   File "D:\Python\TO_DO_Kivy\kv\screens\settings.kv", line 43, in <module>
2025-11-07 16:53:16 | WARNING | logger.py:390 | [TO_DO]  stderr:     text: root.change_theme
2025-11-07 16:53:16 | WARNING | logger.py:390 | [TO_DO]  stderr:     ^^^^^
2025-11-07 16:53:16 | WARNING | logger.py:390 | [TO_DO]  stderr:   File "kivy\\weakproxy.pyx", line 32, in kivy.weakproxy.WeakProxy.__getattr__
2025-11-07 16:53:16 | WARNING | logger.py:390 | [TO_DO]  stderr: 
2025-11-07 16:53:16 | WARNING | logger.py:390 | [TO_DO]  stderr:   File "D:\Python\TO_DO_Kivy\.venv\Lib\site-packages\kivy\lang\builder.py", line 699, in _apply_rule
2025-11-07 16:53:16 | WARNING | logger.py:390 | [TO_DO]  stderr:     value, bound = create_handler(
2025-11-07 16:53:16 | WARNING | logger.py:390 | [TO_DO]  stderr:                    ~~~~~~~~~~~~~~^
2025-11-07 16:53:16 | WARNING | logger.py:390 | [TO_DO]  stderr:         widget_set, widget_set, key, value, rule,
2025-11-07 16:53:16 | WARNING | logger.py:390 | [TO_DO]  stderr:         ^^^^^^^^^^^^^^^^^^^^^^^^^^^^^^^^^^^^^^^^^
2025-11-07 16:53:16 | WARNING | logger.py:390 | [TO_DO]  stderr:         rctx['ids'])
2025-11-07 16:53:16 | WARNING | logger.py:390 | [TO_DO]  stderr:         ^^^^^^^^^^^^
2025-11-07 16:53:16 | WARNING | logger.py:390 | [TO_DO]  stderr:   File "D:\Python\TO_DO_Kivy\.venv\Lib\site-packages\kivy\lang\builder.py", line 248, in create_handler
2025-11-07 16:53:16 | WARNING | logger.py:390 | [TO_DO]  stderr:     raise BuilderException(rule.ctx, rule.line,
2025-11-07 16:53:16 | WARNING | logger.py:390 | [TO_DO]  stderr:                            '{}: {}'.format(e.__class__.__name__, e),
2025-11-07 16:53:16 | WARNING | logger.py:390 | [TO_DO]  stderr:                            cause=tb)
2025-11-07 16:53:16 | WARNING | logger.py:390 | [TO_DO]  stderr: 
2025-11-07 16:54:28 | WARNING | config_logger.py:43 | [TO_DO]  Application started with mode: debug
2025-11-07 16:54:30 | DEBUG | main_menu.py:63 | [TO_DO]  Init MainMenu
2025-11-07 16:54:32 | DEBUG | setting.py:45 | [TO_DO]  load settings screen
2025-11-07 16:54:36 | DEBUG | setting.py:62 | [TO_DO]  Change language on - ru
2025-11-07 16:54:39 | DEBUG | setting.py:62 | [TO_DO]  Change language on - en
2025-11-07 16:54:42 | DEBUG | setting.py:76 | [TO_DO]  Change Theme on - dark
2025-11-07 16:54:46 | DEBUG | setting.py:62 | [TO_DO]  Change language on - ru
2025-11-07 16:54:49 | INFO | base.py:616 | [TO_DO]  Base: Leaving application in progress...
2025-11-07 16:56:38 | WARNING | config_logger.py:43 | [TO_DO]  Application started with mode: debug
2025-11-07 16:56:40 | DEBUG | main_menu.py:63 | [TO_DO]  Init MainMenu
2025-11-07 16:56:42 | DEBUG | setting.py:48 | [TO_DO]  load settings screen
2025-11-07 16:56:45 | DEBUG | setting.py:79 | [TO_DO]  Change Theme on - light
2025-11-07 16:56:48 | DEBUG | setting.py:79 | [TO_DO]  Change Theme on - dark
2025-11-07 16:56:50 | INFO | base.py:616 | [TO_DO]  Base: Leaving application in progress...
